origin,source_file,source_sha256,dataset_id,run_id,commit,split,stage,row_type,query_id,question,document_family,expected_empty,n_questions,n_answerable,n_unanswerable,mrr,recall_at_5,recall_at_10,hit_rate_at_5,hit_rate_at_10,first_relevant_rank,returned,passed,maximum_score,failure
fresh,validation_evidence/fresh_development.json,e2c76b3e1c872f5a201a7c7d73b04d8ac9674eba9e6854a8838b81f0cb187fe4,racevault-corpus-v2,1573dbc0-9cad-49b2-aec1-e96ca93ced41,5e669e763b92db944ac86ad22907fb7b0ecfb619,development,lexical,question,reg_joker_tyre_definition,What is a Joker Tyre?,pcc-australia-regulations,False,1,1,0,0.5,1.0,1.0,1,1,2,50,True,43.075394,
fresh,validation_evidence/fresh_development.json,e2c76b3e1c872f5a201a7c7d73b04d8ac9674eba9e6854a8838b81f0cb187fe4,racevault-corpus-v2,1573dbc0-9cad-49b2-aec1-e96ca93ced41,5e669e763b92db944ac86ad22907fb7b0ecfb619,development,lexical,question,reg_control_component_requirement,Are control components mandatory?,pcc-australia-regulations,False,1,1,0,0.5,1.0,1.0,1,1,2,14,True,23.07838,
fresh,validation_evidence/fresh_development.json,e2c76b3e1c872f5a201a7c7d73b04d8ac9674eba9e6854a8838b81f0cb187fe4,racevault-corpus-v2,1573dbc0-9cad-49b2-aec1-e96ca93ced41,5e669e763b92db944ac86ad22907fb7b0ecfb619,development,lexical,question,reg_slick_tyre_definition,Which regulation defines a slick tyre?,pcc-australia-regulations,False,1,1,0,1.0,1.0,1.0,1,1,1,39,True,55.98569,
fresh,validation_evidence/fresh_development.json,e2c76b3e1c872f5a201a7c7d73b04d8ac9674eba9e6854a8838b81f0cb187fe4,racevault-corpus-v2,1573dbc0-9cad-49b2-aec1-e96ca93ced41,5e669e763b92db944ac86ad22907fb7b0ecfb619,development,lexical,question,reg_round_alteration_precedence,What takes precedence when the regulations are altered for a specific round?,pcc-australia-regulations,False,1,1,0,1.0,1.0,1.0,1,1,1,50,True,81.17447,
fresh,validation_evidence/fresh_development.json,e2c76b3e1c872f5a201a7c7d73b04d8ac9674eba9e6854a8838b81f0cb187fe4,racevault-corpus-v2,1573dbc0-9cad-49b2-aec1-e96ca93ced41,5e669e763b92db944ac86ad22907fb7b0ecfb619,development,lexical,question,reg_driver_minimum_age,What is the minimum driver age?,pcc-australia-regulations,False,1,1,0,1.0,1.0,1.0,1,1,1,50,True,33.61911,
fresh,validation_evidence/fresh_development.json,e2c76b3e1c872f5a201a7c7d73b04d8ac9674eba9e6854a8838b81f0cb187fe4,racevault-corpus-v2,1573dbc0-9cad-49b2-aec1-e96ca93ced41,5e669e763b92db944ac86ad22907fb7b0ecfb619,development,lexical,question,reg_2026_calendar,Which circuits are on the 2026 championship calendar?,pcc-australia-regulations,False,1,1,0,0.2,1.0,1.0,1,1,5,50,True,49.293983,
fresh,validation_evidence/fresh_development.json,e2c76b3e1c872f5a201a7c7d73b04d8ac9674eba9e6854a8838b81f0cb187fe4,racevault-corpus-v2,1573dbc0-9cad-49b2-aec1-e96ca93ced41,5e669e763b92db944ac86ad22907fb7b0ecfb619,development,lexical,question,failure_wrong_regulation_revision,What is a Joker Tyre?,unassigned,True,1,0,1,,,,,,,0,True,,
fresh,validation_evidence/fresh_development.json,e2c76b3e1c872f5a201a7c7d73b04d8ac9674eba9e6854a8838b81f0cb187fe4,racevault-corpus-v2,1573dbc0-9cad-49b2-aec1-e96ca93ced41,5e669e763b92db944ac86ad22907fb7b0ecfb619,development,lexical,question,aus_current_minimum_weight,What is the minimum weight of the car in Carrera Cup Australia?,pcc-australia-regulations,False,1,1,0,0.08333333333333333,0.0,0.0,0,0,12,50,True,59.265537,miss_at_5;miss_at_10;incomplete_label_recall_at_5;incomplete_label_recall_at_10
fresh,validation_evidence/fresh_development.json,e2c76b3e1c872f5a201a7c7d73b04d8ac9674eba9e6854a8838b81f0cb187fe4,racevault-corpus-v2,1573dbc0-9cad-49b2-aec1-e96ca93ced41,5e669e763b92db944ac86ad22907fb7b0ecfb619,development,lexical,question,aus_current_racing_weight,What minimum racing weight must a Carrera Cup Australia car achieve?,pcc-australia-regulations,False,1,1,0,1.0,1.0,1.0,1,1,1,50,True,92.16321,
fresh,validation_evidence/fresh_development.json,e2c76b3e1c872f5a201a7c7d73b04d8ac9674eba9e6854a8838b81f0cb187fe4,racevault-corpus-v2,1573dbc0-9cad-49b2-aec1-e96ca93ced41,5e669e763b92db944ac86ad22907fb7b0ecfb619,development,lexical,question,aus_2025_minimum_weight,What was the minimum car weight in the 2025 Carrera Cup Australia regulations?,pcc-australia-regulations,False,1,1,0,0.0625,0.0,0.0,0,0,16,50,True,84.221924,miss_at_5;miss_at_10;incomplete_label_recall_at_5;incomplete_label_recall_at_10
fresh,validation_evidence/fresh_development.json,e2c76b3e1c872f5a201a7c7d73b04d8ac9674eba9e6854a8838b81f0cb187fe4,racevault-corpus-v2,1573dbc0-9cad-49b2-aec1-e96ca93ced41,5e669e763b92db944ac86ad22907fb7b0ecfb619,development,lexical,question,aus_driver_minimum_weight,"How much must a driver weigh in Carrera Cup Australia, and what happens if they weigh less?",pcc-australia-regulations,False,1,1,0,1.0,1.0,1.0,1,1,1,50,True,96.66572,
fresh,validation_evidence/fresh_development.json,e2c76b3e1c872f5a201a7c7d73b04d8ac9674eba9e6854a8838b81f0cb187fe4,racevault-corpus-v2,1573dbc0-9cad-49b2-aec1-e96ca93ced41,5e669e763b92db944ac86ad22907fb7b0ecfb619,development,lexical,question,aus_fuel_remaining,How much fuel must remain in the car during a track session?,pcc-australia-regulations,False,1,1,0,1.0,1.0,1.0,1,1,1,50,True,55.763153,
fresh,validation_evidence/fresh_development.json,e2c76b3e1c872f5a201a7c7d73b04d8ac9674eba9e6854a8838b81f0cb187fe4,racevault-corpus-v2,1573dbc0-9cad-49b2-aec1-e96ca93ced41,5e669e763b92db944ac86ad22907fb7b0ecfb619,development,lexical,question,aus_driver_age,How old must a driver be to compete in Carrera Cup Australia?,pcc-australia-regulations,False,1,1,0,0.3333333333333333,1.0,1.0,1,1,3,50,True,78.05699,
fresh,validation_evidence/fresh_development.json,e2c76b3e1c872f5a201a7c7d73b04d8ac9674eba9e6854a8838b81f0cb187fe4,racevault-corpus-v2,1573dbc0-9cad-49b2-aec1-e96ca93ced41,5e669e763b92db944ac86ad22907fb7b0ecfb619,development,lexical,question,aus_joker_tyre_allocation,How many Joker Tyres may a driver use per round and per season?,pcc-australia-regulations,False,1,1,0,1.0,1.0,1.0,1,1,1,50,True,98.15705,
fresh,validation_evidence/fresh_development.json,e2c76b3e1c872f5a201a7c7d73b04d8ac9674eba9e6854a8838b81f0cb187fe4,racevault-corpus-v2,1573dbc0-9cad-49b2-aec1-e96ca93ced41,5e669e763b92db944ac86ad22907fb7b0ecfb619,development,lexical,question,abs_map_switch_torque,What tightening torque applies to the ABS map switch?,abs-m5,False,1,1,0,0.5,1.0,1.0,1,1,2,50,True,97.40718,
fresh,validation_evidence/fresh_development.json,e2c76b3e1c872f5a201a7c7d73b04d8ac9674eba9e6854a8838b81f0cb187fe4,racevault-corpus-v2,1573dbc0-9cad-49b2-aec1-e96ca93ced41,5e669e763b92db944ac86ad22907fb7b0ecfb619,development,lexical,question,abs_brake_line_diameter,What brake line should be used to plumb the ABS M5 unit?,abs-m5,False,1,1,0,0.25,1.0,1.0,1,1,4,50,True,119.96059,
fresh,validation_evidence/fresh_development.json,e2c76b3e1c872f5a201a7c7d73b04d8ac9674eba9e6854a8838b81f0cb187fe4,racevault-corpus-v2,1573dbc0-9cad-49b2-aec1-e96ca93ced41,5e669e763b92db944ac86ad22907fb7b0ecfb619,development,lexical,question,abs_reset_after_drive_cycle_fault,How is the ABS reset after a drive cycle fault?,abs-m5,False,1,1,0,1.0,1.0,1.0,1,1,1,50,True,103.557495,
fresh,validation_evidence/fresh_development.json,e2c76b3e1c872f5a201a7c7d73b04d8ac9674eba9e6854a8838b81f0cb187fe4,racevault-corpus-v2,1573dbc0-9cad-49b2-aec1-e96ca93ced41,5e669e763b92db944ac86ad22907fb7b0ecfb619,development,lexical,question,abs_map_switch_positions,How many positions does the ABS function switch have?,abs-m5,False,1,1,0,0.05,0.0,0.0,0,0,20,50,True,105.020386,miss_at_5;miss_at_10;incomplete_label_recall_at_5;incomplete_label_recall_at_10
fresh,validation_evidence/fresh_development.json,e2c76b3e1c872f5a201a7c7d73b04d8ac9674eba9e6854a8838b81f0cb187fe4,racevault-corpus-v2,1573dbc0-9cad-49b2-aec1-e96ca93ced41,5e669e763b92db944ac86ad22907fb7b0ecfb619,development,lexical,question,abs_hydraulic_unit_weight,How much does the ABS M5 hydraulic unit weigh?,abs-m5,False,1,1,0,0.03125,0.0,0.0,0,0,32,50,True,112.093994,miss_at_5;miss_at_10;incomplete_label_recall_at_5;incomplete_label_recall_at_10
fresh,validation_evidence/fresh_development.json,e2c76b3e1c872f5a201a7c7d73b04d8ac9674eba9e6854a8838b81f0cb187fe4,racevault-corpus-v2,1573dbc0-9cad-49b2-aec1-e96ca93ced41,5e669e763b92db944ac86ad22907fb7b0ecfb619,development,lexical,question,software_update_order,"In what order must the PowerBox, logger and display be updated?",cup-software-updates,False,1,1,0,1.0,1.0,1.0,1,1,1,50,True,91.44964,
fresh,validation_evidence/fresh_development.json,e2c76b3e1c872f5a201a7c7d73b04d8ac9674eba9e6854a8838b81f0cb187fe4,racevault-corpus-v2,1573dbc0-9cad-49b2-aec1-e96ca93ced41,5e669e763b92db944ac86ad22907fb7b0ecfb619,development,lexical,question,ecu_temperature_range,What temperature range is the MS 6 harness connector rated for?,ms6-ecu,False,1,1,0,1.0,1.0,1.0,1,1,1,50,True,113.72061,
fresh,validation_evidence/fresh_development.json,e2c76b3e1c872f5a201a7c7d73b04d8ac9674eba9e6854a8838b81f0cb187fe4,racevault-corpus-v2,1573dbc0-9cad-49b2-aec1-e96ca93ced41,5e669e763b92db944ac86ad22907fb7b0ecfb619,development,lexical,question,ecu_flywheel_sensor_type,Can the MS 6 use an inductive sensor for flywheel measurement?,ms6-ecu,False,1,1,0,1.0,1.0,1.0,1,1,1,50,True,141.49889,
fresh,validation_evidence/fresh_development.json,e2c76b3e1c872f5a201a7c7d73b04d8ac9674eba9e6854a8838b81f0cb187fe4,racevault-corpus-v2,1573dbc0-9cad-49b2-aec1-e96ca93ced41,5e669e763b92db944ac86ad22907fb7b0ecfb619,development,lexical,question,part_front_left_caliper,What is the part number for the front left brake caliper on the 992 GT3 Cup?,part-catalogue-992,False,1,1,0,1.0,1.0,1.0,1,1,1,50,True,89.88104,
fresh,validation_evidence/fresh_development.json,e2c76b3e1c872f5a201a7c7d73b04d8ac9674eba9e6854a8838b81f0cb187fe4,racevault-corpus-v2,1573dbc0-9cad-49b2-aec1-e96ca93ced41,5e669e763b92db944ac86ad22907fb7b0ecfb619,development,lexical,question,neg_drs_activation,Where are the DRS activation zones?,unassigned,True,1,0,1,,,,,,,50,False,27.74078,candidates_for_unanswerable_not_an_abstention_failure
fresh,validation_evidence/fresh_development.json,e2c76b3e1c872f5a201a7c7d73b04d8ac9674eba9e6854a8838b81f0cb187fe4,racevault-corpus-v2,1573dbc0-9cad-49b2-aec1-e96ca93ced41,5e669e763b92db944ac86ad22907fb7b0ecfb619,development,lexical,question,neg_energy_recovery,How is the energy recovery system deployed on a qualifying lap?,unassigned,True,1,0,1,,,,,,,50,False,52.780598,candidates_for_unanswerable_not_an_abstention_failure
fresh,validation_evidence/fresh_development.json,e2c76b3e1c872f5a201a7c7d73b04d8ac9674eba9e6854a8838b81f0cb187fe4,racevault-corpus-v2,1573dbc0-9cad-49b2-aec1-e96ca93ced41,5e669e763b92db944ac86ad22907fb7b0ecfb619,development,lexical,question,neg_push_to_pass,How many push to pass activations does each driver get?,unassigned,True,1,0,1,,,,,,,50,False,43.715797,candidates_for_unanswerable_not_an_abstention_failure
fresh,validation_evidence/fresh_development.json,e2c76b3e1c872f5a201a7c7d73b04d8ac9674eba9e6854a8838b81f0cb187fe4,racevault-corpus-v2,1573dbc0-9cad-49b2-aec1-e96ca93ced41,5e669e763b92db944ac86ad22907fb7b0ecfb619,development,lexical,question,neg_success_ballast,How much success ballast is added after a race win?,unassigned,True,1,0,1,,,,,,,50,False,44.318314,candidates_for_unanswerable_not_an_abstention_failure
fresh,validation_evidence/fresh_development.json,e2c76b3e1c872f5a201a7c7d73b04d8ac9674eba9e6854a8838b81f0cb187fe4,racevault-corpus-v2,1573dbc0-9cad-49b2-aec1-e96ca93ced41,5e669e763b92db944ac86ad22907fb7b0ecfb619,development,lexical,aggregate,,,ALL,,27,22,5,0.6595643939393939,0.8181818181818182,0.8181818181818182,0.8181818181818182,0.8181818181818182,,,,,
fresh,validation_evidence/fresh_development.json,e2c76b3e1c872f5a201a7c7d73b04d8ac9674eba9e6854a8838b81f0cb187fe4,racevault-corpus-v2,1573dbc0-9cad-49b2-aec1-e96ca93ced41,5e669e763b92db944ac86ad22907fb7b0ecfb619,development,lexical,family,,,abs-m5,,5,5,0,0.36625,0.6,0.6,0.6,0.6,,,,,
fresh,validation_evidence/fresh_development.json,e2c76b3e1c872f5a201a7c7d73b04d8ac9674eba9e6854a8838b81f0cb187fe4,racevault-corpus-v2,1573dbc0-9cad-49b2-aec1-e96ca93ced41,5e669e763b92db944ac86ad22907fb7b0ecfb619,development,lexical,family,,,cup-software-updates,,1,1,0,1.0,1.0,1.0,1.0,1.0,,,,,
fresh,validation_evidence/fresh_development.json,e2c76b3e1c872f5a201a7c7d73b04d8ac9674eba9e6854a8838b81f0cb187fe4,racevault-corpus-v2,1573dbc0-9cad-49b2-aec1-e96ca93ced41,5e669e763b92db944ac86ad22907fb7b0ecfb619,development,lexical,family,,,ms6-ecu,,2,2,0,1.0,1.0,1.0,1.0,1.0,,,,,
fresh,validation_evidence/fresh_development.json,e2c76b3e1c872f5a201a7c7d73b04d8ac9674eba9e6854a8838b81f0cb187fe4,racevault-corpus-v2,1573dbc0-9cad-49b2-aec1-e96ca93ced41,5e669e763b92db944ac86ad22907fb7b0ecfb619,development,lexical,family,,,part-catalogue-992,,1,1,0,1.0,1.0,1.0,1.0,1.0,,,,,
fresh,validation_evidence/fresh_development.json,e2c76b3e1c872f5a201a7c7d73b04d8ac9674eba9e6854a8838b81f0cb187fe4,racevault-corpus-v2,1573dbc0-9cad-49b2-aec1-e96ca93ced41,5e669e763b92db944ac86ad22907fb7b0ecfb619,development,lexical,family,,,pcc-australia-regulations,,13,13,0,0.6676282051282052,0.8461538461538461,0.8461538461538461,0.8461538461538461,0.8461538461538461,,,,,
fresh,validation_evidence/fresh_development.json,e2c76b3e1c872f5a201a7c7d73b04d8ac9674eba9e6854a8838b81f0cb187fe4,racevault-corpus-v2,1573dbc0-9cad-49b2-aec1-e96ca93ced41,5e669e763b92db944ac86ad22907fb7b0ecfb619,development,lexical,family,,,unassigned,,5,0,5,,,,,,,,,,
fresh,validation_evidence/fresh_development.json,e2c76b3e1c872f5a201a7c7d73b04d8ac9674eba9e6854a8838b81f0cb187fe4,racevault-corpus-v2,1573dbc0-9cad-49b2-aec1-e96ca93ced41,5e669e763b92db944ac86ad22907fb7b0ecfb619,development,semantic,question,reg_joker_tyre_definition,What is a Joker Tyre?,pcc-australia-regulations,False,1,1,0,0.125,0.0,1.0,0,1,8,50,True,0.6272660136461842,miss_at_5;incomplete_label_recall_at_5
fresh,validation_evidence/fresh_development.json,e2c76b3e1c872f5a201a7c7d73b04d8ac9674eba9e6854a8838b81f0cb187fe4,racevault-corpus-v2,1573dbc0-9cad-49b2-aec1-e96ca93ced41,5e669e763b92db944ac86ad22907fb7b0ecfb619,development,semantic,question,reg_control_component_requirement,Are control components mandatory?,pcc-australia-regulations,False,1,1,0,0.5,1.0,1.0,1,1,2,50,True,0.5600353646021548,
fresh,validation_evidence/fresh_development.json,e2c76b3e1c872f5a201a7c7d73b04d8ac9674eba9e6854a8838b81f0cb187fe4,racevault-corpus-v2,1573dbc0-9cad-49b2-aec1-e96ca93ced41,5e669e763b92db944ac86ad22907fb7b0ecfb619,development,semantic,question,reg_slick_tyre_definition,Which regulation defines a slick tyre?,pcc-australia-regulations,False,1,1,0,1.0,1.0,1.0,1,1,1,50,True,0.6339391656561761,
fresh,validation_evidence/fresh_development.json,e2c76b3e1c872f5a201a7c7d73b04d8ac9674eba9e6854a8838b81f0cb187fe4,racevault-corpus-v2,1573dbc0-9cad-49b2-aec1-e96ca93ced41,5e669e763b92db944ac86ad22907fb7b0ecfb619,development,semantic,question,reg_round_alteration_precedence,What takes precedence when the regulations are altered for a specific round?,pcc-australia-regulations,False,1,1,0,0.14285714285714285,0.0,1.0,0,1,7,50,True,0.6181314143811598,miss_at_5;incomplete_label_recall_at_5
fresh,validation_evidence/fresh_development.json,e2c76b3e1c872f5a201a7c7d73b04d8ac9674eba9e6854a8838b81f0cb187fe4,racevault-corpus-v2,1573dbc0-9cad-49b2-aec1-e96ca93ced41,5e669e763b92db944ac86ad22907fb7b0ecfb619,development,semantic,question,reg_driver_minimum_age,What is the minimum driver age?,pcc-australia-regulations,False,1,1,0,1.0,1.0,1.0,1,1,1,50,True,0.6439601878730105,
fresh,validation_evidence/fresh_development.json,e2c76b3e1c872f5a201a7c7d73b04d8ac9674eba9e6854a8838b81f0cb187fe4,racevault-corpus-v2,1573dbc0-9cad-49b2-aec1-e96ca93ced41,5e669e763b92db944ac86ad22907fb7b0ecfb619,development,semantic,question,reg_2026_calendar,Which circuits are on the 2026 championship calendar?,pcc-australia-regulations,False,1,1,0,0.5,1.0,1.0,1,1,2,50,True,0.573980381389353,
fresh,validation_evidence/fresh_development.json,e2c76b3e1c872f5a201a7c7d73b04d8ac9674eba9e6854a8838b81f0cb187fe4,racevault-corpus-v2,1573dbc0-9cad-49b2-aec1-e96ca93ced41,5e669e763b92db944ac86ad22907fb7b0ecfb619,development,semantic,question,failure_wrong_regulation_revision,What is a Joker Tyre?,unassigned,True,1,0,1,,,,,,,0,True,,
fresh,validation_evidence/fresh_development.json,e2c76b3e1c872f5a201a7c7d73b04d8ac9674eba9e6854a8838b81f0cb187fe4,racevault-corpus-v2,1573dbc0-9cad-49b2-aec1-e96ca93ced41,5e669e763b92db944ac86ad22907fb7b0ecfb619,development,semantic,question,aus_current_minimum_weight,What is the minimum weight of the car in Carrera Cup Australia?,pcc-australia-regulations,False,1,1,0,0.3333333333333333,1.0,1.0,1,1,3,50,True,0.6030187822374165,
fresh,validation_evidence/fresh_development.json,e2c76b3e1c872f5a201a7c7d73b04d8ac9674eba9e6854a8838b81f0cb187fe4,racevault-corpus-v2,1573dbc0-9cad-49b2-aec1-e96ca93ced41,5e669e763b92db944ac86ad22907fb7b0ecfb619,development,semantic,question,aus_current_racing_weight,What minimum racing weight must a Carrera Cup Australia car achieve?,pcc-australia-regulations,False,1,1,0,1.0,1.0,1.0,1,1,1,50,True,0.6197113727283616,
fresh,validation_evidence/fresh_development.json,e2c76b3e1c872f5a201a7c7d73b04d8ac9674eba9e6854a8838b81f0cb187fe4,racevault-corpus-v2,1573dbc0-9cad-49b2-aec1-e96ca93ced41,5e669e763b92db944ac86ad22907fb7b0ecfb619,development,semantic,question,aus_2025_minimum_weight,What was the minimum car weight in the 2025 Carrera Cup Australia regulations?,pcc-australia-regulations,False,1,1,0,0.2,1.0,1.0,1,1,5,50,True,0.6586441452156161,
fresh,validation_evidence/fresh_development.json,e2c76b3e1c872f5a201a7c7d73b04d8ac9674eba9e6854a8838b81f0cb187fe4,racevault-corpus-v2,1573dbc0-9cad-49b2-aec1-e96ca93ced41,5e669e763b92db944ac86ad22907fb7b0ecfb619,development,semantic,question,aus_driver_minimum_weight,"How much must a driver weigh in Carrera Cup Australia, and what happens if they weigh less?",pcc-australia-regulations,False,1,1,0,1.0,1.0,1.0,1,1,1,50,True,0.663616056120634,
fresh,validation_evidence/fresh_development.json,e2c76b3e1c872f5a201a7c7d73b04d8ac9674eba9e6854a8838b81f0cb187fe4,racevault-corpus-v2,1573dbc0-9cad-49b2-aec1-e96ca93ced41,5e669e763b92db944ac86ad22907fb7b0ecfb619,development,semantic,question,aus_fuel_remaining,How much fuel must remain in the car during a track session?,pcc-australia-regulations,False,1,1,0,1.0,1.0,1.0,1,1,1,50,True,0.7565117652694482,
fresh,validation_evidence/fresh_development.json,e2c76b3e1c872f5a201a7c7d73b04d8ac9674eba9e6854a8838b81f0cb187fe4,racevault-corpus-v2,1573dbc0-9cad-49b2-aec1-e96ca93ced41,5e669e763b92db944ac86ad22907fb7b0ecfb619,development,semantic,question,aus_driver_age,How old must a driver be to compete in Carrera Cup Australia?,pcc-australia-regulations,False,1,1,0,1.0,1.0,1.0,1,1,1,50,True,0.6933279556861017,
fresh,validation_evidence/fresh_development.json,e2c76b3e1c872f5a201a7c7d73b04d8ac9674eba9e6854a8838b81f0cb187fe4,racevault-corpus-v2,1573dbc0-9cad-49b2-aec1-e96ca93ced41,5e669e763b92db944ac86ad22907fb7b0ecfb619,development,semantic,question,aus_joker_tyre_allocation,How many Joker Tyres may a driver use per round and per season?,pcc-australia-regulations,False,1,1,0,1.0,1.0,1.0,1,1,1,50,True,0.7897079678954916,
fresh,validation_evidence/fresh_development.json,e2c76b3e1c872f5a201a7c7d73b04d8ac9674eba9e6854a8838b81f0cb187fe4,racevault-corpus-v2,1573dbc0-9cad-49b2-aec1-e96ca93ced41,5e669e763b92db944ac86ad22907fb7b0ecfb619,development,semantic,question,abs_map_switch_torque,What tightening torque applies to the ABS map switch?,abs-m5,False,1,1,0,1.0,1.0,1.0,1,1,1,50,True,0.6683785909984798,
fresh,validation_evidence/fresh_development.json,e2c76b3e1c872f5a201a7c7d73b04d8ac9674eba9e6854a8838b81f0cb187fe4,racevault-corpus-v2,1573dbc0-9cad-49b2-aec1-e96ca93ced41,5e669e763b92db944ac86ad22907fb7b0ecfb619,development,semantic,question,abs_brake_line_diameter,What brake line should be used to plumb the ABS M5 unit?,abs-m5,False,1,1,0,1.0,1.0,1.0,1,1,1,50,True,0.7485703296954062,
fresh,validation_evidence/fresh_development.json,e2c76b3e1c872f5a201a7c7d73b04d8ac9674eba9e6854a8838b81f0cb187fe4,racevault-corpus-v2,1573dbc0-9cad-49b2-aec1-e96ca93ced41,5e669e763b92db944ac86ad22907fb7b0ecfb619,development,semantic,question,abs_reset_after_drive_cycle_fault,How is the ABS reset after a drive cycle fault?,abs-m5,False,1,1,0,1.0,1.0,1.0,1,1,1,50,True,0.6960508710336997,
fresh,validation_evidence/fresh_development.json,e2c76b3e1c872f5a201a7c7d73b04d8ac9674eba9e6854a8838b81f0cb187fe4,racevault-corpus-v2,1573dbc0-9cad-49b2-aec1-e96ca93ced41,5e669e763b92db944ac86ad22907fb7b0ecfb619,development,semantic,question,abs_map_switch_positions,How many positions does the ABS function switch have?,abs-m5,False,1,1,0,0,0.0,0.0,0,0,,50,False,0.6719820848359694,no_label_match_in_returned_list;incomplete_label_recall_at_5;incomplete_label_recall_at_10
fresh,validation_evidence/fresh_development.json,e2c76b3e1c872f5a201a7c7d73b04d8ac9674eba9e6854a8838b81f0cb187fe4,racevault-corpus-v2,1573dbc0-9cad-49b2-aec1-e96ca93ced41,5e669e763b92db944ac86ad22907fb7b0ecfb619,development,semantic,question,abs_hydraulic_unit_weight,How much does the ABS M5 hydraulic unit weigh?,abs-m5,False,1,1,0,0.25,1.0,1.0,1,1,4,50,True,0.6470118788959761,
fresh,validation_evidence/fresh_development.json,e2c76b3e1c872f5a201a7c7d73b04d8ac9674eba9e6854a8838b81f0cb187fe4,racevault-corpus-v2,1573dbc0-9cad-49b2-aec1-e96ca93ced41,5e669e763b92db944ac86ad22907fb7b0ecfb619,development,semantic,question,software_update_order,"In what order must the PowerBox, logger and display be updated?",cup-software-updates,False,1,1,0,1.0,1.0,1.0,1,1,1,50,True,0.7484414844917172,
fresh,validation_evidence/fresh_development.json,e2c76b3e1c872f5a201a7c7d73b04d8ac9674eba9e6854a8838b81f0cb187fe4,racevault-corpus-v2,1573dbc0-9cad-49b2-aec1-e96ca93ced41,5e669e763b92db944ac86ad22907fb7b0ecfb619,development,semantic,question,ecu_temperature_range,What temperature range is the MS 6 harness connector rated for?,ms6-ecu,False,1,1,0,1.0,1.0,1.0,1,1,1,50,True,0.7562193717806521,
fresh,validation_evidence/fresh_development.json,e2c76b3e1c872f5a201a7c7d73b04d8ac9674eba9e6854a8838b81f0cb187fe4,racevault-corpus-v2,1573dbc0-9cad-49b2-aec1-e96ca93ced41,5e669e763b92db944ac86ad22907fb7b0ecfb619,development,semantic,question,ecu_flywheel_sensor_type,Can the MS 6 use an inductive sensor for flywheel measurement?,ms6-ecu,False,1,1,0,1.0,1.0,1.0,1,1,1,50,True,0.6436803398463344,
fresh,validation_evidence/fresh_development.json,e2c76b3e1c872f5a201a7c7d73b04d8ac9674eba9e6854a8838b81f0cb187fe4,racevault-corpus-v2,1573dbc0-9cad-49b2-aec1-e96ca93ced41,5e669e763b92db944ac86ad22907fb7b0ecfb619,development,semantic,question,part_front_left_caliper,What is the part number for the front left brake caliper on the 992 GT3 Cup?,part-catalogue-992,False,1,1,0,1.0,1.0,1.0,1,1,1,50,True,0.6812956874961822,
fresh,validation_evidence/fresh_development.json,e2c76b3e1c872f5a201a7c7d73b04d8ac9674eba9e6854a8838b81f0cb187fe4,racevault-corpus-v2,1573dbc0-9cad-49b2-aec1-e96ca93ced41,5e669e763b92db944ac86ad22907fb7b0ecfb619,development,semantic,question,neg_drs_activation,Where are the DRS activation zones?,unassigned,True,1,0,1,,,,,,,50,False,0.4493539221498202,candidates_for_unanswerable_not_an_abstention_failure
fresh,validation_evidence/fresh_development.json,e2c76b3e1c872f5a201a7c7d73b04d8ac9674eba9e6854a8838b81f0cb187fe4,racevault-corpus-v2,1573dbc0-9cad-49b2-aec1-e96ca93ced41,5e669e763b92db944ac86ad22907fb7b0ecfb619,development,semantic,question,neg_energy_recovery,How is the energy recovery system deployed on a qualifying lap?,unassigned,True,1,0,1,,,,,,,50,False,0.6065733780406409,candidates_for_unanswerable_not_an_abstention_failure
fresh,validation_evidence/fresh_development.json,e2c76b3e1c872f5a201a7c7d73b04d8ac9674eba9e6854a8838b81f0cb187fe4,racevault-corpus-v2,1573dbc0-9cad-49b2-aec1-e96ca93ced41,5e669e763b92db944ac86ad22907fb7b0ecfb619,development,semantic,question,neg_push_to_pass,How many push to pass activations does each driver get?,unassigned,True,1,0,1,,,,,,,50,False,0.6267978101684323,candidates_for_unanswerable_not_an_abstention_failure
fresh,validation_evidence/fresh_development.json,e2c76b3e1c872f5a201a7c7d73b04d8ac9674eba9e6854a8838b81f0cb187fe4,racevault-corpus-v2,1573dbc0-9cad-49b2-aec1-e96ca93ced41,5e669e763b92db944ac86ad22907fb7b0ecfb619,development,semantic,question,neg_success_ballast,How much success ballast is added after a race win?,unassigned,True,1,0,1,,,,,,,50,False,0.5407902859561241,candidates_for_unanswerable_not_an_abstention_failure
fresh,validation_evidence/fresh_development.json,e2c76b3e1c872f5a201a7c7d73b04d8ac9674eba9e6854a8838b81f0cb187fe4,racevault-corpus-v2,1573dbc0-9cad-49b2-aec1-e96ca93ced41,5e669e763b92db944ac86ad22907fb7b0ecfb619,development,semantic,aggregate,,,ALL,,27,22,5,0.7295995670995672,0.8636363636363636,0.9545454545454546,0.8636363636363636,0.9545454545454546,,,,,
fresh,validation_evidence/fresh_development.json,e2c76b3e1c872f5a201a7c7d73b04d8ac9674eba9e6854a8838b81f0cb187fe4,racevault-corpus-v2,1573dbc0-9cad-49b2-aec1-e96ca93ced41,5e669e763b92db944ac86ad22907fb7b0ecfb619,development,semantic,family,,,abs-m5,,5,5,0,0.65,0.8,0.8,0.8,0.8,,,,,
fresh,validation_evidence/fresh_development.json,e2c76b3e1c872f5a201a7c7d73b04d8ac9674eba9e6854a8838b81f0cb187fe4,racevault-corpus-v2,1573dbc0-9cad-49b2-aec1-e96ca93ced41,5e669e763b92db944ac86ad22907fb7b0ecfb619,development,semantic,family,,,cup-software-updates,,1,1,0,1.0,1.0,1.0,1.0,1.0,,,,,
fresh,validation_evidence/fresh_development.json,e2c76b3e1c872f5a201a7c7d73b04d8ac9674eba9e6854a8838b81f0cb187fe4,racevault-corpus-v2,1573dbc0-9cad-49b2-aec1-e96ca93ced41,5e669e763b92db944ac86ad22907fb7b0ecfb619,development,semantic,family,,,ms6-ecu,,2,2,0,1.0,1.0,1.0,1.0,1.0,,,,,
fresh,validation_evidence/fresh_development.json,e2c76b3e1c872f5a201a7c7d73b04d8ac9674eba9e6854a8838b81f0cb187fe4,racevault-corpus-v2,1573dbc0-9cad-49b2-aec1-e96ca93ced41,5e669e763b92db944ac86ad22907fb7b0ecfb619,development,semantic,family,,,part-catalogue-992,,1,1,0,1.0,1.0,1.0,1.0,1.0,,,,,
fresh,validation_evidence/fresh_development.json,e2c76b3e1c872f5a201a7c7d73b04d8ac9674eba9e6854a8838b81f0cb187fe4,racevault-corpus-v2,1573dbc0-9cad-49b2-aec1-e96ca93ced41,5e669e763b92db944ac86ad22907fb7b0ecfb619,development,semantic,family,,,pcc-australia-regulations,,13,13,0,0.6770146520146519,0.8461538461538461,1.0,0.8461538461538461,1.0,,,,,
fresh,validation_evidence/fresh_development.json,e2c76b3e1c872f5a201a7c7d73b04d8ac9674eba9e6854a8838b81f0cb187fe4,racevault-corpus-v2,1573dbc0-9cad-49b2-aec1-e96ca93ced41,5e669e763b92db944ac86ad22907fb7b0ecfb619,development,semantic,family,,,unassigned,,5,0,5,,,,,,,,,,
fresh,validation_evidence/fresh_development.json,e2c76b3e1c872f5a201a7c7d73b04d8ac9674eba9e6854a8838b81f0cb187fe4,racevault-corpus-v2,1573dbc0-9cad-49b2-aec1-e96ca93ced41,5e669e763b92db944ac86ad22907fb7b0ecfb619,development,fused,question,reg_joker_tyre_definition,What is a Joker Tyre?,pcc-australia-regulations,False,1,1,0,0.2,1.0,1.0,1,1,5,30,True,,
fresh,validation_evidence/fresh_development.json,e2c76b3e1c872f5a201a7c7d73b04d8ac9674eba9e6854a8838b81f0cb187fe4,racevault-corpus-v2,1573dbc0-9cad-49b2-aec1-e96ca93ced41,5e669e763b92db944ac86ad22907fb7b0ecfb619,development,fused,question,reg_control_component_requirement,Are control components mandatory?,pcc-australia-regulations,False,1,1,0,1.0,1.0,1.0,1,1,1,30,True,,
fresh,validation_evidence/fresh_development.json,e2c76b3e1c872f5a201a7c7d73b04d8ac9674eba9e6854a8838b81f0cb187fe4,racevault-corpus-v2,1573dbc0-9cad-49b2-aec1-e96ca93ced41,5e669e763b92db944ac86ad22907fb7b0ecfb619,development,fused,question,reg_slick_tyre_definition,Which regulation defines a slick tyre?,pcc-australia-regulations,False,1,1,0,1.0,1.0,1.0,1,1,1,30,True,,
fresh,validation_evidence/fresh_development.json,e2c76b3e1c872f5a201a7c7d73b04d8ac9674eba9e6854a8838b81f0cb187fe4,racevault-corpus-v2,1573dbc0-9cad-49b2-aec1-e96ca93ced41,5e669e763b92db944ac86ad22907fb7b0ecfb619,development,fused,question,reg_round_alteration_precedence,What takes precedence when the regulations are altered for a specific round?,pcc-australia-regulations,False,1,1,0,1.0,1.0,1.0,1,1,1,30,True,,
fresh,validation_evidence/fresh_development.json,e2c76b3e1c872f5a201a7c7d73b04d8ac9674eba9e6854a8838b81f0cb187fe4,racevault-corpus-v2,1573dbc0-9cad-49b2-aec1-e96ca93ced41,5e669e763b92db944ac86ad22907fb7b0ecfb619,development,fused,question,reg_driver_minimum_age,What is the minimum driver age?,pcc-australia-regulations,False,1,1,0,1.0,1.0,1.0,1,1,1,30,True,,
fresh,validation_evidence/fresh_development.json,e2c76b3e1c872f5a201a7c7d73b04d8ac9674eba9e6854a8838b81f0cb187fe4,racevault-corpus-v2,1573dbc0-9cad-49b2-aec1-e96ca93ced41,5e669e763b92db944ac86ad22907fb7b0ecfb619,development,fused,question,reg_2026_calendar,Which circuits are on the 2026 championship calendar?,pcc-australia-regulations,False,1,1,0,0.25,1.0,1.0,1,1,4,30,True,,
fresh,validation_evidence/fresh_development.json,e2c76b3e1c872f5a201a7c7d73b04d8ac9674eba9e6854a8838b81f0cb187fe4,racevault-corpus-v2,1573dbc0-9cad-49b2-aec1-e96ca93ced41,5e669e763b92db944ac86ad22907fb7b0ecfb619,development,fused,question,failure_wrong_regulation_revision,What is a Joker Tyre?,unassigned,True,1,0,1,,,,,,,0,True,,
fresh,validation_evidence/fresh_development.json,e2c76b3e1c872f5a201a7c7d73b04d8ac9674eba9e6854a8838b81f0cb187fe4,racevault-corpus-v2,1573dbc0-9cad-49b2-aec1-e96ca93ced41,5e669e763b92db944ac86ad22907fb7b0ecfb619,development,fused,question,aus_current_minimum_weight,What is the minimum weight of the car in Carrera Cup Australia?,pcc-australia-regulations,False,1,1,0,0.16666666666666666,0.0,1.0,0,1,6,30,True,,miss_at_5;incomplete_label_recall_at_5
fresh,validation_evidence/fresh_development.json,e2c76b3e1c872f5a201a7c7d73b04d8ac9674eba9e6854a8838b81f0cb187fe4,racevault-corpus-v2,1573dbc0-9cad-49b2-aec1-e96ca93ced41,5e669e763b92db944ac86ad22907fb7b0ecfb619,development,fused,question,aus_current_racing_weight,What minimum racing weight must a Carrera Cup Australia car achieve?,pcc-australia-regulations,False,1,1,0,1.0,1.0,1.0,1,1,1,30,True,,
fresh,validation_evidence/fresh_development.json,e2c76b3e1c872f5a201a7c7d73b04d8ac9674eba9e6854a8838b81f0cb187fe4,racevault-corpus-v2,1573dbc0-9cad-49b2-aec1-e96ca93ced41,5e669e763b92db944ac86ad22907fb7b0ecfb619,development,fused,question,aus_2025_minimum_weight,What was the minimum car weight in the 2025 Carrera Cup Australia regulations?,pcc-australia-regulations,False,1,1,0,0.09090909090909091,0.0,0.0,0,0,11,30,True,,miss_at_5;miss_at_10;incomplete_label_recall_at_5;incomplete_label_recall_at_10
fresh,validation_evidence/fresh_development.json,e2c76b3e1c872f5a201a7c7d73b04d8ac9674eba9e6854a8838b81f0cb187fe4,racevault-corpus-v2,1573dbc0-9cad-49b2-aec1-e96ca93ced41,5e669e763b92db944ac86ad22907fb7b0ecfb619,development,fused,question,aus_driver_minimum_weight,"How much must a driver weigh in Carrera Cup Australia, and what happens if they weigh less?",pcc-australia-regulations,False,1,1,0,1.0,1.0,1.0,1,1,1,30,True,,
fresh,validation_evidence/fresh_development.json,e2c76b3e1c872f5a201a7c7d73b04d8ac9674eba9e6854a8838b81f0cb187fe4,racevault-corpus-v2,1573dbc0-9cad-49b2-aec1-e96ca93ced41,5e669e763b92db944ac86ad22907fb7b0ecfb619,development,fused,question,aus_fuel_remaining,How much fuel must remain in the car during a track session?,pcc-australia-regulations,False,1,1,0,1.0,1.0,1.0,1,1,1,30,True,,
fresh,validation_evidence/fresh_development.json,e2c76b3e1c872f5a201a7c7d73b04d8ac9674eba9e6854a8838b81f0cb187fe4,racevault-corpus-v2,1573dbc0-9cad-49b2-aec1-e96ca93ced41,5e669e763b92db944ac86ad22907fb7b0ecfb619,development,fused,question,aus_driver_age,How old must a driver be to compete in Carrera Cup Australia?,pcc-australia-regulations,False,1,1,0,1.0,1.0,1.0,1,1,1,30,True,,
fresh,validation_evidence/fresh_development.json,e2c76b3e1c872f5a201a7c7d73b04d8ac9674eba9e6854a8838b81f0cb187fe4,racevault-corpus-v2,1573dbc0-9cad-49b2-aec1-e96ca93ced41,5e669e763b92db944ac86ad22907fb7b0ecfb619,development,fused,question,aus_joker_tyre_allocation,How many Joker Tyres may a driver use per round and per season?,pcc-australia-regulations,False,1,1,0,1.0,1.0,1.0,1,1,1,30,True,,
fresh,validation_evidence/fresh_development.json,e2c76b3e1c872f5a201a7c7d73b04d8ac9674eba9e6854a8838b81f0cb187fe4,racevault-corpus-v2,1573dbc0-9cad-49b2-aec1-e96ca93ced41,5e669e763b92db944ac86ad22907fb7b0ecfb619,development,fused,question,abs_map_switch_torque,What tightening torque applies to the ABS map switch?,abs-m5,False,1,1,0,1.0,1.0,1.0,1,1,1,30,True,,
fresh,validation_evidence/fresh_development.json,e2c76b3e1c872f5a201a7c7d73b04d8ac9674eba9e6854a8838b81f0cb187fe4,racevault-corpus-v2,1573dbc0-9cad-49b2-aec1-e96ca93ced41,5e669e763b92db944ac86ad22907fb7b0ecfb619,development,fused,question,abs_brake_line_diameter,What brake line should be used to plumb the ABS M5 unit?,abs-m5,False,1,1,0,1.0,1.0,1.0,1,1,1,30,True,,
fresh,validation_evidence/fresh_development.json,e2c76b3e1c872f5a201a7c7d73b04d8ac9674eba9e6854a8838b81f0cb187fe4,racevault-corpus-v2,1573dbc0-9cad-49b2-aec1-e96ca93ced41,5e669e763b92db944ac86ad22907fb7b0ecfb619,development,fused,question,abs_reset_after_drive_cycle_fault,How is the ABS reset after a drive cycle fault?,abs-m5,False,1,1,0,1.0,1.0,1.0,1,1,1,30,True,,
fresh,validation_evidence/fresh_development.json,e2c76b3e1c872f5a201a7c7d73b04d8ac9674eba9e6854a8838b81f0cb187fe4,racevault-corpus-v2,1573dbc0-9cad-49b2-aec1-e96ca93ced41,5e669e763b92db944ac86ad22907fb7b0ecfb619,development,fused,question,abs_map_switch_positions,How many positions does the ABS function switch have?,abs-m5,False,1,1,0,0,0.0,0.0,0,0,,30,False,,no_label_match_in_returned_list;incomplete_label_recall_at_5;incomplete_label_recall_at_10
fresh,validation_evidence/fresh_development.json,e2c76b3e1c872f5a201a7c7d73b04d8ac9674eba9e6854a8838b81f0cb187fe4,racevault-corpus-v2,1573dbc0-9cad-49b2-aec1-e96ca93ced41,5e669e763b92db944ac86ad22907fb7b0ecfb619,development,fused,question,abs_hydraulic_unit_weight,How much does the ABS M5 hydraulic unit weigh?,abs-m5,False,1,1,0,0.08333333333333333,0.0,0.0,0,0,12,30,True,,miss_at_5;miss_at_10;incomplete_label_recall_at_5;incomplete_label_recall_at_10
fresh,validation_evidence/fresh_development.json,e2c76b3e1c872f5a201a7c7d73b04d8ac9674eba9e6854a8838b81f0cb187fe4,racevault-corpus-v2,1573dbc0-9cad-49b2-aec1-e96ca93ced41,5e669e763b92db944ac86ad22907fb7b0ecfb619,development,fused,question,software_update_order,"In what order must the PowerBox, logger and display be updated?",cup-software-updates,False,1,1,0,1.0,1.0,1.0,1,1,1,30,True,,
fresh,validation_evidence/fresh_development.json,e2c76b3e1c872f5a201a7c7d73b04d8ac9674eba9e6854a8838b81f0cb187fe4,racevault-corpus-v2,1573dbc0-9cad-49b2-aec1-e96ca93ced41,5e669e763b92db944ac86ad22907fb7b0ecfb619,development,fused,question,ecu_temperature_range,What temperature range is the MS 6 harness connector rated for?,ms6-ecu,False,1,1,0,1.0,1.0,1.0,1,1,1,30,True,,
fresh,validation_evidence/fresh_development.json,e2c76b3e1c872f5a201a7c7d73b04d8ac9674eba9e6854a8838b81f0cb187fe4,racevault-corpus-v2,1573dbc0-9cad-49b2-aec1-e96ca93ced41,5e669e763b92db944ac86ad22907fb7b0ecfb619,development,fused,question,ecu_flywheel_sensor_type,Can the MS 6 use an inductive sensor for flywheel measurement?,ms6-ecu,False,1,1,0,1.0,1.0,1.0,1,1,1,30,True,,
fresh,validation_evidence/fresh_development.json,e2c76b3e1c872f5a201a7c7d73b04d8ac9674eba9e6854a8838b81f0cb187fe4,racevault-corpus-v2,1573dbc0-9cad-49b2-aec1-e96ca93ced41,5e669e763b92db944ac86ad22907fb7b0ecfb619,development,fused,question,part_front_left_caliper,What is the part number for the front left brake caliper on the 992 GT3 Cup?,part-catalogue-992,False,1,1,0,1.0,1.0,1.0,1,1,1,30,True,,
fresh,validation_evidence/fresh_development.json,e2c76b3e1c872f5a201a7c7d73b04d8ac9674eba9e6854a8838b81f0cb187fe4,racevault-corpus-v2,1573dbc0-9cad-49b2-aec1-e96ca93ced41,5e669e763b92db944ac86ad22907fb7b0ecfb619,development,fused,question,neg_drs_activation,Where are the DRS activation zones?,unassigned,True,1,0,1,,,,,,,30,False,,candidates_for_unanswerable_not_an_abstention_failure
fresh,validation_evidence/fresh_development.json,e2c76b3e1c872f5a201a7c7d73b04d8ac9674eba9e6854a8838b81f0cb187fe4,racevault-corpus-v2,1573dbc0-9cad-49b2-aec1-e96ca93ced41,5e669e763b92db944ac86ad22907fb7b0ecfb619,development,fused,question,neg_energy_recovery,How is the energy recovery system deployed on a qualifying lap?,unassigned,True,1,0,1,,,,,,,30,False,,candidates_for_unanswerable_not_an_abstention_failure
fresh,validation_evidence/fresh_development.json,e2c76b3e1c872f5a201a7c7d73b04d8ac9674eba9e6854a8838b81f0cb187fe4,racevault-corpus-v2,1573dbc0-9cad-49b2-aec1-e96ca93ced41,5e669e763b92db944ac86ad22907fb7b0ecfb619,development,fused,question,neg_push_to_pass,How many push to pass activations does each driver get?,unassigned,True,1,0,1,,,,,,,30,False,,candidates_for_unanswerable_not_an_abstention_failure
fresh,validation_evidence/fresh_development.json,e2c76b3e1c872f5a201a7c7d73b04d8ac9674eba9e6854a8838b81f0cb187fe4,racevault-corpus-v2,1573dbc0-9cad-49b2-aec1-e96ca93ced41,5e669e763b92db944ac86ad22907fb7b0ecfb619,development,fused,question,neg_success_ballast,How much success ballast is added after a race win?,unassigned,True,1,0,1,,,,,,,30,False,,candidates_for_unanswerable_not_an_abstention_failure
fresh,validation_evidence/fresh_development.json,e2c76b3e1c872f5a201a7c7d73b04d8ac9674eba9e6854a8838b81f0cb187fe4,racevault-corpus-v2,1573dbc0-9cad-49b2-aec1-e96ca93ced41,5e669e763b92db944ac86ad22907fb7b0ecfb619,development,fused,aggregate,,,ALL,,27,22,5,0.7632231404958677,0.8181818181818182,0.8636363636363636,0.8181818181818182,0.8636363636363636,,,,,
fresh,validation_evidence/fresh_development.json,e2c76b3e1c872f5a201a7c7d73b04d8ac9674eba9e6854a8838b81f0cb187fe4,racevault-corpus-v2,1573dbc0-9cad-49b2-aec1-e96ca93ced41,5e669e763b92db944ac86ad22907fb7b0ecfb619,development,fused,family,,,abs-m5,,5,5,0,0.6166666666666667,0.6,0.6,0.6,0.6,,,,,
fresh,validation_evidence/fresh_development.json,e2c76b3e1c872f5a201a7c7d73b04d8ac9674eba9e6854a8838b81f0cb187fe4,racevault-corpus-v2,1573dbc0-9cad-49b2-aec1-e96ca93ced41,5e669e763b92db944ac86ad22907fb7b0ecfb619,development,fused,family,,,cup-software-updates,,1,1,0,1.0,1.0,1.0,1.0,1.0,,,,,
fresh,validation_evidence/fresh_development.json,e2c76b3e1c872f5a201a7c7d73b04d8ac9674eba9e6854a8838b81f0cb187fe4,racevault-corpus-v2,1573dbc0-9cad-49b2-aec1-e96ca93ced41,5e669e763b92db944ac86ad22907fb7b0ecfb619,development,fused,family,,,ms6-ecu,,2,2,0,1.0,1.0,1.0,1.0,1.0,,,,,
fresh,validation_evidence/fresh_development.json,e2c76b3e1c872f5a201a7c7d73b04d8ac9674eba9e6854a8838b81f0cb187fe4,racevault-corpus-v2,1573dbc0-9cad-49b2-aec1-e96ca93ced41,5e669e763b92db944ac86ad22907fb7b0ecfb619,development,fused,family,,,part-catalogue-992,,1,1,0,1.0,1.0,1.0,1.0,1.0,,,,,
fresh,validation_evidence/fresh_development.json,e2c76b3e1c872f5a201a7c7d73b04d8ac9674eba9e6854a8838b81f0cb187fe4,racevault-corpus-v2,1573dbc0-9cad-49b2-aec1-e96ca93ced41,5e669e763b92db944ac86ad22907fb7b0ecfb619,development,fused,family,,,pcc-australia-regulations,,13,13,0,0.7467365967365966,0.8461538461538461,0.9230769230769231,0.8461538461538461,0.9230769230769231,,,,,
fresh,validation_evidence/fresh_development.json,e2c76b3e1c872f5a201a7c7d73b04d8ac9674eba9e6854a8838b81f0cb187fe4,racevault-corpus-v2,1573dbc0-9cad-49b2-aec1-e96ca93ced41,5e669e763b92db944ac86ad22907fb7b0ecfb619,development,fused,family,,,unassigned,,5,0,5,,,,,,,,,,
fresh,validation_evidence/fresh_development.json,e2c76b3e1c872f5a201a7c7d73b04d8ac9674eba9e6854a8838b81f0cb187fe4,racevault-corpus-v2,1573dbc0-9cad-49b2-aec1-e96ca93ced41,5e669e763b92db944ac86ad22907fb7b0ecfb619,development,reranked,question,reg_joker_tyre_definition,What is a Joker Tyre?,pcc-australia-regulations,False,1,1,0,1.0,1.0,1.0,1,1,1,15,True,0.7898827195167542,
fresh,validation_evidence/fresh_development.json,e2c76b3e1c872f5a201a7c7d73b04d8ac9674eba9e6854a8838b81f0cb187fe4,racevault-corpus-v2,1573dbc0-9cad-49b2-aec1-e96ca93ced41,5e669e763b92db944ac86ad22907fb7b0ecfb619,development,reranked,question,reg_control_component_requirement,Are control components mandatory?,pcc-australia-regulations,False,1,1,0,1.0,1.0,1.0,1,1,1,15,True,0.9853278994560242,
fresh,validation_evidence/fresh_development.json,e2c76b3e1c872f5a201a7c7d73b04d8ac9674eba9e6854a8838b81f0cb187fe4,racevault-corpus-v2,1573dbc0-9cad-49b2-aec1-e96ca93ced41,5e669e763b92db944ac86ad22907fb7b0ecfb619,development,reranked,question,reg_slick_tyre_definition,Which regulation defines a slick tyre?,pcc-australia-regulations,False,1,1,0,1.0,1.0,1.0,1,1,1,15,True,0.9655115008354187,
fresh,validation_evidence/fresh_development.json,e2c76b3e1c872f5a201a7c7d73b04d8ac9674eba9e6854a8838b81f0cb187fe4,racevault-corpus-v2,1573dbc0-9cad-49b2-aec1-e96ca93ced41,5e669e763b92db944ac86ad22907fb7b0ecfb619,development,reranked,question,reg_round_alteration_precedence,What takes precedence when the regulations are altered for a specific round?,pcc-australia-regulations,False,1,1,0,1.0,1.0,1.0,1,1,1,15,True,0.9933589100837708,
fresh,validation_evidence/fresh_development.json,e2c76b3e1c872f5a201a7c7d73b04d8ac9674eba9e6854a8838b81f0cb187fe4,racevault-corpus-v2,1573dbc0-9cad-49b2-aec1-e96ca93ced41,5e669e763b92db944ac86ad22907fb7b0ecfb619,development,reranked,question,reg_driver_minimum_age,What is the minimum driver age?,pcc-australia-regulations,False,1,1,0,1.0,1.0,1.0,1,1,1,15,True,0.7364006042480469,
fresh,validation_evidence/fresh_development.json,e2c76b3e1c872f5a201a7c7d73b04d8ac9674eba9e6854a8838b81f0cb187fe4,racevault-corpus-v2,1573dbc0-9cad-49b2-aec1-e96ca93ced41,5e669e763b92db944ac86ad22907fb7b0ecfb619,development,reranked,question,reg_2026_calendar,Which circuits are on the 2026 championship calendar?,pcc-australia-regulations,False,1,1,0,1.0,1.0,1.0,1,1,1,15,True,0.44420307874679565,
fresh,validation_evidence/fresh_development.json,e2c76b3e1c872f5a201a7c7d73b04d8ac9674eba9e6854a8838b81f0cb187fe4,racevault-corpus-v2,1573dbc0-9cad-49b2-aec1-e96ca93ced41,5e669e763b92db944ac86ad22907fb7b0ecfb619,development,reranked,question,failure_wrong_regulation_revision,What is a Joker Tyre?,unassigned,True,1,0,1,,,,,,,0,True,,
fresh,validation_evidence/fresh_development.json,e2c76b3e1c872f5a201a7c7d73b04d8ac9674eba9e6854a8838b81f0cb187fe4,racevault-corpus-v2,1573dbc0-9cad-49b2-aec1-e96ca93ced41,5e669e763b92db944ac86ad22907fb7b0ecfb619,development,reranked,question,aus_current_minimum_weight,What is the minimum weight of the car in Carrera Cup Australia?,pcc-australia-regulations,False,1,1,0,0.3333333333333333,1.0,1.0,1,1,3,15,True,0.6441131830215454,
fresh,validation_evidence/fresh_development.json,e2c76b3e1c872f5a201a7c7d73b04d8ac9674eba9e6854a8838b81f0cb187fe4,racevault-corpus-v2,1573dbc0-9cad-49b2-aec1-e96ca93ced41,5e669e763b92db944ac86ad22907fb7b0ecfb619,development,reranked,question,aus_current_racing_weight,What minimum racing weight must a Carrera Cup Australia car achieve?,pcc-australia-regulations,False,1,1,0,1.0,1.0,1.0,1,1,1,15,True,0.8450494408607483,
fresh,validation_evidence/fresh_development.json,e2c76b3e1c872f5a201a7c7d73b04d8ac9674eba9e6854a8838b81f0cb187fe4,racevault-corpus-v2,1573dbc0-9cad-49b2-aec1-e96ca93ced41,5e669e763b92db944ac86ad22907fb7b0ecfb619,development,reranked,question,aus_2025_minimum_weight,What was the minimum car weight in the 2025 Carrera Cup Australia regulations?,pcc-australia-regulations,False,1,1,0,1.0,1.0,1.0,1,1,1,15,True,0.6677979230880737,
fresh,validation_evidence/fresh_development.json,e2c76b3e1c872f5a201a7c7d73b04d8ac9674eba9e6854a8838b81f0cb187fe4,racevault-corpus-v2,1573dbc0-9cad-49b2-aec1-e96ca93ced41,5e669e763b92db944ac86ad22907fb7b0ecfb619,development,reranked,question,aus_driver_minimum_weight,"How much must a driver weigh in Carrera Cup Australia, and what happens if they weigh less?",pcc-australia-regulations,False,1,1,0,1.0,1.0,1.0,1,1,1,15,True,0.843508780002594,
fresh,validation_evidence/fresh_development.json,e2c76b3e1c872f5a201a7c7d73b04d8ac9674eba9e6854a8838b81f0cb187fe4,racevault-corpus-v2,1573dbc0-9cad-49b2-aec1-e96ca93ced41,5e669e763b92db944ac86ad22907fb7b0ecfb619,development,reranked,question,aus_fuel_remaining,How much fuel must remain in the car during a track session?,pcc-australia-regulations,False,1,1,0,1.0,1.0,1.0,1,1,1,15,True,0.9906237721443176,
fresh,validation_evidence/fresh_development.json,e2c76b3e1c872f5a201a7c7d73b04d8ac9674eba9e6854a8838b81f0cb187fe4,racevault-corpus-v2,1573dbc0-9cad-49b2-aec1-e96ca93ced41,5e669e763b92db944ac86ad22907fb7b0ecfb619,development,reranked,question,aus_driver_age,How old must a driver be to compete in Carrera Cup Australia?,pcc-australia-regulations,False,1,1,0,1.0,1.0,1.0,1,1,1,15,True,0.9074763655662537,
fresh,validation_evidence/fresh_development.json,e2c76b3e1c872f5a201a7c7d73b04d8ac9674eba9e6854a8838b81f0cb187fe4,racevault-corpus-v2,1573dbc0-9cad-49b2-aec1-e96ca93ced41,5e669e763b92db944ac86ad22907fb7b0ecfb619,development,reranked,question,aus_joker_tyre_allocation,How many Joker Tyres may a driver use per round and per season?,pcc-australia-regulations,False,1,1,0,1.0,1.0,1.0,1,1,1,15,True,0.9810945987701416,
fresh,validation_evidence/fresh_development.json,e2c76b3e1c872f5a201a7c7d73b04d8ac9674eba9e6854a8838b81f0cb187fe4,racevault-corpus-v2,1573dbc0-9cad-49b2-aec1-e96ca93ced41,5e669e763b92db944ac86ad22907fb7b0ecfb619,development,reranked,question,abs_map_switch_torque,What tightening torque applies to the ABS map switch?,abs-m5,False,1,1,0,1.0,1.0,1.0,1,1,1,15,True,0.9530133008956909,
fresh,validation_evidence/fresh_development.json,e2c76b3e1c872f5a201a7c7d73b04d8ac9674eba9e6854a8838b81f0cb187fe4,racevault-corpus-v2,1573dbc0-9cad-49b2-aec1-e96ca93ced41,5e669e763b92db944ac86ad22907fb7b0ecfb619,development,reranked,question,abs_brake_line_diameter,What brake line should be used to plumb the ABS M5 unit?,abs-m5,False,1,1,0,1.0,1.0,1.0,1,1,1,15,True,0.9980276226997375,
fresh,validation_evidence/fresh_development.json,e2c76b3e1c872f5a201a7c7d73b04d8ac9674eba9e6854a8838b81f0cb187fe4,racevault-corpus-v2,1573dbc0-9cad-49b2-aec1-e96ca93ced41,5e669e763b92db944ac86ad22907fb7b0ecfb619,development,reranked,question,abs_reset_after_drive_cycle_fault,How is the ABS reset after a drive cycle fault?,abs-m5,False,1,1,0,1.0,1.0,1.0,1,1,1,15,True,0.9892232418060303,
fresh,validation_evidence/fresh_development.json,e2c76b3e1c872f5a201a7c7d73b04d8ac9674eba9e6854a8838b81f0cb187fe4,racevault-corpus-v2,1573dbc0-9cad-49b2-aec1-e96ca93ced41,5e669e763b92db944ac86ad22907fb7b0ecfb619,development,reranked,question,abs_map_switch_positions,How many positions does the ABS function switch have?,abs-m5,False,1,1,0,0,0.0,0.0,0,0,,15,False,0.9349913001060486,no_label_match_in_returned_list;incomplete_label_recall_at_5;incomplete_label_recall_at_10
fresh,validation_evidence/fresh_development.json,e2c76b3e1c872f5a201a7c7d73b04d8ac9674eba9e6854a8838b81f0cb187fe4,racevault-corpus-v2,1573dbc0-9cad-49b2-aec1-e96ca93ced41,5e669e763b92db944ac86ad22907fb7b0ecfb619,development,reranked,question,abs_hydraulic_unit_weight,How much does the ABS M5 hydraulic unit weigh?,abs-m5,False,1,1,0,0.5,1.0,1.0,1,1,2,15,True,0.793105959892273,
fresh,validation_evidence/fresh_development.json,e2c76b3e1c872f5a201a7c7d73b04d8ac9674eba9e6854a8838b81f0cb187fe4,racevault-corpus-v2,1573dbc0-9cad-49b2-aec1-e96ca93ced41,5e669e763b92db944ac86ad22907fb7b0ecfb619,development,reranked,question,software_update_order,"In what order must the PowerBox, logger and display be updated?",cup-software-updates,False,1,1,0,1.0,1.0,1.0,1,1,1,15,True,0.9655115008354187,
fresh,validation_evidence/fresh_development.json,e2c76b3e1c872f5a201a7c7d73b04d8ac9674eba9e6854a8838b81f0cb187fe4,racevault-corpus-v2,1573dbc0-9cad-49b2-aec1-e96ca93ced41,5e669e763b92db944ac86ad22907fb7b0ecfb619,development,reranked,question,ecu_temperature_range,What temperature range is the MS 6 harness connector rated for?,ms6-ecu,False,1,1,0,1.0,1.0,1.0,1,1,1,15,True,0.9967268705368042,
fresh,validation_evidence/fresh_development.json,e2c76b3e1c872f5a201a7c7d73b04d8ac9674eba9e6854a8838b81f0cb187fe4,racevault-corpus-v2,1573dbc0-9cad-49b2-aec1-e96ca93ced41,5e669e763b92db944ac86ad22907fb7b0ecfb619,development,reranked,question,ecu_flywheel_sensor_type,Can the MS 6 use an inductive sensor for flywheel measurement?,ms6-ecu,False,1,1,0,1.0,1.0,1.0,1,1,1,15,True,0.9950177073478699,
fresh,validation_evidence/fresh_development.json,e2c76b3e1c872f5a201a7c7d73b04d8ac9674eba9e6854a8838b81f0cb187fe4,racevault-corpus-v2,1573dbc0-9cad-49b2-aec1-e96ca93ced41,5e669e763b92db944ac86ad22907fb7b0ecfb619,development,reranked,question,part_front_left_caliper,What is the part number for the front left brake caliper on the 992 GT3 Cup?,part-catalogue-992,False,1,1,0,1.0,1.0,1.0,1,1,1,15,True,0.9976586103439331,
fresh,validation_evidence/fresh_development.json,e2c76b3e1c872f5a201a7c7d73b04d8ac9674eba9e6854a8838b81f0cb187fe4,racevault-corpus-v2,1573dbc0-9cad-49b2-aec1-e96ca93ced41,5e669e763b92db944ac86ad22907fb7b0ecfb619,development,reranked,question,neg_drs_activation,Where are the DRS activation zones?,unassigned,True,1,0,1,,,,,,,15,False,0.0026010938454419374,candidates_for_unanswerable_not_an_abstention_failure
fresh,validation_evidence/fresh_development.json,e2c76b3e1c872f5a201a7c7d73b04d8ac9674eba9e6854a8838b81f0cb187fe4,racevault-corpus-v2,1573dbc0-9cad-49b2-aec1-e96ca93ced41,5e669e763b92db944ac86ad22907fb7b0ecfb619,development,reranked,question,neg_energy_recovery,How is the energy recovery system deployed on a qualifying lap?,unassigned,True,1,0,1,,,,,,,15,False,0.014785407111048698,candidates_for_unanswerable_not_an_abstention_failure
fresh,validation_evidence/fresh_development.json,e2c76b3e1c872f5a201a7c7d73b04d8ac9674eba9e6854a8838b81f0cb187fe4,racevault-corpus-v2,1573dbc0-9cad-49b2-aec1-e96ca93ced41,5e669e763b92db944ac86ad22907fb7b0ecfb619,development,reranked,question,neg_push_to_pass,How many push to pass activations does each driver get?,unassigned,True,1,0,1,,,,,,,15,False,0.03055986575782299,candidates_for_unanswerable_not_an_abstention_failure
fresh,validation_evidence/fresh_development.json,e2c76b3e1c872f5a201a7c7d73b04d8ac9674eba9e6854a8838b81f0cb187fe4,racevault-corpus-v2,1573dbc0-9cad-49b2-aec1-e96ca93ced41,5e669e763b92db944ac86ad22907fb7b0ecfb619,development,reranked,question,neg_success_ballast,How much success ballast is added after a race win?,unassigned,True,1,0,1,,,,,,,15,False,0.025035424157977104,candidates_for_unanswerable_not_an_abstention_failure
fresh,validation_evidence/fresh_development.json,e2c76b3e1c872f5a201a7c7d73b04d8ac9674eba9e6854a8838b81f0cb187fe4,racevault-corpus-v2,1573dbc0-9cad-49b2-aec1-e96ca93ced41,5e669e763b92db944ac86ad22907fb7b0ecfb619,development,reranked,aggregate,,,ALL,,27,22,5,0.9015151515151515,0.9545454545454546,0.9545454545454546,0.9545454545454546,0.9545454545454546,,,,,
fresh,validation_evidence/fresh_development.json,e2c76b3e1c872f5a201a7c7d73b04d8ac9674eba9e6854a8838b81f0cb187fe4,racevault-corpus-v2,1573dbc0-9cad-49b2-aec1-e96ca93ced41,5e669e763b92db944ac86ad22907fb7b0ecfb619,development,reranked,family,,,abs-m5,,5,5,0,0.7,0.8,0.8,0.8,0.8,,,,,
fresh,validation_evidence/fresh_development.json,e2c76b3e1c872f5a201a7c7d73b04d8ac9674eba9e6854a8838b81f0cb187fe4,racevault-corpus-v2,1573dbc0-9cad-49b2-aec1-e96ca93ced41,5e669e763b92db944ac86ad22907fb7b0ecfb619,development,reranked,family,,,cup-software-updates,,1,1,0,1.0,1.0,1.0,1.0,1.0,,,,,
fresh,validation_evidence/fresh_development.json,e2c76b3e1c872f5a201a7c7d73b04d8ac9674eba9e6854a8838b81f0cb187fe4,racevault-corpus-v2,1573dbc0-9cad-49b2-aec1-e96ca93ced41,5e669e763b92db944ac86ad22907fb7b0ecfb619,development,reranked,family,,,ms6-ecu,,2,2,0,1.0,1.0,1.0,1.0,1.0,,,,,
fresh,validation_evidence/fresh_development.json,e2c76b3e1c872f5a201a7c7d73b04d8ac9674eba9e6854a8838b81f0cb187fe4,racevault-corpus-v2,1573dbc0-9cad-49b2-aec1-e96ca93ced41,5e669e763b92db944ac86ad22907fb7b0ecfb619,development,reranked,family,,,part-catalogue-992,,1,1,0,1.0,1.0,1.0,1.0,1.0,,,,,
fresh,validation_evidence/fresh_development.json,e2c76b3e1c872f5a201a7c7d73b04d8ac9674eba9e6854a8838b81f0cb187fe4,racevault-corpus-v2,1573dbc0-9cad-49b2-aec1-e96ca93ced41,5e669e763b92db944ac86ad22907fb7b0ecfb619,development,reranked,family,,,pcc-australia-regulations,,13,13,0,0.9487179487179488,1.0,1.0,1.0,1.0,,,,,
fresh,validation_evidence/fresh_development.json,e2c76b3e1c872f5a201a7c7d73b04d8ac9674eba9e6854a8838b81f0cb187fe4,racevault-corpus-v2,1573dbc0-9cad-49b2-aec1-e96ca93ced41,5e669e763b92db944ac86ad22907fb7b0ecfb619,development,reranked,family,,,unassigned,,5,0,5,,,,,,,,,,
fresh,validation_evidence/fresh_test.json,d695ca90cadb1422c1654a9f4593eadac414f51cf6ce41fc8673d2dd8c786b44,racevault-corpus-v2,87a3f41f-cfb2-462b-8e9f-ec3be06a22e6,5e669e763b92db944ac86ad22907fb7b0ecfb619,test,lexical,question,tyre_n3r_dimensions,What are the N3R tyre dimensions and recommended wheel width?,tyre-data,False,1,1,0,1.0,1.0,1.0,1,1,1,10,True,73.69373,
fresh,validation_evidence/fresh_test.json,d695ca90cadb1422c1654a9f4593eadac414f51cf6ce41fc8673d2dd8c786b44,racevault-corpus-v2,87a3f41f-cfb2-462b-8e9f-ec3be06a22e6,5e669e763b92db944ac86ad22907fb7b0ecfb619,test,lexical,question,tyre_n3_rolling_circumference,What is the rolling circumference of the front N3 tyre?,tyre-data,False,1,1,0,1.0,1.0,1.0,1,1,1,20,True,59.642685,
fresh,validation_evidence/fresh_test.json,d695ca90cadb1422c1654a9f4593eadac414f51cf6ce41fc8673d2dd8c786b44,racevault-corpus-v2,87a3f41f-cfb2-462b-8e9f-ec3be06a22e6,5e669e763b92db944ac86ad22907fb7b0ecfb619,test,lexical,question,tyre_shoulder_temperature_delta,What is the maximum temperature difference between the inside and outside tyre shoulders?,tyre-data,False,1,1,0,1.0,1.0,1.0,1,1,1,19,True,70.09099,
fresh,validation_evidence/fresh_test.json,d695ca90cadb1422c1654a9f4593eadac414f51cf6ce41fc8673d2dd8c786b44,racevault-corpus-v2,87a3f41f-cfb2-462b-8e9f-ec3be06a22e6,5e669e763b92db944ac86ad22907fb7b0ecfb619,test,lexical,question,tyre_unlisted_track_recommendation,Which recommendation applies to tracks that are not specifically listed?,tyre-data,False,1,1,0,1.0,1.0,1.0,1,1,1,16,True,49.50582,
fresh,validation_evidence/fresh_test.json,d695ca90cadb1422c1654a9f4593eadac414f51cf6ce41fc8673d2dd8c786b44,racevault-corpus-v2,87a3f41f-cfb2-462b-8e9f-ec3be06a22e6,5e669e763b92db944ac86ad22907fb7b0ecfb619,test,lexical,question,tyre_n3r_standard_cold_pressure,What is the standard minimum cold pressure for the rear N3R tyre?,tyre-data,False,1,1,0,0.125,0.0,1.0,0,1,8,20,True,63.793343,miss_at_5;incomplete_label_recall_at_5
fresh,validation_evidence/fresh_test.json,d695ca90cadb1422c1654a9f4593eadac414f51cf6ce41fc8673d2dd8c786b44,racevault-corpus-v2,87a3f41f-cfb2-462b-8e9f-ec3be06a22e6,5e669e763b92db944ac86ad22907fb7b0ecfb619,test,lexical,question,manual_intended_use,Is the Porsche 911 Cup 992 II designed for public-road driving?,porsche-technical-manual,False,1,1,0,1.0,0.5,0.5,1,1,1,50,True,75.55659,incomplete_label_recall_at_5;incomplete_label_recall_at_10
fresh,validation_evidence/fresh_test.json,d695ca90cadb1422c1654a9f4593eadac414f51cf6ce41fc8673d2dd8c786b44,racevault-corpus-v2,87a3f41f-cfb2-462b-8e9f-ec3be06a22e6,5e669e763b92db944ac86ad22907fb7b0ecfb619,test,lexical,question,manual_main_voltage_switch,Which switch position turns the main voltage supply on?,porsche-technical-manual,False,1,1,0,0.5,1.0,1.0,1,1,2,50,True,95.712105,
fresh,validation_evidence/fresh_test.json,d695ca90cadb1422c1654a9f4593eadac414f51cf6ce41fc8673d2dd8c786b44,racevault-corpus-v2,87a3f41f-cfb2-462b-8e9f-ec3be06a22e6,5e669e763b92db944ac86ad22907fb7b0ecfb619,test,lexical,question,manual_fire_system_test,Why must the fire extinguisher system be tested in test mode?,porsche-technical-manual,False,1,1,0,1.0,1.0,1.0,1,1,1,50,True,144.4299,
fresh,validation_evidence/fresh_test.json,d695ca90cadb1422c1654a9f4593eadac414f51cf6ce41fc8673d2dd8c786b44,racevault-corpus-v2,87a3f41f-cfb2-462b-8e9f-ec3be06a22e6,5e669e763b92db944ac86ad22907fb7b0ecfb619,test,lexical,question,conflict_n3r_pressure_sources,minimum cold pressure N3R,tyre-data,False,1,1,0,1.0,0.5,0.5,1,1,1,8,False,25.45111,incomplete_label_recall_at_5;incomplete_label_recall_at_10;insufficient_distinct_sources
fresh,validation_evidence/fresh_test.json,d695ca90cadb1422c1654a9f4593eadac414f51cf6ce41fc8673d2dd8c786b44,racevault-corpus-v2,87a3f41f-cfb2-462b-8e9f-ec3be06a22e6,5e669e763b92db944ac86ad22907fb7b0ecfb619,test,lexical,question,neg_budget_cap,What is the budget cap for the season?,unassigned,True,1,0,1,,,,,,,50,False,34.630714,candidates_for_unanswerable_not_an_abstention_failure
fresh,validation_evidence/fresh_test.json,d695ca90cadb1422c1654a9f4593eadac414f51cf6ce41fc8673d2dd8c786b44,racevault-corpus-v2,87a3f41f-cfb2-462b-8e9f-ec3be06a22e6,5e669e763b92db944ac86ad22907fb7b0ecfb619,test,lexical,question,neg_turbo_boost_limit,What is the maximum turbocharger boost pressure permitted?,unassigned,True,1,0,1,,,,,,,50,False,39.3693,candidates_for_unanswerable_not_an_abstention_failure
fresh,validation_evidence/fresh_test.json,d695ca90cadb1422c1654a9f4593eadac414f51cf6ce41fc8673d2dd8c786b44,racevault-corpus-v2,87a3f41f-cfb2-462b-8e9f-ec3be06a22e6,5e669e763b92db944ac86ad22907fb7b0ecfb619,test,lexical,question,neg_sprint_shootout,What is the sprint shootout format?,unassigned,True,1,0,1,,,,,,,50,False,61.235954,candidates_for_unanswerable_not_an_abstention_failure
fresh,validation_evidence/fresh_test.json,d695ca90cadb1422c1654a9f4593eadac414f51cf6ce41fc8673d2dd8c786b44,racevault-corpus-v2,87a3f41f-cfb2-462b-8e9f-ec3be06a22e6,5e669e763b92db944ac86ad22907fb7b0ecfb619,test,lexical,question,neg_rallycross_joker,How does the rallycross joker lap work?,unassigned,True,1,0,1,,,,,,,50,False,41.279,candidates_for_unanswerable_not_an_abstention_failure
fresh,validation_evidence/fresh_test.json,d695ca90cadb1422c1654a9f4593eadac414f51cf6ce41fc8673d2dd8c786b44,racevault-corpus-v2,87a3f41f-cfb2-462b-8e9f-ec3be06a22e6,5e669e763b92db944ac86ad22907fb7b0ecfb619,test,lexical,aggregate,,,ALL,,13,9,4,0.8472222222222222,0.7777777777777778,0.8888888888888888,0.8888888888888888,1.0,,,,,
fresh,validation_evidence/fresh_test.json,d695ca90cadb1422c1654a9f4593eadac414f51cf6ce41fc8673d2dd8c786b44,racevault-corpus-v2,87a3f41f-cfb2-462b-8e9f-ec3be06a22e6,5e669e763b92db944ac86ad22907fb7b0ecfb619,test,lexical,family,,,porsche-technical-manual,,3,3,0,0.8333333333333334,0.8333333333333334,0.8333333333333334,1.0,1.0,,,,,
fresh,validation_evidence/fresh_test.json,d695ca90cadb1422c1654a9f4593eadac414f51cf6ce41fc8673d2dd8c786b44,racevault-corpus-v2,87a3f41f-cfb2-462b-8e9f-ec3be06a22e6,5e669e763b92db944ac86ad22907fb7b0ecfb619,test,lexical,family,,,tyre-data,,6,6,0,0.8541666666666666,0.75,0.9166666666666666,0.8333333333333334,1.0,,,,,
fresh,validation_evidence/fresh_test.json,d695ca90cadb1422c1654a9f4593eadac414f51cf6ce41fc8673d2dd8c786b44,racevault-corpus-v2,87a3f41f-cfb2-462b-8e9f-ec3be06a22e6,5e669e763b92db944ac86ad22907fb7b0ecfb619,test,lexical,family,,,unassigned,,4,0,4,,,,,,,,,,
fresh,validation_evidence/fresh_test.json,d695ca90cadb1422c1654a9f4593eadac414f51cf6ce41fc8673d2dd8c786b44,racevault-corpus-v2,87a3f41f-cfb2-462b-8e9f-ec3be06a22e6,5e669e763b92db944ac86ad22907fb7b0ecfb619,test,semantic,question,tyre_n3r_dimensions,What are the N3R tyre dimensions and recommended wheel width?,tyre-data,False,1,1,0,1.0,1.0,1.0,1,1,1,25,True,0.617878914941225,
fresh,validation_evidence/fresh_test.json,d695ca90cadb1422c1654a9f4593eadac414f51cf6ce41fc8673d2dd8c786b44,racevault-corpus-v2,87a3f41f-cfb2-462b-8e9f-ec3be06a22e6,5e669e763b92db944ac86ad22907fb7b0ecfb619,test,semantic,question,tyre_n3_rolling_circumference,What is the rolling circumference of the front N3 tyre?,tyre-data,False,1,1,0,1.0,1.0,1.0,1,1,1,25,True,0.6062092022213693,
fresh,validation_evidence/fresh_test.json,d695ca90cadb1422c1654a9f4593eadac414f51cf6ce41fc8673d2dd8c786b44,racevault-corpus-v2,87a3f41f-cfb2-462b-8e9f-ec3be06a22e6,5e669e763b92db944ac86ad22907fb7b0ecfb619,test,semantic,question,tyre_shoulder_temperature_delta,What is the maximum temperature difference between the inside and outside tyre shoulders?,tyre-data,False,1,1,0,1.0,1.0,1.0,1,1,1,25,True,0.6699824342719709,
fresh,validation_evidence/fresh_test.json,d695ca90cadb1422c1654a9f4593eadac414f51cf6ce41fc8673d2dd8c786b44,racevault-corpus-v2,87a3f41f-cfb2-462b-8e9f-ec3be06a22e6,5e669e763b92db944ac86ad22907fb7b0ecfb619,test,semantic,question,tyre_unlisted_track_recommendation,Which recommendation applies to tracks that are not specifically listed?,tyre-data,False,1,1,0,1.0,1.0,1.0,1,1,1,25,True,0.6149428665296063,
fresh,validation_evidence/fresh_test.json,d695ca90cadb1422c1654a9f4593eadac414f51cf6ce41fc8673d2dd8c786b44,racevault-corpus-v2,87a3f41f-cfb2-462b-8e9f-ec3be06a22e6,5e669e763b92db944ac86ad22907fb7b0ecfb619,test,semantic,question,tyre_n3r_standard_cold_pressure,What is the standard minimum cold pressure for the rear N3R tyre?,tyre-data,False,1,1,0,0.5,1.0,1.0,1,1,2,25,True,0.6020995567264242,
fresh,validation_evidence/fresh_test.json,d695ca90cadb1422c1654a9f4593eadac414f51cf6ce41fc8673d2dd8c786b44,racevault-corpus-v2,87a3f41f-cfb2-462b-8e9f-ec3be06a22e6,5e669e763b92db944ac86ad22907fb7b0ecfb619,test,semantic,question,manual_intended_use,Is the Porsche 911 Cup 992 II designed for public-road driving?,porsche-technical-manual,False,1,1,0,1.0,0.5,0.5,1,1,1,50,True,0.6904211902745828,incomplete_label_recall_at_5;incomplete_label_recall_at_10
fresh,validation_evidence/fresh_test.json,d695ca90cadb1422c1654a9f4593eadac414f51cf6ce41fc8673d2dd8c786b44,racevault-corpus-v2,87a3f41f-cfb2-462b-8e9f-ec3be06a22e6,5e669e763b92db944ac86ad22907fb7b0ecfb619,test,semantic,question,manual_main_voltage_switch,Which switch position turns the main voltage supply on?,porsche-technical-manual,False,1,1,0,1.0,1.0,1.0,1,1,1,50,True,0.7220828214015583,
fresh,validation_evidence/fresh_test.json,d695ca90cadb1422c1654a9f4593eadac414f51cf6ce41fc8673d2dd8c786b44,racevault-corpus-v2,87a3f41f-cfb2-462b-8e9f-ec3be06a22e6,5e669e763b92db944ac86ad22907fb7b0ecfb619,test,semantic,question,manual_fire_system_test,Why must the fire extinguisher system be tested in test mode?,porsche-technical-manual,False,1,1,0,0.5,1.0,1.0,1,1,2,50,True,0.7310404771601442,
fresh,validation_evidence/fresh_test.json,d695ca90cadb1422c1654a9f4593eadac414f51cf6ce41fc8673d2dd8c786b44,racevault-corpus-v2,87a3f41f-cfb2-462b-8e9f-ec3be06a22e6,5e669e763b92db944ac86ad22907fb7b0ecfb619,test,semantic,question,conflict_n3r_pressure_sources,minimum cold pressure N3R,tyre-data,False,1,1,0,1.0,0.5,0.5,1,1,1,35,True,0.5551074412173465,incomplete_label_recall_at_5;incomplete_label_recall_at_10
fresh,validation_evidence/fresh_test.json,d695ca90cadb1422c1654a9f4593eadac414f51cf6ce41fc8673d2dd8c786b44,racevault-corpus-v2,87a3f41f-cfb2-462b-8e9f-ec3be06a22e6,5e669e763b92db944ac86ad22907fb7b0ecfb619,test,semantic,question,neg_budget_cap,What is the budget cap for the season?,unassigned,True,1,0,1,,,,,,,50,False,0.5431787903075966,candidates_for_unanswerable_not_an_abstention_failure
fresh,validation_evidence/fresh_test.json,d695ca90cadb1422c1654a9f4593eadac414f51cf6ce41fc8673d2dd8c786b44,racevault-corpus-v2,87a3f41f-cfb2-462b-8e9f-ec3be06a22e6,5e669e763b92db944ac86ad22907fb7b0ecfb619,test,semantic,question,neg_turbo_boost_limit,What is the maximum turbocharger boost pressure permitted?,unassigned,True,1,0,1,,,,,,,50,False,0.6160865934135416,candidates_for_unanswerable_not_an_abstention_failure
fresh,validation_evidence/fresh_test.json,d695ca90cadb1422c1654a9f4593eadac414f51cf6ce41fc8673d2dd8c786b44,racevault-corpus-v2,87a3f41f-cfb2-462b-8e9f-ec3be06a22e6,5e669e763b92db944ac86ad22907fb7b0ecfb619,test,semantic,question,neg_sprint_shootout,What is the sprint shootout format?,unassigned,True,1,0,1,,,,,,,50,False,0.47424184426804383,candidates_for_unanswerable_not_an_abstention_failure
fresh,validation_evidence/fresh_test.json,d695ca90cadb1422c1654a9f4593eadac414f51cf6ce41fc8673d2dd8c786b44,racevault-corpus-v2,87a3f41f-cfb2-462b-8e9f-ec3be06a22e6,5e669e763b92db944ac86ad22907fb7b0ecfb619,test,semantic,question,neg_rallycross_joker,How does the rallycross joker lap work?,unassigned,True,1,0,1,,,,,,,50,False,0.5041936593605754,candidates_for_unanswerable_not_an_abstention_failure
fresh,validation_evidence/fresh_test.json,d695ca90cadb1422c1654a9f4593eadac414f51cf6ce41fc8673d2dd8c786b44,racevault-corpus-v2,87a3f41f-cfb2-462b-8e9f-ec3be06a22e6,5e669e763b92db944ac86ad22907fb7b0ecfb619,test,semantic,aggregate,,,ALL,,13,9,4,0.8888888888888888,0.8888888888888888,0.8888888888888888,1.0,1.0,,,,,
fresh,validation_evidence/fresh_test.json,d695ca90cadb1422c1654a9f4593eadac414f51cf6ce41fc8673d2dd8c786b44,racevault-corpus-v2,87a3f41f-cfb2-462b-8e9f-ec3be06a22e6,5e669e763b92db944ac86ad22907fb7b0ecfb619,test,semantic,family,,,porsche-technical-manual,,3,3,0,0.8333333333333334,0.8333333333333334,0.8333333333333334,1.0,1.0,,,,,
fresh,validation_evidence/fresh_test.json,d695ca90cadb1422c1654a9f4593eadac414f51cf6ce41fc8673d2dd8c786b44,racevault-corpus-v2,87a3f41f-cfb2-462b-8e9f-ec3be06a22e6,5e669e763b92db944ac86ad22907fb7b0ecfb619,test,semantic,family,,,tyre-data,,6,6,0,0.9166666666666666,0.9166666666666666,0.9166666666666666,1.0,1.0,,,,,
fresh,validation_evidence/fresh_test.json,d695ca90cadb1422c1654a9f4593eadac414f51cf6ce41fc8673d2dd8c786b44,racevault-corpus-v2,87a3f41f-cfb2-462b-8e9f-ec3be06a22e6,5e669e763b92db944ac86ad22907fb7b0ecfb619,test,semantic,family,,,unassigned,,4,0,4,,,,,,,,,,
fresh,validation_evidence/fresh_test.json,d695ca90cadb1422c1654a9f4593eadac414f51cf6ce41fc8673d2dd8c786b44,racevault-corpus-v2,87a3f41f-cfb2-462b-8e9f-ec3be06a22e6,5e669e763b92db944ac86ad22907fb7b0ecfb619,test,fused,question,tyre_n3r_dimensions,What are the N3R tyre dimensions and recommended wheel width?,tyre-data,False,1,1,0,1.0,1.0,1.0,1,1,1,25,True,,
fresh,validation_evidence/fresh_test.json,d695ca90cadb1422c1654a9f4593eadac414f51cf6ce41fc8673d2dd8c786b44,racevault-corpus-v2,87a3f41f-cfb2-462b-8e9f-ec3be06a22e6,5e669e763b92db944ac86ad22907fb7b0ecfb619,test,fused,question,tyre_n3_rolling_circumference,What is the rolling circumference of the front N3 tyre?,tyre-data,False,1,1,0,1.0,1.0,1.0,1,1,1,25,True,,
fresh,validation_evidence/fresh_test.json,d695ca90cadb1422c1654a9f4593eadac414f51cf6ce41fc8673d2dd8c786b44,racevault-corpus-v2,87a3f41f-cfb2-462b-8e9f-ec3be06a22e6,5e669e763b92db944ac86ad22907fb7b0ecfb619,test,fused,question,tyre_shoulder_temperature_delta,What is the maximum temperature difference between the inside and outside tyre shoulders?,tyre-data,False,1,1,0,1.0,1.0,1.0,1,1,1,25,True,,
fresh,validation_evidence/fresh_test.json,d695ca90cadb1422c1654a9f4593eadac414f51cf6ce41fc8673d2dd8c786b44,racevault-corpus-v2,87a3f41f-cfb2-462b-8e9f-ec3be06a22e6,5e669e763b92db944ac86ad22907fb7b0ecfb619,test,fused,question,tyre_unlisted_track_recommendation,Which recommendation applies to tracks that are not specifically listed?,tyre-data,False,1,1,0,1.0,1.0,1.0,1,1,1,25,True,,
fresh,validation_evidence/fresh_test.json,d695ca90cadb1422c1654a9f4593eadac414f51cf6ce41fc8673d2dd8c786b44,racevault-corpus-v2,87a3f41f-cfb2-462b-8e9f-ec3be06a22e6,5e669e763b92db944ac86ad22907fb7b0ecfb619,test,fused,question,tyre_n3r_standard_cold_pressure,What is the standard minimum cold pressure for the rear N3R tyre?,tyre-data,False,1,1,0,0.3333333333333333,1.0,1.0,1,1,3,25,True,,
fresh,validation_evidence/fresh_test.json,d695ca90cadb1422c1654a9f4593eadac414f51cf6ce41fc8673d2dd8c786b44,racevault-corpus-v2,87a3f41f-cfb2-462b-8e9f-ec3be06a22e6,5e669e763b92db944ac86ad22907fb7b0ecfb619,test,fused,question,manual_intended_use,Is the Porsche 911 Cup 992 II designed for public-road driving?,porsche-technical-manual,False,1,1,0,1.0,0.5,0.5,1,1,1,30,True,,incomplete_label_recall_at_5;incomplete_label_recall_at_10
fresh,validation_evidence/fresh_test.json,d695ca90cadb1422c1654a9f4593eadac414f51cf6ce41fc8673d2dd8c786b44,racevault-corpus-v2,87a3f41f-cfb2-462b-8e9f-ec3be06a22e6,5e669e763b92db944ac86ad22907fb7b0ecfb619,test,fused,question,manual_main_voltage_switch,Which switch position turns the main voltage supply on?,porsche-technical-manual,False,1,1,0,0.5,1.0,1.0,1,1,2,30,True,,
fresh,validation_evidence/fresh_test.json,d695ca90cadb1422c1654a9f4593eadac414f51cf6ce41fc8673d2dd8c786b44,racevault-corpus-v2,87a3f41f-cfb2-462b-8e9f-ec3be06a22e6,5e669e763b92db944ac86ad22907fb7b0ecfb619,test,fused,question,manual_fire_system_test,Why must the fire extinguisher system be tested in test mode?,porsche-technical-manual,False,1,1,0,1.0,1.0,1.0,1,1,1,30,True,,
fresh,validation_evidence/fresh_test.json,d695ca90cadb1422c1654a9f4593eadac414f51cf6ce41fc8673d2dd8c786b44,racevault-corpus-v2,87a3f41f-cfb2-462b-8e9f-ec3be06a22e6,5e669e763b92db944ac86ad22907fb7b0ecfb619,test,fused,question,conflict_n3r_pressure_sources,minimum cold pressure N3R,tyre-data,False,1,1,0,1.0,0.5,0.5,1,1,1,30,True,,incomplete_label_recall_at_5;incomplete_label_recall_at_10
fresh,validation_evidence/fresh_test.json,d695ca90cadb1422c1654a9f4593eadac414f51cf6ce41fc8673d2dd8c786b44,racevault-corpus-v2,87a3f41f-cfb2-462b-8e9f-ec3be06a22e6,5e669e763b92db944ac86ad22907fb7b0ecfb619,test,fused,question,neg_budget_cap,What is the budget cap for the season?,unassigned,True,1,0,1,,,,,,,30,False,,candidates_for_unanswerable_not_an_abstention_failure
fresh,validation_evidence/fresh_test.json,d695ca90cadb1422c1654a9f4593eadac414f51cf6ce41fc8673d2dd8c786b44,racevault-corpus-v2,87a3f41f-cfb2-462b-8e9f-ec3be06a22e6,5e669e763b92db944ac86ad22907fb7b0ecfb619,test,fused,question,neg_turbo_boost_limit,What is the maximum turbocharger boost pressure permitted?,unassigned,True,1,0,1,,,,,,,30,False,,candidates_for_unanswerable_not_an_abstention_failure
fresh,validation_evidence/fresh_test.json,d695ca90cadb1422c1654a9f4593eadac414f51cf6ce41fc8673d2dd8c786b44,racevault-corpus-v2,87a3f41f-cfb2-462b-8e9f-ec3be06a22e6,5e669e763b92db944ac86ad22907fb7b0ecfb619,test,fused,question,neg_sprint_shootout,What is the sprint shootout format?,unassigned,True,1,0,1,,,,,,,30,False,,candidates_for_unanswerable_not_an_abstention_failure
fresh,validation_evidence/fresh_test.json,d695ca90cadb1422c1654a9f4593eadac414f51cf6ce41fc8673d2dd8c786b44,racevault-corpus-v2,87a3f41f-cfb2-462b-8e9f-ec3be06a22e6,5e669e763b92db944ac86ad22907fb7b0ecfb619,test,fused,question,neg_rallycross_joker,How does the rallycross joker lap work?,unassigned,True,1,0,1,,,,,,,30,False,,candidates_for_unanswerable_not_an_abstention_failure
fresh,validation_evidence/fresh_test.json,d695ca90cadb1422c1654a9f4593eadac414f51cf6ce41fc8673d2dd8c786b44,racevault-corpus-v2,87a3f41f-cfb2-462b-8e9f-ec3be06a22e6,5e669e763b92db944ac86ad22907fb7b0ecfb619,test,fused,aggregate,,,ALL,,13,9,4,0.8703703703703703,0.8888888888888888,0.8888888888888888,1.0,1.0,,,,,
fresh,validation_evidence/fresh_test.json,d695ca90cadb1422c1654a9f4593eadac414f51cf6ce41fc8673d2dd8c786b44,racevault-corpus-v2,87a3f41f-cfb2-462b-8e9f-ec3be06a22e6,5e669e763b92db944ac86ad22907fb7b0ecfb619,test,fused,family,,,porsche-technical-manual,,3,3,0,0.8333333333333334,0.8333333333333334,0.8333333333333334,1.0,1.0,,,,,
fresh,validation_evidence/fresh_test.json,d695ca90cadb1422c1654a9f4593eadac414f51cf6ce41fc8673d2dd8c786b44,racevault-corpus-v2,87a3f41f-cfb2-462b-8e9f-ec3be06a22e6,5e669e763b92db944ac86ad22907fb7b0ecfb619,test,fused,family,,,tyre-data,,6,6,0,0.8888888888888888,0.9166666666666666,0.9166666666666666,1.0,1.0,,,,,
fresh,validation_evidence/fresh_test.json,d695ca90cadb1422c1654a9f4593eadac414f51cf6ce41fc8673d2dd8c786b44,racevault-corpus-v2,87a3f41f-cfb2-462b-8e9f-ec3be06a22e6,5e669e763b92db944ac86ad22907fb7b0ecfb619,test,fused,family,,,unassigned,,4,0,4,,,,,,,,,,
fresh,validation_evidence/fresh_test.json,d695ca90cadb1422c1654a9f4593eadac414f51cf6ce41fc8673d2dd8c786b44,racevault-corpus-v2,87a3f41f-cfb2-462b-8e9f-ec3be06a22e6,5e669e763b92db944ac86ad22907fb7b0ecfb619,test,reranked,question,tyre_n3r_dimensions,What are the N3R tyre dimensions and recommended wheel width?,tyre-data,False,1,1,0,1.0,1.0,1.0,1,1,1,15,True,0.8384153246879578,
fresh,validation_evidence/fresh_test.json,d695ca90cadb1422c1654a9f4593eadac414f51cf6ce41fc8673d2dd8c786b44,racevault-corpus-v2,87a3f41f-cfb2-462b-8e9f-ec3be06a22e6,5e669e763b92db944ac86ad22907fb7b0ecfb619,test,reranked,question,tyre_n3_rolling_circumference,What is the rolling circumference of the front N3 tyre?,tyre-data,False,1,1,0,1.0,1.0,1.0,1,1,1,15,True,0.542742133140564,
fresh,validation_evidence/fresh_test.json,d695ca90cadb1422c1654a9f4593eadac414f51cf6ce41fc8673d2dd8c786b44,racevault-corpus-v2,87a3f41f-cfb2-462b-8e9f-ec3be06a22e6,5e669e763b92db944ac86ad22907fb7b0ecfb619,test,reranked,question,tyre_shoulder_temperature_delta,What is the maximum temperature difference between the inside and outside tyre shoulders?,tyre-data,False,1,1,0,1.0,1.0,1.0,1,1,1,15,True,0.9320833086967468,
fresh,validation_evidence/fresh_test.json,d695ca90cadb1422c1654a9f4593eadac414f51cf6ce41fc8673d2dd8c786b44,racevault-corpus-v2,87a3f41f-cfb2-462b-8e9f-ec3be06a22e6,5e669e763b92db944ac86ad22907fb7b0ecfb619,test,reranked,question,tyre_unlisted_track_recommendation,Which recommendation applies to tracks that are not specifically listed?,tyre-data,False,1,1,0,1.0,1.0,1.0,1,1,1,15,True,0.920647144317627,
fresh,validation_evidence/fresh_test.json,d695ca90cadb1422c1654a9f4593eadac414f51cf6ce41fc8673d2dd8c786b44,racevault-corpus-v2,87a3f41f-cfb2-462b-8e9f-ec3be06a22e6,5e669e763b92db944ac86ad22907fb7b0ecfb619,test,reranked,question,tyre_n3r_standard_cold_pressure,What is the standard minimum cold pressure for the rear N3R tyre?,tyre-data,False,1,1,0,1.0,1.0,1.0,1,1,1,15,True,0.3213534951210022,
fresh,validation_evidence/fresh_test.json,d695ca90cadb1422c1654a9f4593eadac414f51cf6ce41fc8673d2dd8c786b44,racevault-corpus-v2,87a3f41f-cfb2-462b-8e9f-ec3be06a22e6,5e669e763b92db944ac86ad22907fb7b0ecfb619,test,reranked,question,manual_intended_use,Is the Porsche 911 Cup 992 II designed for public-road driving?,porsche-technical-manual,False,1,1,0,1.0,0.5,0.5,1,1,1,15,True,0.9674717783927917,incomplete_label_recall_at_5;incomplete_label_recall_at_10
fresh,validation_evidence/fresh_test.json,d695ca90cadb1422c1654a9f4593eadac414f51cf6ce41fc8673d2dd8c786b44,racevault-corpus-v2,87a3f41f-cfb2-462b-8e9f-ec3be06a22e6,5e669e763b92db944ac86ad22907fb7b0ecfb619,test,reranked,question,manual_main_voltage_switch,Which switch position turns the main voltage supply on?,porsche-technical-manual,False,1,1,0,0.5,1.0,1.0,1,1,2,15,True,0.9526622891426086,
fresh,validation_evidence/fresh_test.json,d695ca90cadb1422c1654a9f4593eadac414f51cf6ce41fc8673d2dd8c786b44,racevault-corpus-v2,87a3f41f-cfb2-462b-8e9f-ec3be06a22e6,5e669e763b92db944ac86ad22907fb7b0ecfb619,test,reranked,question,manual_fire_system_test,Why must the fire extinguisher system be tested in test mode?,porsche-technical-manual,False,1,1,0,1.0,1.0,1.0,1,1,1,15,True,0.9987648725509644,
fresh,validation_evidence/fresh_test.json,d695ca90cadb1422c1654a9f4593eadac414f51cf6ce41fc8673d2dd8c786b44,racevault-corpus-v2,87a3f41f-cfb2-462b-8e9f-ec3be06a22e6,5e669e763b92db944ac86ad22907fb7b0ecfb619,test,reranked,question,conflict_n3r_pressure_sources,minimum cold pressure N3R,tyre-data,False,1,1,0,1.0,0.5,1.0,1,1,1,15,True,0.46529632806777954,incomplete_label_recall_at_5
fresh,validation_evidence/fresh_test.json,d695ca90cadb1422c1654a9f4593eadac414f51cf6ce41fc8673d2dd8c786b44,racevault-corpus-v2,87a3f41f-cfb2-462b-8e9f-ec3be06a22e6,5e669e763b92db944ac86ad22907fb7b0ecfb619,test,reranked,question,neg_budget_cap,What is the budget cap for the season?,unassigned,True,1,0,1,,,,,,,15,False,0.012771867215633392,candidates_for_unanswerable_not_an_abstention_failure
fresh,validation_evidence/fresh_test.json,d695ca90cadb1422c1654a9f4593eadac414f51cf6ce41fc8673d2dd8c786b44,racevault-corpus-v2,87a3f41f-cfb2-462b-8e9f-ec3be06a22e6,5e669e763b92db944ac86ad22907fb7b0ecfb619,test,reranked,question,neg_turbo_boost_limit,What is the maximum turbocharger boost pressure permitted?,unassigned,True,1,0,1,,,,,,,15,False,0.02876158617436886,candidates_for_unanswerable_not_an_abstention_failure
fresh,validation_evidence/fresh_test.json,d695ca90cadb1422c1654a9f4593eadac414f51cf6ce41fc8673d2dd8c786b44,racevault-corpus-v2,87a3f41f-cfb2-462b-8e9f-ec3be06a22e6,5e669e763b92db944ac86ad22907fb7b0ecfb619,test,reranked,question,neg_sprint_shootout,What is the sprint shootout format?,unassigned,True,1,0,1,,,,,,,15,False,0.03283695504069328,candidates_for_unanswerable_not_an_abstention_failure
fresh,validation_evidence/fresh_test.json,d695ca90cadb1422c1654a9f4593eadac414f51cf6ce41fc8673d2dd8c786b44,racevault-corpus-v2,87a3f41f-cfb2-462b-8e9f-ec3be06a22e6,5e669e763b92db944ac86ad22907fb7b0ecfb619,test,reranked,question,neg_rallycross_joker,How does the rallycross joker lap work?,unassigned,True,1,0,1,,,,,,,15,False,0.02190636843442917,candidates_for_unanswerable_not_an_abstention_failure
fresh,validation_evidence/fresh_test.json,d695ca90cadb1422c1654a9f4593eadac414f51cf6ce41fc8673d2dd8c786b44,racevault-corpus-v2,87a3f41f-cfb2-462b-8e9f-ec3be06a22e6,5e669e763b92db944ac86ad22907fb7b0ecfb619,test,reranked,aggregate,,,ALL,,13,9,4,0.9444444444444444,0.8888888888888888,0.9444444444444444,1.0,1.0,,,,,
fresh,validation_evidence/fresh_test.json,d695ca90cadb1422c1654a9f4593eadac414f51cf6ce41fc8673d2dd8c786b44,racevault-corpus-v2,87a3f41f-cfb2-462b-8e9f-ec3be06a22e6,5e669e763b92db944ac86ad22907fb7b0ecfb619,test,reranked,family,,,porsche-technical-manual,,3,3,0,0.8333333333333334,0.8333333333333334,0.8333333333333334,1.0,1.0,,,,,
fresh,validation_evidence/fresh_test.json,d695ca90cadb1422c1654a9f4593eadac414f51cf6ce41fc8673d2dd8c786b44,racevault-corpus-v2,87a3f41f-cfb2-462b-8e9f-ec3be06a22e6,5e669e763b92db944ac86ad22907fb7b0ecfb619,test,reranked,family,,,tyre-data,,6,6,0,1.0,0.9166666666666666,1.0,1.0,1.0,,,,,
fresh,validation_evidence/fresh_test.json,d695ca90cadb1422c1654a9f4593eadac414f51cf6ce41fc8673d2dd8c786b44,racevault-corpus-v2,87a3f41f-cfb2-462b-8e9f-ec3be06a22e6,5e669e763b92db944ac86ad22907fb7b0ecfb619,test,reranked,family,,,unassigned,,4,0,4,,,,,,,,,,
saved_recomputed,validation_evidence/historical/after-steps-1-3.json,de7cfeb895eb3f7196920f11064d174b5f740b76f19d16dd1cd37ea8cc13bf8c,racevault-legacy-v1,c1856851-da7e-4e4f-be06-1cacff15dd94,75c8f3ecebee79bd3f52785008555334fa2c6d11,all,lexical,question,reg_joker_tyre_definition,What is a Joker Tyre?,pcc-australia-regulations,False,1,1,0,0.5,1.0,1.0,1,1,2,50,True,43.075394,
saved_recomputed,validation_evidence/historical/after-steps-1-3.json,de7cfeb895eb3f7196920f11064d174b5f740b76f19d16dd1cd37ea8cc13bf8c,racevault-legacy-v1,c1856851-da7e-4e4f-be06-1cacff15dd94,75c8f3ecebee79bd3f52785008555334fa2c6d11,all,lexical,question,reg_control_component_requirement,Are control components mandatory?,pcc-australia-regulations,False,1,1,0,0.5,1.0,1.0,1,1,2,14,True,23.07838,
saved_recomputed,validation_evidence/historical/after-steps-1-3.json,de7cfeb895eb3f7196920f11064d174b5f740b76f19d16dd1cd37ea8cc13bf8c,racevault-legacy-v1,c1856851-da7e-4e4f-be06-1cacff15dd94,75c8f3ecebee79bd3f52785008555334fa2c6d11,all,lexical,question,reg_slick_tyre_definition,Which regulation defines a slick tyre?,pcc-australia-regulations,False,1,1,0,1.0,1.0,1.0,1,1,1,39,True,55.98569,
saved_recomputed,validation_evidence/historical/after-steps-1-3.json,de7cfeb895eb3f7196920f11064d174b5f740b76f19d16dd1cd37ea8cc13bf8c,racevault-legacy-v1,c1856851-da7e-4e4f-be06-1cacff15dd94,75c8f3ecebee79bd3f52785008555334fa2c6d11,all,lexical,question,reg_round_alteration_precedence,What takes precedence when the regulations are altered for a specific round?,pcc-australia-regulations,False,1,1,0,1.0,1.0,1.0,1,1,1,50,True,81.17447,
saved_recomputed,validation_evidence/historical/after-steps-1-3.json,de7cfeb895eb3f7196920f11064d174b5f740b76f19d16dd1cd37ea8cc13bf8c,racevault-legacy-v1,c1856851-da7e-4e4f-be06-1cacff15dd94,75c8f3ecebee79bd3f52785008555334fa2c6d11,all,lexical,question,reg_driver_minimum_age,What is the minimum driver age?,pcc-australia-regulations,False,1,1,0,1.0,1.0,1.0,1,1,1,50,True,33.61911,
saved_recomputed,validation_evidence/historical/after-steps-1-3.json,de7cfeb895eb3f7196920f11064d174b5f740b76f19d16dd1cd37ea8cc13bf8c,racevault-legacy-v1,c1856851-da7e-4e4f-be06-1cacff15dd94,75c8f3ecebee79bd3f52785008555334fa2c6d11,all,lexical,question,reg_2026_calendar,Which circuits are on the 2026 championship calendar?,pcc-australia-regulations,False,1,1,0,0.2,1.0,1.0,1,1,5,50,True,49.293983,
saved_recomputed,validation_evidence/historical/after-steps-1-3.json,de7cfeb895eb3f7196920f11064d174b5f740b76f19d16dd1cd37ea8cc13bf8c,racevault-legacy-v1,c1856851-da7e-4e4f-be06-1cacff15dd94,75c8f3ecebee79bd3f52785008555334fa2c6d11,all,lexical,question,tyre_n3r_dimensions,What are the N3R tyre dimensions and recommended wheel width?,tyre-data,False,1,1,0,1.0,1.0,1.0,1,1,1,10,True,73.69373,
saved_recomputed,validation_evidence/historical/after-steps-1-3.json,de7cfeb895eb3f7196920f11064d174b5f740b76f19d16dd1cd37ea8cc13bf8c,racevault-legacy-v1,c1856851-da7e-4e4f-be06-1cacff15dd94,75c8f3ecebee79bd3f52785008555334fa2c6d11,all,lexical,question,tyre_n3_rolling_circumference,What is the rolling circumference of the front N3 tyre?,tyre-data,False,1,1,0,1.0,1.0,1.0,1,1,1,20,True,59.642685,
saved_recomputed,validation_evidence/historical/after-steps-1-3.json,de7cfeb895eb3f7196920f11064d174b5f740b76f19d16dd1cd37ea8cc13bf8c,racevault-legacy-v1,c1856851-da7e-4e4f-be06-1cacff15dd94,75c8f3ecebee79bd3f52785008555334fa2c6d11,all,lexical,question,tyre_shoulder_temperature_delta,What is the maximum temperature difference between the inside and outside tyre shoulders?,tyre-data,False,1,1,0,1.0,1.0,1.0,1,1,1,19,True,70.09099,
saved_recomputed,validation_evidence/historical/after-steps-1-3.json,de7cfeb895eb3f7196920f11064d174b5f740b76f19d16dd1cd37ea8cc13bf8c,racevault-legacy-v1,c1856851-da7e-4e4f-be06-1cacff15dd94,75c8f3ecebee79bd3f52785008555334fa2c6d11,all,lexical,question,tyre_unlisted_track_recommendation,Which recommendation applies to tracks that are not specifically listed?,tyre-data,False,1,1,0,1.0,1.0,1.0,1,1,1,16,True,49.50582,
saved_recomputed,validation_evidence/historical/after-steps-1-3.json,de7cfeb895eb3f7196920f11064d174b5f740b76f19d16dd1cd37ea8cc13bf8c,racevault-legacy-v1,c1856851-da7e-4e4f-be06-1cacff15dd94,75c8f3ecebee79bd3f52785008555334fa2c6d11,all,lexical,question,tyre_n3r_standard_cold_pressure,What is the standard minimum cold pressure for the rear N3R tyre?,tyre-data,False,1,1,0,0.125,0.0,1.0,0,1,8,20,True,63.793343,miss_at_5;incomplete_label_recall_at_5
saved_recomputed,validation_evidence/historical/after-steps-1-3.json,de7cfeb895eb3f7196920f11064d174b5f740b76f19d16dd1cd37ea8cc13bf8c,racevault-legacy-v1,c1856851-da7e-4e4f-be06-1cacff15dd94,75c8f3ecebee79bd3f52785008555334fa2c6d11,all,lexical,question,manual_intended_use,Is the Porsche 911 Cup 992 II designed for public-road driving?,porsche-technical-manual,False,1,1,0,1.0,0.5,0.5,1,1,1,50,True,75.55659,incomplete_label_recall_at_5;incomplete_label_recall_at_10
saved_recomputed,validation_evidence/historical/after-steps-1-3.json,de7cfeb895eb3f7196920f11064d174b5f740b76f19d16dd1cd37ea8cc13bf8c,racevault-legacy-v1,c1856851-da7e-4e4f-be06-1cacff15dd94,75c8f3ecebee79bd3f52785008555334fa2c6d11,all,lexical,question,manual_main_voltage_switch,Which switch position turns the main voltage supply on?,porsche-technical-manual,False,1,1,0,0.5,1.0,1.0,1,1,2,50,True,95.712105,
saved_recomputed,validation_evidence/historical/after-steps-1-3.json,de7cfeb895eb3f7196920f11064d174b5f740b76f19d16dd1cd37ea8cc13bf8c,racevault-legacy-v1,c1856851-da7e-4e4f-be06-1cacff15dd94,75c8f3ecebee79bd3f52785008555334fa2c6d11,all,lexical,question,manual_fire_system_test,Why must the fire extinguisher system be tested in test mode?,porsche-technical-manual,False,1,1,0,1.0,1.0,1.0,1,1,1,50,True,144.4299,
saved_recomputed,validation_evidence/historical/after-steps-1-3.json,de7cfeb895eb3f7196920f11064d174b5f740b76f19d16dd1cd37ea8cc13bf8c,racevault-legacy-v1,c1856851-da7e-4e4f-be06-1cacff15dd94,75c8f3ecebee79bd3f52785008555334fa2c6d11,all,lexical,question,failure_wrong_regulation_revision,What is a Joker Tyre?,unassigned,True,1,0,1,,,,,,,0,True,,
saved_recomputed,validation_evidence/historical/after-steps-1-3.json,de7cfeb895eb3f7196920f11064d174b5f740b76f19d16dd1cd37ea8cc13bf8c,racevault-legacy-v1,c1856851-da7e-4e4f-be06-1cacff15dd94,75c8f3ecebee79bd3f52785008555334fa2c6d11,all,lexical,question,conflict_n3r_pressure_sources,minimum cold pressure N3R,tyre-data,False,1,1,0,1.0,0.5,0.5,1,1,1,8,False,25.45111,incomplete_label_recall_at_5;incomplete_label_recall_at_10;insufficient_distinct_sources
saved_recomputed,validation_evidence/historical/after-steps-1-3.json,de7cfeb895eb3f7196920f11064d174b5f740b76f19d16dd1cd37ea8cc13bf8c,racevault-legacy-v1,c1856851-da7e-4e4f-be06-1cacff15dd94,75c8f3ecebee79bd3f52785008555334fa2c6d11,all,lexical,aggregate,,,ALL,,16,15,1,0.7883333333333333,0.8666666666666667,0.9333333333333333,0.9333333333333333,1.0,,,,,
saved_recomputed,validation_evidence/historical/after-steps-1-3.json,de7cfeb895eb3f7196920f11064d174b5f740b76f19d16dd1cd37ea8cc13bf8c,racevault-legacy-v1,c1856851-da7e-4e4f-be06-1cacff15dd94,75c8f3ecebee79bd3f52785008555334fa2c6d11,all,lexical,family,,,pcc-australia-regulations,,6,6,0,0.7000000000000001,1.0,1.0,1.0,1.0,,,,,
saved_recomputed,validation_evidence/historical/after-steps-1-3.json,de7cfeb895eb3f7196920f11064d174b5f740b76f19d16dd1cd37ea8cc13bf8c,racevault-legacy-v1,c1856851-da7e-4e4f-be06-1cacff15dd94,75c8f3ecebee79bd3f52785008555334fa2c6d11,all,lexical,family,,,porsche-technical-manual,,3,3,0,0.8333333333333334,0.8333333333333334,0.8333333333333334,1.0,1.0,,,,,
saved_recomputed,validation_evidence/historical/after-steps-1-3.json,de7cfeb895eb3f7196920f11064d174b5f740b76f19d16dd1cd37ea8cc13bf8c,racevault-legacy-v1,c1856851-da7e-4e4f-be06-1cacff15dd94,75c8f3ecebee79bd3f52785008555334fa2c6d11,all,lexical,family,,,tyre-data,,6,6,0,0.8541666666666666,0.75,0.9166666666666666,0.8333333333333334,1.0,,,,,
saved_recomputed,validation_evidence/historical/after-steps-1-3.json,de7cfeb895eb3f7196920f11064d174b5f740b76f19d16dd1cd37ea8cc13bf8c,racevault-legacy-v1,c1856851-da7e-4e4f-be06-1cacff15dd94,75c8f3ecebee79bd3f52785008555334fa2c6d11,all,lexical,family,,,unassigned,,1,0,1,,,,,,,,,,
saved_recomputed,validation_evidence/historical/after-steps-1-3.json,de7cfeb895eb3f7196920f11064d174b5f740b76f19d16dd1cd37ea8cc13bf8c,racevault-legacy-v1,c1856851-da7e-4e4f-be06-1cacff15dd94,75c8f3ecebee79bd3f52785008555334fa2c6d11,all,semantic,question,reg_joker_tyre_definition,What is a Joker Tyre?,pcc-australia-regulations,False,1,1,0,0.125,0.0,1.0,0,1,8,50,True,0.6272660136461842,miss_at_5;incomplete_label_recall_at_5
saved_recomputed,validation_evidence/historical/after-steps-1-3.json,de7cfeb895eb3f7196920f11064d174b5f740b76f19d16dd1cd37ea8cc13bf8c,racevault-legacy-v1,c1856851-da7e-4e4f-be06-1cacff15dd94,75c8f3ecebee79bd3f52785008555334fa2c6d11,all,semantic,question,reg_control_component_requirement,Are control components mandatory?,pcc-australia-regulations,False,1,1,0,0.5,1.0,1.0,1,1,2,50,True,0.5600353646021548,
saved_recomputed,validation_evidence/historical/after-steps-1-3.json,de7cfeb895eb3f7196920f11064d174b5f740b76f19d16dd1cd37ea8cc13bf8c,racevault-legacy-v1,c1856851-da7e-4e4f-be06-1cacff15dd94,75c8f3ecebee79bd3f52785008555334fa2c6d11,all,semantic,question,reg_slick_tyre_definition,Which regulation defines a slick tyre?,pcc-australia-regulations,False,1,1,0,1.0,1.0,1.0,1,1,1,50,True,0.6339391656561761,
saved_recomputed,validation_evidence/historical/after-steps-1-3.json,de7cfeb895eb3f7196920f11064d174b5f740b76f19d16dd1cd37ea8cc13bf8c,racevault-legacy-v1,c1856851-da7e-4e4f-be06-1cacff15dd94,75c8f3ecebee79bd3f52785008555334fa2c6d11,all,semantic,question,reg_round_alteration_precedence,What takes precedence when the regulations are altered for a specific round?,pcc-australia-regulations,False,1,1,0,0.14285714285714285,0.0,1.0,0,1,7,50,True,0.6181314143811598,miss_at_5;incomplete_label_recall_at_5
saved_recomputed,validation_evidence/historical/after-steps-1-3.json,de7cfeb895eb3f7196920f11064d174b5f740b76f19d16dd1cd37ea8cc13bf8c,racevault-legacy-v1,c1856851-da7e-4e4f-be06-1cacff15dd94,75c8f3ecebee79bd3f52785008555334fa2c6d11,all,semantic,question,reg_driver_minimum_age,What is the minimum driver age?,pcc-australia-regulations,False,1,1,0,1.0,1.0,1.0,1,1,1,50,True,0.6439601878730105,
saved_recomputed,validation_evidence/historical/after-steps-1-3.json,de7cfeb895eb3f7196920f11064d174b5f740b76f19d16dd1cd37ea8cc13bf8c,racevault-legacy-v1,c1856851-da7e-4e4f-be06-1cacff15dd94,75c8f3ecebee79bd3f52785008555334fa2c6d11,all,semantic,question,reg_2026_calendar,Which circuits are on the 2026 championship calendar?,pcc-australia-regulations,False,1,1,0,0.5,1.0,1.0,1,1,2,50,True,0.573980381389353,
saved_recomputed,validation_evidence/historical/after-steps-1-3.json,de7cfeb895eb3f7196920f11064d174b5f740b76f19d16dd1cd37ea8cc13bf8c,racevault-legacy-v1,c1856851-da7e-4e4f-be06-1cacff15dd94,75c8f3ecebee79bd3f52785008555334fa2c6d11,all,semantic,question,tyre_n3r_dimensions,What are the N3R tyre dimensions and recommended wheel width?,tyre-data,False,1,1,0,1.0,1.0,1.0,1,1,1,25,True,0.617878914941225,
saved_recomputed,validation_evidence/historical/after-steps-1-3.json,de7cfeb895eb3f7196920f11064d174b5f740b76f19d16dd1cd37ea8cc13bf8c,racevault-legacy-v1,c1856851-da7e-4e4f-be06-1cacff15dd94,75c8f3ecebee79bd3f52785008555334fa2c6d11,all,semantic,question,tyre_n3_rolling_circumference,What is the rolling circumference of the front N3 tyre?,tyre-data,False,1,1,0,1.0,1.0,1.0,1,1,1,25,True,0.6062092022213693,
saved_recomputed,validation_evidence/historical/after-steps-1-3.json,de7cfeb895eb3f7196920f11064d174b5f740b76f19d16dd1cd37ea8cc13bf8c,racevault-legacy-v1,c1856851-da7e-4e4f-be06-1cacff15dd94,75c8f3ecebee79bd3f52785008555334fa2c6d11,all,semantic,question,tyre_shoulder_temperature_delta,What is the maximum temperature difference between the inside and outside tyre shoulders?,tyre-data,False,1,1,0,1.0,1.0,1.0,1,1,1,25,True,0.6699824342719709,
saved_recomputed,validation_evidence/historical/after-steps-1-3.json,de7cfeb895eb3f7196920f11064d174b5f740b76f19d16dd1cd37ea8cc13bf8c,racevault-legacy-v1,c1856851-da7e-4e4f-be06-1cacff15dd94,75c8f3ecebee79bd3f52785008555334fa2c6d11,all,semantic,question,tyre_unlisted_track_recommendation,Which recommendation applies to tracks that are not specifically listed?,tyre-data,False,1,1,0,1.0,1.0,1.0,1,1,1,25,True,0.6149428665296063,
saved_recomputed,validation_evidence/historical/after-steps-1-3.json,de7cfeb895eb3f7196920f11064d174b5f740b76f19d16dd1cd37ea8cc13bf8c,racevault-legacy-v1,c1856851-da7e-4e4f-be06-1cacff15dd94,75c8f3ecebee79bd3f52785008555334fa2c6d11,all,semantic,question,tyre_n3r_standard_cold_pressure,What is the standard minimum cold pressure for the rear N3R tyre?,tyre-data,False,1,1,0,0.5,1.0,1.0,1,1,2,25,True,0.6020995567264242,
saved_recomputed,validation_evidence/historical/after-steps-1-3.json,de7cfeb895eb3f7196920f11064d174b5f740b76f19d16dd1cd37ea8cc13bf8c,racevault-legacy-v1,c1856851-da7e-4e4f-be06-1cacff15dd94,75c8f3ecebee79bd3f52785008555334fa2c6d11,all,semantic,question,manual_intended_use,Is the Porsche 911 Cup 992 II designed for public-road driving?,porsche-technical-manual,False,1,1,0,1.0,0.5,0.5,1,1,1,50,True,0.6904211902745828,incomplete_label_recall_at_5;incomplete_label_recall_at_10
saved_recomputed,validation_evidence/historical/after-steps-1-3.json,de7cfeb895eb3f7196920f11064d174b5f740b76f19d16dd1cd37ea8cc13bf8c,racevault-legacy-v1,c1856851-da7e-4e4f-be06-1cacff15dd94,75c8f3ecebee79bd3f52785008555334fa2c6d11,all,semantic,question,manual_main_voltage_switch,Which switch position turns the main voltage supply on?,porsche-technical-manual,False,1,1,0,1.0,1.0,1.0,1,1,1,50,True,0.7220828214015583,
saved_recomputed,validation_evidence/historical/after-steps-1-3.json,de7cfeb895eb3f7196920f11064d174b5f740b76f19d16dd1cd37ea8cc13bf8c,racevault-legacy-v1,c1856851-da7e-4e4f-be06-1cacff15dd94,75c8f3ecebee79bd3f52785008555334fa2c6d11,all,semantic,question,manual_fire_system_test,Why must the fire extinguisher system be tested in test mode?,porsche-technical-manual,False,1,1,0,0.5,1.0,1.0,1,1,2,50,True,0.7310404771601442,
saved_recomputed,validation_evidence/historical/after-steps-1-3.json,de7cfeb895eb3f7196920f11064d174b5f740b76f19d16dd1cd37ea8cc13bf8c,racevault-legacy-v1,c1856851-da7e-4e4f-be06-1cacff15dd94,75c8f3ecebee79bd3f52785008555334fa2c6d11,all,semantic,question,failure_wrong_regulation_revision,What is a Joker Tyre?,unassigned,True,1,0,1,,,,,,,0,True,,
saved_recomputed,validation_evidence/historical/after-steps-1-3.json,de7cfeb895eb3f7196920f11064d174b5f740b76f19d16dd1cd37ea8cc13bf8c,racevault-legacy-v1,c1856851-da7e-4e4f-be06-1cacff15dd94,75c8f3ecebee79bd3f52785008555334fa2c6d11,all,semantic,question,conflict_n3r_pressure_sources,minimum cold pressure N3R,tyre-data,False,1,1,0,1.0,0.5,0.5,1,1,1,35,True,0.5551074412173465,incomplete_label_recall_at_5;incomplete_label_recall_at_10
saved_recomputed,validation_evidence/historical/after-steps-1-3.json,de7cfeb895eb3f7196920f11064d174b5f740b76f19d16dd1cd37ea8cc13bf8c,racevault-legacy-v1,c1856851-da7e-4e4f-be06-1cacff15dd94,75c8f3ecebee79bd3f52785008555334fa2c6d11,all,semantic,aggregate,,,ALL,,16,15,1,0.7511904761904762,0.8,0.9333333333333333,0.8666666666666667,1.0,,,,,
saved_recomputed,validation_evidence/historical/after-steps-1-3.json,de7cfeb895eb3f7196920f11064d174b5f740b76f19d16dd1cd37ea8cc13bf8c,racevault-legacy-v1,c1856851-da7e-4e4f-be06-1cacff15dd94,75c8f3ecebee79bd3f52785008555334fa2c6d11,all,semantic,family,,,pcc-australia-regulations,,6,6,0,0.5446428571428571,0.6666666666666666,1.0,0.6666666666666666,1.0,,,,,
saved_recomputed,validation_evidence/historical/after-steps-1-3.json,de7cfeb895eb3f7196920f11064d174b5f740b76f19d16dd1cd37ea8cc13bf8c,racevault-legacy-v1,c1856851-da7e-4e4f-be06-1cacff15dd94,75c8f3ecebee79bd3f52785008555334fa2c6d11,all,semantic,family,,,porsche-technical-manual,,3,3,0,0.8333333333333334,0.8333333333333334,0.8333333333333334,1.0,1.0,,,,,
saved_recomputed,validation_evidence/historical/after-steps-1-3.json,de7cfeb895eb3f7196920f11064d174b5f740b76f19d16dd1cd37ea8cc13bf8c,racevault-legacy-v1,c1856851-da7e-4e4f-be06-1cacff15dd94,75c8f3ecebee79bd3f52785008555334fa2c6d11,all,semantic,family,,,tyre-data,,6,6,0,0.9166666666666666,0.9166666666666666,0.9166666666666666,1.0,1.0,,,,,
saved_recomputed,validation_evidence/historical/after-steps-1-3.json,de7cfeb895eb3f7196920f11064d174b5f740b76f19d16dd1cd37ea8cc13bf8c,racevault-legacy-v1,c1856851-da7e-4e4f-be06-1cacff15dd94,75c8f3ecebee79bd3f52785008555334fa2c6d11,all,semantic,family,,,unassigned,,1,0,1,,,,,,,,,,
saved_recomputed,validation_evidence/historical/after-steps-1-3.json,de7cfeb895eb3f7196920f11064d174b5f740b76f19d16dd1cd37ea8cc13bf8c,racevault-legacy-v1,c1856851-da7e-4e4f-be06-1cacff15dd94,75c8f3ecebee79bd3f52785008555334fa2c6d11,all,fused,question,reg_joker_tyre_definition,What is a Joker Tyre?,pcc-australia-regulations,False,1,1,0,0.2,1.0,1.0,1,1,5,30,True,,
saved_recomputed,validation_evidence/historical/after-steps-1-3.json,de7cfeb895eb3f7196920f11064d174b5f740b76f19d16dd1cd37ea8cc13bf8c,racevault-legacy-v1,c1856851-da7e-4e4f-be06-1cacff15dd94,75c8f3ecebee79bd3f52785008555334fa2c6d11,all,fused,question,reg_control_component_requirement,Are control components mandatory?,pcc-australia-regulations,False,1,1,0,1.0,1.0,1.0,1,1,1,30,True,,
saved_recomputed,validation_evidence/historical/after-steps-1-3.json,de7cfeb895eb3f7196920f11064d174b5f740b76f19d16dd1cd37ea8cc13bf8c,racevault-legacy-v1,c1856851-da7e-4e4f-be06-1cacff15dd94,75c8f3ecebee79bd3f52785008555334fa2c6d11,all,fused,question,reg_slick_tyre_definition,Which regulation defines a slick tyre?,pcc-australia-regulations,False,1,1,0,1.0,1.0,1.0,1,1,1,30,True,,
saved_recomputed,validation_evidence/historical/after-steps-1-3.json,de7cfeb895eb3f7196920f11064d174b5f740b76f19d16dd1cd37ea8cc13bf8c,racevault-legacy-v1,c1856851-da7e-4e4f-be06-1cacff15dd94,75c8f3ecebee79bd3f52785008555334fa2c6d11,all,fused,question,reg_round_alteration_precedence,What takes precedence when the regulations are altered for a specific round?,pcc-australia-regulations,False,1,1,0,1.0,1.0,1.0,1,1,1,30,True,,
saved_recomputed,validation_evidence/historical/after-steps-1-3.json,de7cfeb895eb3f7196920f11064d174b5f740b76f19d16dd1cd37ea8cc13bf8c,racevault-legacy-v1,c1856851-da7e-4e4f-be06-1cacff15dd94,75c8f3ecebee79bd3f52785008555334fa2c6d11,all,fused,question,reg_driver_minimum_age,What is the minimum driver age?,pcc-australia-regulations,False,1,1,0,1.0,1.0,1.0,1,1,1,30,True,,
saved_recomputed,validation_evidence/historical/after-steps-1-3.json,de7cfeb895eb3f7196920f11064d174b5f740b76f19d16dd1cd37ea8cc13bf8c,racevault-legacy-v1,c1856851-da7e-4e4f-be06-1cacff15dd94,75c8f3ecebee79bd3f52785008555334fa2c6d11,all,fused,question,reg_2026_calendar,Which circuits are on the 2026 championship calendar?,pcc-australia-regulations,False,1,1,0,0.25,1.0,1.0,1,1,4,30,True,,
saved_recomputed,validation_evidence/historical/after-steps-1-3.json,de7cfeb895eb3f7196920f11064d174b5f740b76f19d16dd1cd37ea8cc13bf8c,racevault-legacy-v1,c1856851-da7e-4e4f-be06-1cacff15dd94,75c8f3ecebee79bd3f52785008555334fa2c6d11,all,fused,question,tyre_n3r_dimensions,What are the N3R tyre dimensions and recommended wheel width?,tyre-data,False,1,1,0,1.0,1.0,1.0,1,1,1,25,True,,
saved_recomputed,validation_evidence/historical/after-steps-1-3.json,de7cfeb895eb3f7196920f11064d174b5f740b76f19d16dd1cd37ea8cc13bf8c,racevault-legacy-v1,c1856851-da7e-4e4f-be06-1cacff15dd94,75c8f3ecebee79bd3f52785008555334fa2c6d11,all,fused,question,tyre_n3_rolling_circumference,What is the rolling circumference of the front N3 tyre?,tyre-data,False,1,1,0,1.0,1.0,1.0,1,1,1,25,True,,
saved_recomputed,validation_evidence/historical/after-steps-1-3.json,de7cfeb895eb3f7196920f11064d174b5f740b76f19d16dd1cd37ea8cc13bf8c,racevault-legacy-v1,c1856851-da7e-4e4f-be06-1cacff15dd94,75c8f3ecebee79bd3f52785008555334fa2c6d11,all,fused,question,tyre_shoulder_temperature_delta,What is the maximum temperature difference between the inside and outside tyre shoulders?,tyre-data,False,1,1,0,1.0,1.0,1.0,1,1,1,25,True,,
saved_recomputed,validation_evidence/historical/after-steps-1-3.json,de7cfeb895eb3f7196920f11064d174b5f740b76f19d16dd1cd37ea8cc13bf8c,racevault-legacy-v1,c1856851-da7e-4e4f-be06-1cacff15dd94,75c8f3ecebee79bd3f52785008555334fa2c6d11,all,fused,question,tyre_unlisted_track_recommendation,Which recommendation applies to tracks that are not specifically listed?,tyre-data,False,1,1,0,1.0,1.0,1.0,1,1,1,25,True,,
saved_recomputed,validation_evidence/historical/after-steps-1-3.json,de7cfeb895eb3f7196920f11064d174b5f740b76f19d16dd1cd37ea8cc13bf8c,racevault-legacy-v1,c1856851-da7e-4e4f-be06-1cacff15dd94,75c8f3ecebee79bd3f52785008555334fa2c6d11,all,fused,question,tyre_n3r_standard_cold_pressure,What is the standard minimum cold pressure for the rear N3R tyre?,tyre-data,False,1,1,0,0.3333333333333333,1.0,1.0,1,1,3,25,True,,
saved_recomputed,validation_evidence/historical/after-steps-1-3.json,de7cfeb895eb3f7196920f11064d174b5f740b76f19d16dd1cd37ea8cc13bf8c,racevault-legacy-v1,c1856851-da7e-4e4f-be06-1cacff15dd94,75c8f3ecebee79bd3f52785008555334fa2c6d11,all,fused,question,manual_intended_use,Is the Porsche 911 Cup 992 II designed for public-road driving?,porsche-technical-manual,False,1,1,0,1.0,0.5,0.5,1,1,1,30,True,,incomplete_label_recall_at_5;incomplete_label_recall_at_10
saved_recomputed,validation_evidence/historical/after-steps-1-3.json,de7cfeb895eb3f7196920f11064d174b5f740b76f19d16dd1cd37ea8cc13bf8c,racevault-legacy-v1,c1856851-da7e-4e4f-be06-1cacff15dd94,75c8f3ecebee79bd3f52785008555334fa2c6d11,all,fused,question,manual_main_voltage_switch,Which switch position turns the main voltage supply on?,porsche-technical-manual,False,1,1,0,0.5,1.0,1.0,1,1,2,30,True,,
saved_recomputed,validation_evidence/historical/after-steps-1-3.json,de7cfeb895eb3f7196920f11064d174b5f740b76f19d16dd1cd37ea8cc13bf8c,racevault-legacy-v1,c1856851-da7e-4e4f-be06-1cacff15dd94,75c8f3ecebee79bd3f52785008555334fa2c6d11,all,fused,question,manual_fire_system_test,Why must the fire extinguisher system be tested in test mode?,porsche-technical-manual,False,1,1,0,1.0,1.0,1.0,1,1,1,30,True,,
saved_recomputed,validation_evidence/historical/after-steps-1-3.json,de7cfeb895eb3f7196920f11064d174b5f740b76f19d16dd1cd37ea8cc13bf8c,racevault-legacy-v1,c1856851-da7e-4e4f-be06-1cacff15dd94,75c8f3ecebee79bd3f52785008555334fa2c6d11,all,fused,question,failure_wrong_regulation_revision,What is a Joker Tyre?,unassigned,True,1,0,1,,,,,,,0,True,,
saved_recomputed,validation_evidence/historical/after-steps-1-3.json,de7cfeb895eb3f7196920f11064d174b5f740b76f19d16dd1cd37ea8cc13bf8c,racevault-legacy-v1,c1856851-da7e-4e4f-be06-1cacff15dd94,75c8f3ecebee79bd3f52785008555334fa2c6d11,all,fused,question,conflict_n3r_pressure_sources,minimum cold pressure N3R,tyre-data,False,1,1,0,1.0,0.5,0.5,1,1,1,30,True,,incomplete_label_recall_at_5;incomplete_label_recall_at_10
saved_recomputed,validation_evidence/historical/after-steps-1-3.json,de7cfeb895eb3f7196920f11064d174b5f740b76f19d16dd1cd37ea8cc13bf8c,racevault-legacy-v1,c1856851-da7e-4e4f-be06-1cacff15dd94,75c8f3ecebee79bd3f52785008555334fa2c6d11,all,fused,aggregate,,,ALL,,16,15,1,0.8188888888888889,0.9333333333333333,0.9333333333333333,1.0,1.0,,,,,
saved_recomputed,validation_evidence/historical/after-steps-1-3.json,de7cfeb895eb3f7196920f11064d174b5f740b76f19d16dd1cd37ea8cc13bf8c,racevault-legacy-v1,c1856851-da7e-4e4f-be06-1cacff15dd94,75c8f3ecebee79bd3f52785008555334fa2c6d11,all,fused,family,,,pcc-australia-regulations,,6,6,0,0.7416666666666667,1.0,1.0,1.0,1.0,,,,,
saved_recomputed,validation_evidence/historical/after-steps-1-3.json,de7cfeb895eb3f7196920f11064d174b5f740b76f19d16dd1cd37ea8cc13bf8c,racevault-legacy-v1,c1856851-da7e-4e4f-be06-1cacff15dd94,75c8f3ecebee79bd3f52785008555334fa2c6d11,all,fused,family,,,porsche-technical-manual,,3,3,0,0.8333333333333334,0.8333333333333334,0.8333333333333334,1.0,1.0,,,,,
saved_recomputed,validation_evidence/historical/after-steps-1-3.json,de7cfeb895eb3f7196920f11064d174b5f740b76f19d16dd1cd37ea8cc13bf8c,racevault-legacy-v1,c1856851-da7e-4e4f-be06-1cacff15dd94,75c8f3ecebee79bd3f52785008555334fa2c6d11,all,fused,family,,,tyre-data,,6,6,0,0.8888888888888888,0.9166666666666666,0.9166666666666666,1.0,1.0,,,,,
saved_recomputed,validation_evidence/historical/after-steps-1-3.json,de7cfeb895eb3f7196920f11064d174b5f740b76f19d16dd1cd37ea8cc13bf8c,racevault-legacy-v1,c1856851-da7e-4e4f-be06-1cacff15dd94,75c8f3ecebee79bd3f52785008555334fa2c6d11,all,fused,family,,,unassigned,,1,0,1,,,,,,,,,,
saved_recomputed,validation_evidence/historical/after-steps-1-3.json,de7cfeb895eb3f7196920f11064d174b5f740b76f19d16dd1cd37ea8cc13bf8c,racevault-legacy-v1,c1856851-da7e-4e4f-be06-1cacff15dd94,75c8f3ecebee79bd3f52785008555334fa2c6d11,all,reranked,question,reg_joker_tyre_definition,What is a Joker Tyre?,pcc-australia-regulations,False,1,1,0,1.0,1.0,1.0,1,1,1,15,True,0.7895584106445312,
saved_recomputed,validation_evidence/historical/after-steps-1-3.json,de7cfeb895eb3f7196920f11064d174b5f740b76f19d16dd1cd37ea8cc13bf8c,racevault-legacy-v1,c1856851-da7e-4e4f-be06-1cacff15dd94,75c8f3ecebee79bd3f52785008555334fa2c6d11,all,reranked,question,reg_control_component_requirement,Are control components mandatory?,pcc-australia-regulations,False,1,1,0,1.0,1.0,1.0,1,1,1,15,True,0.9853278994560242,
saved_recomputed,validation_evidence/historical/after-steps-1-3.json,de7cfeb895eb3f7196920f11064d174b5f740b76f19d16dd1cd37ea8cc13bf8c,racevault-legacy-v1,c1856851-da7e-4e4f-be06-1cacff15dd94,75c8f3ecebee79bd3f52785008555334fa2c6d11,all,reranked,question,reg_slick_tyre_definition,Which regulation defines a slick tyre?,pcc-australia-regulations,False,1,1,0,1.0,1.0,1.0,1,1,1,15,True,0.9654463529586792,
saved_recomputed,validation_evidence/historical/after-steps-1-3.json,de7cfeb895eb3f7196920f11064d174b5f740b76f19d16dd1cd37ea8cc13bf8c,racevault-legacy-v1,c1856851-da7e-4e4f-be06-1cacff15dd94,75c8f3ecebee79bd3f52785008555334fa2c6d11,all,reranked,question,reg_round_alteration_precedence,What takes precedence when the regulations are altered for a specific round?,pcc-australia-regulations,False,1,1,0,1.0,1.0,1.0,1,1,1,15,True,0.9933589100837708,
saved_recomputed,validation_evidence/historical/after-steps-1-3.json,de7cfeb895eb3f7196920f11064d174b5f740b76f19d16dd1cd37ea8cc13bf8c,racevault-legacy-v1,c1856851-da7e-4e4f-be06-1cacff15dd94,75c8f3ecebee79bd3f52785008555334fa2c6d11,all,reranked,question,reg_driver_minimum_age,What is the minimum driver age?,pcc-australia-regulations,False,1,1,0,1.0,1.0,1.0,1,1,1,15,True,0.7364006042480469,
saved_recomputed,validation_evidence/historical/after-steps-1-3.json,de7cfeb895eb3f7196920f11064d174b5f740b76f19d16dd1cd37ea8cc13bf8c,racevault-legacy-v1,c1856851-da7e-4e4f-be06-1cacff15dd94,75c8f3ecebee79bd3f52785008555334fa2c6d11,all,reranked,question,reg_2026_calendar,Which circuits are on the 2026 championship calendar?,pcc-australia-regulations,False,1,1,0,1.0,1.0,1.0,1,1,1,15,True,0.4449867904186249,
saved_recomputed,validation_evidence/historical/after-steps-1-3.json,de7cfeb895eb3f7196920f11064d174b5f740b76f19d16dd1cd37ea8cc13bf8c,racevault-legacy-v1,c1856851-da7e-4e4f-be06-1cacff15dd94,75c8f3ecebee79bd3f52785008555334fa2c6d11,all,reranked,question,tyre_n3r_dimensions,What are the N3R tyre dimensions and recommended wheel width?,tyre-data,False,1,1,0,1.0,1.0,1.0,1,1,1,15,True,0.8385475873947144,
saved_recomputed,validation_evidence/historical/after-steps-1-3.json,de7cfeb895eb3f7196920f11064d174b5f740b76f19d16dd1cd37ea8cc13bf8c,racevault-legacy-v1,c1856851-da7e-4e4f-be06-1cacff15dd94,75c8f3ecebee79bd3f52785008555334fa2c6d11,all,reranked,question,tyre_n3_rolling_circumference,What is the rolling circumference of the front N3 tyre?,tyre-data,False,1,1,0,1.0,1.0,1.0,1,1,1,15,True,0.5446500182151794,
saved_recomputed,validation_evidence/historical/after-steps-1-3.json,de7cfeb895eb3f7196920f11064d174b5f740b76f19d16dd1cd37ea8cc13bf8c,racevault-legacy-v1,c1856851-da7e-4e4f-be06-1cacff15dd94,75c8f3ecebee79bd3f52785008555334fa2c6d11,all,reranked,question,tyre_shoulder_temperature_delta,What is the maximum temperature difference between the inside and outside tyre shoulders?,tyre-data,False,1,1,0,1.0,1.0,1.0,1,1,1,15,True,0.9322068691253662,
saved_recomputed,validation_evidence/historical/after-steps-1-3.json,de7cfeb895eb3f7196920f11064d174b5f740b76f19d16dd1cd37ea8cc13bf8c,racevault-legacy-v1,c1856851-da7e-4e4f-be06-1cacff15dd94,75c8f3ecebee79bd3f52785008555334fa2c6d11,all,reranked,question,tyre_unlisted_track_recommendation,Which recommendation applies to tracks that are not specifically listed?,tyre-data,False,1,1,0,1.0,1.0,1.0,1,1,1,15,True,0.9207897186279297,
saved_recomputed,validation_evidence/historical/after-steps-1-3.json,de7cfeb895eb3f7196920f11064d174b5f740b76f19d16dd1cd37ea8cc13bf8c,racevault-legacy-v1,c1856851-da7e-4e4f-be06-1cacff15dd94,75c8f3ecebee79bd3f52785008555334fa2c6d11,all,reranked,question,tyre_n3r_standard_cold_pressure,What is the standard minimum cold pressure for the rear N3R tyre?,tyre-data,False,1,1,0,1.0,1.0,1.0,1,1,1,15,True,0.32039588689804077,
saved_recomputed,validation_evidence/historical/after-steps-1-3.json,de7cfeb895eb3f7196920f11064d174b5f740b76f19d16dd1cd37ea8cc13bf8c,racevault-legacy-v1,c1856851-da7e-4e4f-be06-1cacff15dd94,75c8f3ecebee79bd3f52785008555334fa2c6d11,all,reranked,question,manual_intended_use,Is the Porsche 911 Cup 992 II designed for public-road driving?,porsche-technical-manual,False,1,1,0,1.0,0.5,0.5,1,1,1,15,True,0.9674717783927917,incomplete_label_recall_at_5;incomplete_label_recall_at_10
saved_recomputed,validation_evidence/historical/after-steps-1-3.json,de7cfeb895eb3f7196920f11064d174b5f740b76f19d16dd1cd37ea8cc13bf8c,racevault-legacy-v1,c1856851-da7e-4e4f-be06-1cacff15dd94,75c8f3ecebee79bd3f52785008555334fa2c6d11,all,reranked,question,manual_main_voltage_switch,Which switch position turns the main voltage supply on?,porsche-technical-manual,False,1,1,0,0.5,1.0,1.0,1,1,2,15,True,0.9527502655982971,
saved_recomputed,validation_evidence/historical/after-steps-1-3.json,de7cfeb895eb3f7196920f11064d174b5f740b76f19d16dd1cd37ea8cc13bf8c,racevault-legacy-v1,c1856851-da7e-4e4f-be06-1cacff15dd94,75c8f3ecebee79bd3f52785008555334fa2c6d11,all,reranked,question,manual_fire_system_test,Why must the fire extinguisher system be tested in test mode?,porsche-technical-manual,False,1,1,0,1.0,1.0,1.0,1,1,1,15,True,0.9987648725509644,
saved_recomputed,validation_evidence/historical/after-steps-1-3.json,de7cfeb895eb3f7196920f11064d174b5f740b76f19d16dd1cd37ea8cc13bf8c,racevault-legacy-v1,c1856851-da7e-4e4f-be06-1cacff15dd94,75c8f3ecebee79bd3f52785008555334fa2c6d11,all,reranked,question,failure_wrong_regulation_revision,What is a Joker Tyre?,unassigned,True,1,0,1,,,,,,,0,True,,
saved_recomputed,validation_evidence/historical/after-steps-1-3.json,de7cfeb895eb3f7196920f11064d174b5f740b76f19d16dd1cd37ea8cc13bf8c,racevault-legacy-v1,c1856851-da7e-4e4f-be06-1cacff15dd94,75c8f3ecebee79bd3f52785008555334fa2c6d11,all,reranked,question,conflict_n3r_pressure_sources,minimum cold pressure N3R,tyre-data,False,1,1,0,1.0,0.5,1.0,1,1,1,15,True,0.4658430814743042,incomplete_label_recall_at_5
saved_recomputed,validation_evidence/historical/after-steps-1-3.json,de7cfeb895eb3f7196920f11064d174b5f740b76f19d16dd1cd37ea8cc13bf8c,racevault-legacy-v1,c1856851-da7e-4e4f-be06-1cacff15dd94,75c8f3ecebee79bd3f52785008555334fa2c6d11,all,reranked,aggregate,,,ALL,,16,15,1,0.9666666666666667,0.9333333333333333,0.9666666666666667,1.0,1.0,,,,,
saved_recomputed,validation_evidence/historical/after-steps-1-3.json,de7cfeb895eb3f7196920f11064d174b5f740b76f19d16dd1cd37ea8cc13bf8c,racevault-legacy-v1,c1856851-da7e-4e4f-be06-1cacff15dd94,75c8f3ecebee79bd3f52785008555334fa2c6d11,all,reranked,family,,,pcc-australia-regulations,,6,6,0,1.0,1.0,1.0,1.0,1.0,,,,,
saved_recomputed,validation_evidence/historical/after-steps-1-3.json,de7cfeb895eb3f7196920f11064d174b5f740b76f19d16dd1cd37ea8cc13bf8c,racevault-legacy-v1,c1856851-da7e-4e4f-be06-1cacff15dd94,75c8f3ecebee79bd3f52785008555334fa2c6d11,all,reranked,family,,,porsche-technical-manual,,3,3,0,0.8333333333333334,0.8333333333333334,0.8333333333333334,1.0,1.0,,,,,
saved_recomputed,validation_evidence/historical/after-steps-1-3.json,de7cfeb895eb3f7196920f11064d174b5f740b76f19d16dd1cd37ea8cc13bf8c,racevault-legacy-v1,c1856851-da7e-4e4f-be06-1cacff15dd94,75c8f3ecebee79bd3f52785008555334fa2c6d11,all,reranked,family,,,tyre-data,,6,6,0,1.0,0.9166666666666666,1.0,1.0,1.0,,,,,
saved_recomputed,validation_evidence/historical/after-steps-1-3.json,de7cfeb895eb3f7196920f11064d174b5f740b76f19d16dd1cd37ea8cc13bf8c,racevault-legacy-v1,c1856851-da7e-4e4f-be06-1cacff15dd94,75c8f3ecebee79bd3f52785008555334fa2c6d11,all,reranked,family,,,unassigned,,1,0,1,,,,,,,,,,
saved_recomputed,validation_evidence/historical/corpus-v2-all.json,8c4c58372a03dc6b1908b091144b51c6d88c480a060cfccd95056178d88ccbba,racevault-corpus-v2,40bb1b96-5d46-4eed-9b6f-7e01d1082102,75c8f3ecebee79bd3f52785008555334fa2c6d11,all,lexical,question,reg_joker_tyre_definition,What is a Joker Tyre?,pcc-australia-regulations,False,1,1,0,0.5,1.0,1.0,1,1,2,50,True,43.075394,
saved_recomputed,validation_evidence/historical/corpus-v2-all.json,8c4c58372a03dc6b1908b091144b51c6d88c480a060cfccd95056178d88ccbba,racevault-corpus-v2,40bb1b96-5d46-4eed-9b6f-7e01d1082102,75c8f3ecebee79bd3f52785008555334fa2c6d11,all,lexical,question,reg_control_component_requirement,Are control components mandatory?,pcc-australia-regulations,False,1,1,0,0.5,1.0,1.0,1,1,2,14,True,23.07838,
saved_recomputed,validation_evidence/historical/corpus-v2-all.json,8c4c58372a03dc6b1908b091144b51c6d88c480a060cfccd95056178d88ccbba,racevault-corpus-v2,40bb1b96-5d46-4eed-9b6f-7e01d1082102,75c8f3ecebee79bd3f52785008555334fa2c6d11,all,lexical,question,reg_slick_tyre_definition,Which regulation defines a slick tyre?,pcc-australia-regulations,False,1,1,0,1.0,1.0,1.0,1,1,1,39,True,55.98569,
saved_recomputed,validation_evidence/historical/corpus-v2-all.json,8c4c58372a03dc6b1908b091144b51c6d88c480a060cfccd95056178d88ccbba,racevault-corpus-v2,40bb1b96-5d46-4eed-9b6f-7e01d1082102,75c8f3ecebee79bd3f52785008555334fa2c6d11,all,lexical,question,reg_round_alteration_precedence,What takes precedence when the regulations are altered for a specific round?,pcc-australia-regulations,False,1,1,0,1.0,1.0,1.0,1,1,1,50,True,81.17447,
saved_recomputed,validation_evidence/historical/corpus-v2-all.json,8c4c58372a03dc6b1908b091144b51c6d88c480a060cfccd95056178d88ccbba,racevault-corpus-v2,40bb1b96-5d46-4eed-9b6f-7e01d1082102,75c8f3ecebee79bd3f52785008555334fa2c6d11,all,lexical,question,reg_driver_minimum_age,What is the minimum driver age?,pcc-australia-regulations,False,1,1,0,1.0,1.0,1.0,1,1,1,50,True,33.61911,
saved_recomputed,validation_evidence/historical/corpus-v2-all.json,8c4c58372a03dc6b1908b091144b51c6d88c480a060cfccd95056178d88ccbba,racevault-corpus-v2,40bb1b96-5d46-4eed-9b6f-7e01d1082102,75c8f3ecebee79bd3f52785008555334fa2c6d11,all,lexical,question,reg_2026_calendar,Which circuits are on the 2026 championship calendar?,pcc-australia-regulations,False,1,1,0,0.2,1.0,1.0,1,1,5,50,True,49.293983,
saved_recomputed,validation_evidence/historical/corpus-v2-all.json,8c4c58372a03dc6b1908b091144b51c6d88c480a060cfccd95056178d88ccbba,racevault-corpus-v2,40bb1b96-5d46-4eed-9b6f-7e01d1082102,75c8f3ecebee79bd3f52785008555334fa2c6d11,all,lexical,question,tyre_n3r_dimensions,What are the N3R tyre dimensions and recommended wheel width?,tyre-data,False,1,1,0,1.0,1.0,1.0,1,1,1,10,True,73.69373,
saved_recomputed,validation_evidence/historical/corpus-v2-all.json,8c4c58372a03dc6b1908b091144b51c6d88c480a060cfccd95056178d88ccbba,racevault-corpus-v2,40bb1b96-5d46-4eed-9b6f-7e01d1082102,75c8f3ecebee79bd3f52785008555334fa2c6d11,all,lexical,question,tyre_n3_rolling_circumference,What is the rolling circumference of the front N3 tyre?,tyre-data,False,1,1,0,1.0,1.0,1.0,1,1,1,20,True,59.642685,
saved_recomputed,validation_evidence/historical/corpus-v2-all.json,8c4c58372a03dc6b1908b091144b51c6d88c480a060cfccd95056178d88ccbba,racevault-corpus-v2,40bb1b96-5d46-4eed-9b6f-7e01d1082102,75c8f3ecebee79bd3f52785008555334fa2c6d11,all,lexical,question,tyre_shoulder_temperature_delta,What is the maximum temperature difference between the inside and outside tyre shoulders?,tyre-data,False,1,1,0,1.0,1.0,1.0,1,1,1,19,True,70.09099,
saved_recomputed,validation_evidence/historical/corpus-v2-all.json,8c4c58372a03dc6b1908b091144b51c6d88c480a060cfccd95056178d88ccbba,racevault-corpus-v2,40bb1b96-5d46-4eed-9b6f-7e01d1082102,75c8f3ecebee79bd3f52785008555334fa2c6d11,all,lexical,question,tyre_unlisted_track_recommendation,Which recommendation applies to tracks that are not specifically listed?,tyre-data,False,1,1,0,1.0,1.0,1.0,1,1,1,16,True,49.50582,
saved_recomputed,validation_evidence/historical/corpus-v2-all.json,8c4c58372a03dc6b1908b091144b51c6d88c480a060cfccd95056178d88ccbba,racevault-corpus-v2,40bb1b96-5d46-4eed-9b6f-7e01d1082102,75c8f3ecebee79bd3f52785008555334fa2c6d11,all,lexical,question,tyre_n3r_standard_cold_pressure,What is the standard minimum cold pressure for the rear N3R tyre?,tyre-data,False,1,1,0,0.125,0.0,1.0,0,1,8,20,True,63.793343,miss_at_5;incomplete_label_recall_at_5
saved_recomputed,validation_evidence/historical/corpus-v2-all.json,8c4c58372a03dc6b1908b091144b51c6d88c480a060cfccd95056178d88ccbba,racevault-corpus-v2,40bb1b96-5d46-4eed-9b6f-7e01d1082102,75c8f3ecebee79bd3f52785008555334fa2c6d11,all,lexical,question,manual_intended_use,Is the Porsche 911 Cup 992 II designed for public-road driving?,porsche-technical-manual,False,1,1,0,1.0,0.5,0.5,1,1,1,50,True,75.55659,incomplete_label_recall_at_5;incomplete_label_recall_at_10
saved_recomputed,validation_evidence/historical/corpus-v2-all.json,8c4c58372a03dc6b1908b091144b51c6d88c480a060cfccd95056178d88ccbba,racevault-corpus-v2,40bb1b96-5d46-4eed-9b6f-7e01d1082102,75c8f3ecebee79bd3f52785008555334fa2c6d11,all,lexical,question,manual_main_voltage_switch,Which switch position turns the main voltage supply on?,porsche-technical-manual,False,1,1,0,0.5,1.0,1.0,1,1,2,50,True,95.712105,
saved_recomputed,validation_evidence/historical/corpus-v2-all.json,8c4c58372a03dc6b1908b091144b51c6d88c480a060cfccd95056178d88ccbba,racevault-corpus-v2,40bb1b96-5d46-4eed-9b6f-7e01d1082102,75c8f3ecebee79bd3f52785008555334fa2c6d11,all,lexical,question,manual_fire_system_test,Why must the fire extinguisher system be tested in test mode?,porsche-technical-manual,False,1,1,0,1.0,1.0,1.0,1,1,1,50,True,144.4299,
saved_recomputed,validation_evidence/historical/corpus-v2-all.json,8c4c58372a03dc6b1908b091144b51c6d88c480a060cfccd95056178d88ccbba,racevault-corpus-v2,40bb1b96-5d46-4eed-9b6f-7e01d1082102,75c8f3ecebee79bd3f52785008555334fa2c6d11,all,lexical,question,failure_wrong_regulation_revision,What is a Joker Tyre?,unassigned,True,1,0,1,,,,,,,0,True,,
saved_recomputed,validation_evidence/historical/corpus-v2-all.json,8c4c58372a03dc6b1908b091144b51c6d88c480a060cfccd95056178d88ccbba,racevault-corpus-v2,40bb1b96-5d46-4eed-9b6f-7e01d1082102,75c8f3ecebee79bd3f52785008555334fa2c6d11,all,lexical,question,conflict_n3r_pressure_sources,minimum cold pressure N3R,tyre-data,False,1,1,0,1.0,0.5,0.5,1,1,1,8,False,25.45111,incomplete_label_recall_at_5;incomplete_label_recall_at_10;insufficient_distinct_sources
saved_recomputed,validation_evidence/historical/corpus-v2-all.json,8c4c58372a03dc6b1908b091144b51c6d88c480a060cfccd95056178d88ccbba,racevault-corpus-v2,40bb1b96-5d46-4eed-9b6f-7e01d1082102,75c8f3ecebee79bd3f52785008555334fa2c6d11,all,lexical,question,aus_current_minimum_weight,What is the minimum weight of the car in Carrera Cup Australia?,pcc-australia-regulations,False,1,1,0,0,0.0,0.0,0,0,,50,False,66.63759,no_label_match_in_returned_list;incomplete_label_recall_at_5;incomplete_label_recall_at_10
saved_recomputed,validation_evidence/historical/corpus-v2-all.json,8c4c58372a03dc6b1908b091144b51c6d88c480a060cfccd95056178d88ccbba,racevault-corpus-v2,40bb1b96-5d46-4eed-9b6f-7e01d1082102,75c8f3ecebee79bd3f52785008555334fa2c6d11,all,lexical,question,aus_current_racing_weight,What minimum racing weight must a Carrera Cup Australia car achieve?,pcc-australia-regulations,False,1,1,0,1.0,1.0,1.0,1,1,1,50,True,91.37289,
saved_recomputed,validation_evidence/historical/corpus-v2-all.json,8c4c58372a03dc6b1908b091144b51c6d88c480a060cfccd95056178d88ccbba,racevault-corpus-v2,40bb1b96-5d46-4eed-9b6f-7e01d1082102,75c8f3ecebee79bd3f52785008555334fa2c6d11,all,lexical,question,aus_2025_minimum_weight,What was the minimum car weight in the 2025 Carrera Cup Australia regulations?,pcc-australia-regulations,False,1,1,0,0,0.0,0.0,0,0,,50,False,84.221924,no_label_match_in_returned_list;incomplete_label_recall_at_5;incomplete_label_recall_at_10
saved_recomputed,validation_evidence/historical/corpus-v2-all.json,8c4c58372a03dc6b1908b091144b51c6d88c480a060cfccd95056178d88ccbba,racevault-corpus-v2,40bb1b96-5d46-4eed-9b6f-7e01d1082102,75c8f3ecebee79bd3f52785008555334fa2c6d11,all,lexical,question,aus_driver_minimum_weight,"How much must a driver weigh in Carrera Cup Australia, and what happens if they weigh less?",pcc-australia-regulations,False,1,1,0,1.0,1.0,1.0,1,1,1,50,True,94.34661,
saved_recomputed,validation_evidence/historical/corpus-v2-all.json,8c4c58372a03dc6b1908b091144b51c6d88c480a060cfccd95056178d88ccbba,racevault-corpus-v2,40bb1b96-5d46-4eed-9b6f-7e01d1082102,75c8f3ecebee79bd3f52785008555334fa2c6d11,all,lexical,question,aus_fuel_remaining,How much fuel must remain in the car during a track session?,pcc-australia-regulations,False,1,1,0,0.3333333333333333,1.0,1.0,1,1,3,50,True,59.128002,
saved_recomputed,validation_evidence/historical/corpus-v2-all.json,8c4c58372a03dc6b1908b091144b51c6d88c480a060cfccd95056178d88ccbba,racevault-corpus-v2,40bb1b96-5d46-4eed-9b6f-7e01d1082102,75c8f3ecebee79bd3f52785008555334fa2c6d11,all,lexical,question,aus_driver_age,How old must a driver be to compete in Carrera Cup Australia?,pcc-australia-regulations,False,1,1,0,0.2,1.0,1.0,1,1,5,50,True,78.05699,
saved_recomputed,validation_evidence/historical/corpus-v2-all.json,8c4c58372a03dc6b1908b091144b51c6d88c480a060cfccd95056178d88ccbba,racevault-corpus-v2,40bb1b96-5d46-4eed-9b6f-7e01d1082102,75c8f3ecebee79bd3f52785008555334fa2c6d11,all,lexical,question,aus_joker_tyre_allocation,How many Joker Tyres may a driver use per round and per season?,pcc-australia-regulations,False,1,1,0,0.3333333333333333,1.0,1.0,1,1,3,50,True,104.47993,
saved_recomputed,validation_evidence/historical/corpus-v2-all.json,8c4c58372a03dc6b1908b091144b51c6d88c480a060cfccd95056178d88ccbba,racevault-corpus-v2,40bb1b96-5d46-4eed-9b6f-7e01d1082102,75c8f3ecebee79bd3f52785008555334fa2c6d11,all,lexical,question,abs_map_switch_torque,What tightening torque applies to the ABS map switch?,abs-m5,False,1,1,0,0.5,1.0,1.0,1,1,2,50,True,97.40718,
saved_recomputed,validation_evidence/historical/corpus-v2-all.json,8c4c58372a03dc6b1908b091144b51c6d88c480a060cfccd95056178d88ccbba,racevault-corpus-v2,40bb1b96-5d46-4eed-9b6f-7e01d1082102,75c8f3ecebee79bd3f52785008555334fa2c6d11,all,lexical,question,abs_brake_line_diameter,What brake line should be used to plumb the ABS M5 unit?,abs-m5,False,1,1,0,0.25,1.0,1.0,1,1,4,50,True,119.96059,
saved_recomputed,validation_evidence/historical/corpus-v2-all.json,8c4c58372a03dc6b1908b091144b51c6d88c480a060cfccd95056178d88ccbba,racevault-corpus-v2,40bb1b96-5d46-4eed-9b6f-7e01d1082102,75c8f3ecebee79bd3f52785008555334fa2c6d11,all,lexical,question,abs_reset_after_drive_cycle_fault,How is the ABS reset after a drive cycle fault?,abs-m5,False,1,1,0,1.0,1.0,1.0,1,1,1,50,True,103.557495,
saved_recomputed,validation_evidence/historical/corpus-v2-all.json,8c4c58372a03dc6b1908b091144b51c6d88c480a060cfccd95056178d88ccbba,racevault-corpus-v2,40bb1b96-5d46-4eed-9b6f-7e01d1082102,75c8f3ecebee79bd3f52785008555334fa2c6d11,all,lexical,question,abs_map_switch_positions,How many positions does the ABS function switch have?,abs-m5,False,1,1,0,0.05,0.0,0.0,0,0,20,50,True,105.020386,miss_at_5;miss_at_10;incomplete_label_recall_at_5;incomplete_label_recall_at_10
saved_recomputed,validation_evidence/historical/corpus-v2-all.json,8c4c58372a03dc6b1908b091144b51c6d88c480a060cfccd95056178d88ccbba,racevault-corpus-v2,40bb1b96-5d46-4eed-9b6f-7e01d1082102,75c8f3ecebee79bd3f52785008555334fa2c6d11,all,lexical,question,abs_hydraulic_unit_weight,How much does the ABS M5 hydraulic unit weigh?,abs-m5,False,1,1,0,0.02564102564102564,0.0,0.0,0,0,39,50,True,112.093994,miss_at_5;miss_at_10;incomplete_label_recall_at_5;incomplete_label_recall_at_10
saved_recomputed,validation_evidence/historical/corpus-v2-all.json,8c4c58372a03dc6b1908b091144b51c6d88c480a060cfccd95056178d88ccbba,racevault-corpus-v2,40bb1b96-5d46-4eed-9b6f-7e01d1082102,75c8f3ecebee79bd3f52785008555334fa2c6d11,all,lexical,question,software_update_order,"In what order must the PowerBox, logger and display be updated?",cup-software-updates,False,1,1,0,1.0,1.0,1.0,1,1,1,50,True,91.44964,
saved_recomputed,validation_evidence/historical/corpus-v2-all.json,8c4c58372a03dc6b1908b091144b51c6d88c480a060cfccd95056178d88ccbba,racevault-corpus-v2,40bb1b96-5d46-4eed-9b6f-7e01d1082102,75c8f3ecebee79bd3f52785008555334fa2c6d11,all,lexical,question,ecu_temperature_range,What temperature range is the MS 6 harness connector rated for?,ms6-ecu,False,1,1,0,1.0,1.0,1.0,1,1,1,50,True,113.72061,
saved_recomputed,validation_evidence/historical/corpus-v2-all.json,8c4c58372a03dc6b1908b091144b51c6d88c480a060cfccd95056178d88ccbba,racevault-corpus-v2,40bb1b96-5d46-4eed-9b6f-7e01d1082102,75c8f3ecebee79bd3f52785008555334fa2c6d11,all,lexical,question,ecu_flywheel_sensor_type,Can the MS 6 use an inductive sensor for flywheel measurement?,ms6-ecu,False,1,1,0,1.0,1.0,1.0,1,1,1,50,True,141.49889,
saved_recomputed,validation_evidence/historical/corpus-v2-all.json,8c4c58372a03dc6b1908b091144b51c6d88c480a060cfccd95056178d88ccbba,racevault-corpus-v2,40bb1b96-5d46-4eed-9b6f-7e01d1082102,75c8f3ecebee79bd3f52785008555334fa2c6d11,all,lexical,question,part_front_left_caliper,What is the part number for the front left brake caliper on the 992 GT3 Cup?,part-catalogue-992,False,1,1,0,1.0,1.0,1.0,1,1,1,50,True,89.88104,
saved_recomputed,validation_evidence/historical/corpus-v2-all.json,8c4c58372a03dc6b1908b091144b51c6d88c480a060cfccd95056178d88ccbba,racevault-corpus-v2,40bb1b96-5d46-4eed-9b6f-7e01d1082102,75c8f3ecebee79bd3f52785008555334fa2c6d11,all,lexical,question,neg_drs_activation,Where are the DRS activation zones?,unassigned,True,1,0,1,,,,,,,50,False,27.74078,candidates_for_unanswerable_not_an_abstention_failure
saved_recomputed,validation_evidence/historical/corpus-v2-all.json,8c4c58372a03dc6b1908b091144b51c6d88c480a060cfccd95056178d88ccbba,racevault-corpus-v2,40bb1b96-5d46-4eed-9b6f-7e01d1082102,75c8f3ecebee79bd3f52785008555334fa2c6d11,all,lexical,question,neg_energy_recovery,How is the energy recovery system deployed on a qualifying lap?,unassigned,True,1,0,1,,,,,,,50,False,52.780598,candidates_for_unanswerable_not_an_abstention_failure
saved_recomputed,validation_evidence/historical/corpus-v2-all.json,8c4c58372a03dc6b1908b091144b51c6d88c480a060cfccd95056178d88ccbba,racevault-corpus-v2,40bb1b96-5d46-4eed-9b6f-7e01d1082102,75c8f3ecebee79bd3f52785008555334fa2c6d11,all,lexical,question,neg_push_to_pass,How many push to pass activations does each driver get?,unassigned,True,1,0,1,,,,,,,50,False,43.715797,candidates_for_unanswerable_not_an_abstention_failure
saved_recomputed,validation_evidence/historical/corpus-v2-all.json,8c4c58372a03dc6b1908b091144b51c6d88c480a060cfccd95056178d88ccbba,racevault-corpus-v2,40bb1b96-5d46-4eed-9b6f-7e01d1082102,75c8f3ecebee79bd3f52785008555334fa2c6d11,all,lexical,question,neg_success_ballast,How much success ballast is added after a race win?,unassigned,True,1,0,1,,,,,,,50,False,44.318314,candidates_for_unanswerable_not_an_abstention_failure
saved_recomputed,validation_evidence/historical/corpus-v2-all.json,8c4c58372a03dc6b1908b091144b51c6d88c480a060cfccd95056178d88ccbba,racevault-corpus-v2,40bb1b96-5d46-4eed-9b6f-7e01d1082102,75c8f3ecebee79bd3f52785008555334fa2c6d11,all,lexical,question,neg_budget_cap,What is the budget cap for the season?,unassigned,True,1,0,1,,,,,,,50,False,34.630714,candidates_for_unanswerable_not_an_abstention_failure
saved_recomputed,validation_evidence/historical/corpus-v2-all.json,8c4c58372a03dc6b1908b091144b51c6d88c480a060cfccd95056178d88ccbba,racevault-corpus-v2,40bb1b96-5d46-4eed-9b6f-7e01d1082102,75c8f3ecebee79bd3f52785008555334fa2c6d11,all,lexical,question,neg_turbo_boost_limit,What is the maximum turbocharger boost pressure permitted?,unassigned,True,1,0,1,,,,,,,50,False,39.3693,candidates_for_unanswerable_not_an_abstention_failure
saved_recomputed,validation_evidence/historical/corpus-v2-all.json,8c4c58372a03dc6b1908b091144b51c6d88c480a060cfccd95056178d88ccbba,racevault-corpus-v2,40bb1b96-5d46-4eed-9b6f-7e01d1082102,75c8f3ecebee79bd3f52785008555334fa2c6d11,all,lexical,question,neg_sprint_shootout,What is the sprint shootout format?,unassigned,True,1,0,1,,,,,,,50,False,61.235954,candidates_for_unanswerable_not_an_abstention_failure
saved_recomputed,validation_evidence/historical/corpus-v2-all.json,8c4c58372a03dc6b1908b091144b51c6d88c480a060cfccd95056178d88ccbba,racevault-corpus-v2,40bb1b96-5d46-4eed-9b6f-7e01d1082102,75c8f3ecebee79bd3f52785008555334fa2c6d11,all,lexical,question,neg_rallycross_joker,How does the rallycross joker lap work?,unassigned,True,1,0,1,,,,,,,50,False,41.279,candidates_for_unanswerable_not_an_abstention_failure
saved_recomputed,validation_evidence/historical/corpus-v2-all.json,8c4c58372a03dc6b1908b091144b51c6d88c480a060cfccd95056178d88ccbba,racevault-corpus-v2,40bb1b96-5d46-4eed-9b6f-7e01d1082102,75c8f3ecebee79bd3f52785008555334fa2c6d11,all,lexical,aggregate,,,ALL,,40,31,9,0.661848635235732,0.8064516129032258,0.8387096774193549,0.8387096774193549,0.8709677419354839,,,,,
saved_recomputed,validation_evidence/historical/corpus-v2-all.json,8c4c58372a03dc6b1908b091144b51c6d88c480a060cfccd95056178d88ccbba,racevault-corpus-v2,40bb1b96-5d46-4eed-9b6f-7e01d1082102,75c8f3ecebee79bd3f52785008555334fa2c6d11,all,lexical,family,,,abs-m5,,5,5,0,0.3651282051282051,0.6,0.6,0.6,0.6,,,,,
saved_recomputed,validation_evidence/historical/corpus-v2-all.json,8c4c58372a03dc6b1908b091144b51c6d88c480a060cfccd95056178d88ccbba,racevault-corpus-v2,40bb1b96-5d46-4eed-9b6f-7e01d1082102,75c8f3ecebee79bd3f52785008555334fa2c6d11,all,lexical,family,,,cup-software-updates,,1,1,0,1.0,1.0,1.0,1.0,1.0,,,,,
saved_recomputed,validation_evidence/historical/corpus-v2-all.json,8c4c58372a03dc6b1908b091144b51c6d88c480a060cfccd95056178d88ccbba,racevault-corpus-v2,40bb1b96-5d46-4eed-9b6f-7e01d1082102,75c8f3ecebee79bd3f52785008555334fa2c6d11,all,lexical,family,,,ms6-ecu,,2,2,0,1.0,1.0,1.0,1.0,1.0,,,,,
saved_recomputed,validation_evidence/historical/corpus-v2-all.json,8c4c58372a03dc6b1908b091144b51c6d88c480a060cfccd95056178d88ccbba,racevault-corpus-v2,40bb1b96-5d46-4eed-9b6f-7e01d1082102,75c8f3ecebee79bd3f52785008555334fa2c6d11,all,lexical,family,,,part-catalogue-992,,1,1,0,1.0,1.0,1.0,1.0,1.0,,,,,
saved_recomputed,validation_evidence/historical/corpus-v2-all.json,8c4c58372a03dc6b1908b091144b51c6d88c480a060cfccd95056178d88ccbba,racevault-corpus-v2,40bb1b96-5d46-4eed-9b6f-7e01d1082102,75c8f3ecebee79bd3f52785008555334fa2c6d11,all,lexical,family,,,pcc-australia-regulations,,13,13,0,0.5435897435897435,0.8461538461538461,0.8461538461538461,0.8461538461538461,0.8461538461538461,,,,,
saved_recomputed,validation_evidence/historical/corpus-v2-all.json,8c4c58372a03dc6b1908b091144b51c6d88c480a060cfccd95056178d88ccbba,racevault-corpus-v2,40bb1b96-5d46-4eed-9b6f-7e01d1082102,75c8f3ecebee79bd3f52785008555334fa2c6d11,all,lexical,family,,,porsche-technical-manual,,3,3,0,0.8333333333333334,0.8333333333333334,0.8333333333333334,1.0,1.0,,,,,
saved_recomputed,validation_evidence/historical/corpus-v2-all.json,8c4c58372a03dc6b1908b091144b51c6d88c480a060cfccd95056178d88ccbba,racevault-corpus-v2,40bb1b96-5d46-4eed-9b6f-7e01d1082102,75c8f3ecebee79bd3f52785008555334fa2c6d11,all,lexical,family,,,tyre-data,,6,6,0,0.8541666666666666,0.75,0.9166666666666666,0.8333333333333334,1.0,,,,,
saved_recomputed,validation_evidence/historical/corpus-v2-all.json,8c4c58372a03dc6b1908b091144b51c6d88c480a060cfccd95056178d88ccbba,racevault-corpus-v2,40bb1b96-5d46-4eed-9b6f-7e01d1082102,75c8f3ecebee79bd3f52785008555334fa2c6d11,all,lexical,family,,,unassigned,,9,0,9,,,,,,,,,,
saved_recomputed,validation_evidence/historical/corpus-v2-all.json,8c4c58372a03dc6b1908b091144b51c6d88c480a060cfccd95056178d88ccbba,racevault-corpus-v2,40bb1b96-5d46-4eed-9b6f-7e01d1082102,75c8f3ecebee79bd3f52785008555334fa2c6d11,all,semantic,question,reg_joker_tyre_definition,What is a Joker Tyre?,pcc-australia-regulations,False,1,1,0,0.125,0.0,1.0,0,1,8,50,True,0.6272660136461842,miss_at_5;incomplete_label_recall_at_5
saved_recomputed,validation_evidence/historical/corpus-v2-all.json,8c4c58372a03dc6b1908b091144b51c6d88c480a060cfccd95056178d88ccbba,racevault-corpus-v2,40bb1b96-5d46-4eed-9b6f-7e01d1082102,75c8f3ecebee79bd3f52785008555334fa2c6d11,all,semantic,question,reg_control_component_requirement,Are control components mandatory?,pcc-australia-regulations,False,1,1,0,0.5,1.0,1.0,1,1,2,50,True,0.5600353646021548,
saved_recomputed,validation_evidence/historical/corpus-v2-all.json,8c4c58372a03dc6b1908b091144b51c6d88c480a060cfccd95056178d88ccbba,racevault-corpus-v2,40bb1b96-5d46-4eed-9b6f-7e01d1082102,75c8f3ecebee79bd3f52785008555334fa2c6d11,all,semantic,question,reg_slick_tyre_definition,Which regulation defines a slick tyre?,pcc-australia-regulations,False,1,1,0,1.0,1.0,1.0,1,1,1,50,True,0.6339391656561761,
saved_recomputed,validation_evidence/historical/corpus-v2-all.json,8c4c58372a03dc6b1908b091144b51c6d88c480a060cfccd95056178d88ccbba,racevault-corpus-v2,40bb1b96-5d46-4eed-9b6f-7e01d1082102,75c8f3ecebee79bd3f52785008555334fa2c6d11,all,semantic,question,reg_round_alteration_precedence,What takes precedence when the regulations are altered for a specific round?,pcc-australia-regulations,False,1,1,0,0.14285714285714285,0.0,1.0,0,1,7,50,True,0.6181314143811598,miss_at_5;incomplete_label_recall_at_5
saved_recomputed,validation_evidence/historical/corpus-v2-all.json,8c4c58372a03dc6b1908b091144b51c6d88c480a060cfccd95056178d88ccbba,racevault-corpus-v2,40bb1b96-5d46-4eed-9b6f-7e01d1082102,75c8f3ecebee79bd3f52785008555334fa2c6d11,all,semantic,question,reg_driver_minimum_age,What is the minimum driver age?,pcc-australia-regulations,False,1,1,0,1.0,1.0,1.0,1,1,1,50,True,0.6439601878730105,
saved_recomputed,validation_evidence/historical/corpus-v2-all.json,8c4c58372a03dc6b1908b091144b51c6d88c480a060cfccd95056178d88ccbba,racevault-corpus-v2,40bb1b96-5d46-4eed-9b6f-7e01d1082102,75c8f3ecebee79bd3f52785008555334fa2c6d11,all,semantic,question,reg_2026_calendar,Which circuits are on the 2026 championship calendar?,pcc-australia-regulations,False,1,1,0,0.5,1.0,1.0,1,1,2,50,True,0.573980381389353,
saved_recomputed,validation_evidence/historical/corpus-v2-all.json,8c4c58372a03dc6b1908b091144b51c6d88c480a060cfccd95056178d88ccbba,racevault-corpus-v2,40bb1b96-5d46-4eed-9b6f-7e01d1082102,75c8f3ecebee79bd3f52785008555334fa2c6d11,all,semantic,question,tyre_n3r_dimensions,What are the N3R tyre dimensions and recommended wheel width?,tyre-data,False,1,1,0,1.0,1.0,1.0,1,1,1,25,True,0.617878914941225,
saved_recomputed,validation_evidence/historical/corpus-v2-all.json,8c4c58372a03dc6b1908b091144b51c6d88c480a060cfccd95056178d88ccbba,racevault-corpus-v2,40bb1b96-5d46-4eed-9b6f-7e01d1082102,75c8f3ecebee79bd3f52785008555334fa2c6d11,all,semantic,question,tyre_n3_rolling_circumference,What is the rolling circumference of the front N3 tyre?,tyre-data,False,1,1,0,1.0,1.0,1.0,1,1,1,25,True,0.6062092022213693,
saved_recomputed,validation_evidence/historical/corpus-v2-all.json,8c4c58372a03dc6b1908b091144b51c6d88c480a060cfccd95056178d88ccbba,racevault-corpus-v2,40bb1b96-5d46-4eed-9b6f-7e01d1082102,75c8f3ecebee79bd3f52785008555334fa2c6d11,all,semantic,question,tyre_shoulder_temperature_delta,What is the maximum temperature difference between the inside and outside tyre shoulders?,tyre-data,False,1,1,0,1.0,1.0,1.0,1,1,1,25,True,0.6699824342719709,
saved_recomputed,validation_evidence/historical/corpus-v2-all.json,8c4c58372a03dc6b1908b091144b51c6d88c480a060cfccd95056178d88ccbba,racevault-corpus-v2,40bb1b96-5d46-4eed-9b6f-7e01d1082102,75c8f3ecebee79bd3f52785008555334fa2c6d11,all,semantic,question,tyre_unlisted_track_recommendation,Which recommendation applies to tracks that are not specifically listed?,tyre-data,False,1,1,0,1.0,1.0,1.0,1,1,1,25,True,0.6149428665296063,
saved_recomputed,validation_evidence/historical/corpus-v2-all.json,8c4c58372a03dc6b1908b091144b51c6d88c480a060cfccd95056178d88ccbba,racevault-corpus-v2,40bb1b96-5d46-4eed-9b6f-7e01d1082102,75c8f3ecebee79bd3f52785008555334fa2c6d11,all,semantic,question,tyre_n3r_standard_cold_pressure,What is the standard minimum cold pressure for the rear N3R tyre?,tyre-data,False,1,1,0,0.5,1.0,1.0,1,1,2,25,True,0.6020995567264242,
saved_recomputed,validation_evidence/historical/corpus-v2-all.json,8c4c58372a03dc6b1908b091144b51c6d88c480a060cfccd95056178d88ccbba,racevault-corpus-v2,40bb1b96-5d46-4eed-9b6f-7e01d1082102,75c8f3ecebee79bd3f52785008555334fa2c6d11,all,semantic,question,manual_intended_use,Is the Porsche 911 Cup 992 II designed for public-road driving?,porsche-technical-manual,False,1,1,0,1.0,0.5,0.5,1,1,1,50,True,0.6904211902745828,incomplete_label_recall_at_5;incomplete_label_recall_at_10
saved_recomputed,validation_evidence/historical/corpus-v2-all.json,8c4c58372a03dc6b1908b091144b51c6d88c480a060cfccd95056178d88ccbba,racevault-corpus-v2,40bb1b96-5d46-4eed-9b6f-7e01d1082102,75c8f3ecebee79bd3f52785008555334fa2c6d11,all,semantic,question,manual_main_voltage_switch,Which switch position turns the main voltage supply on?,porsche-technical-manual,False,1,1,0,1.0,1.0,1.0,1,1,1,50,True,0.7220828214015583,
saved_recomputed,validation_evidence/historical/corpus-v2-all.json,8c4c58372a03dc6b1908b091144b51c6d88c480a060cfccd95056178d88ccbba,racevault-corpus-v2,40bb1b96-5d46-4eed-9b6f-7e01d1082102,75c8f3ecebee79bd3f52785008555334fa2c6d11,all,semantic,question,manual_fire_system_test,Why must the fire extinguisher system be tested in test mode?,porsche-technical-manual,False,1,1,0,0.5,1.0,1.0,1,1,2,50,True,0.7310404771601442,
saved_recomputed,validation_evidence/historical/corpus-v2-all.json,8c4c58372a03dc6b1908b091144b51c6d88c480a060cfccd95056178d88ccbba,racevault-corpus-v2,40bb1b96-5d46-4eed-9b6f-7e01d1082102,75c8f3ecebee79bd3f52785008555334fa2c6d11,all,semantic,question,failure_wrong_regulation_revision,What is a Joker Tyre?,unassigned,True,1,0,1,,,,,,,0,True,,
saved_recomputed,validation_evidence/historical/corpus-v2-all.json,8c4c58372a03dc6b1908b091144b51c6d88c480a060cfccd95056178d88ccbba,racevault-corpus-v2,40bb1b96-5d46-4eed-9b6f-7e01d1082102,75c8f3ecebee79bd3f52785008555334fa2c6d11,all,semantic,question,conflict_n3r_pressure_sources,minimum cold pressure N3R,tyre-data,False,1,1,0,1.0,0.5,0.5,1,1,1,35,True,0.5551074412173465,incomplete_label_recall_at_5;incomplete_label_recall_at_10
saved_recomputed,validation_evidence/historical/corpus-v2-all.json,8c4c58372a03dc6b1908b091144b51c6d88c480a060cfccd95056178d88ccbba,racevault-corpus-v2,40bb1b96-5d46-4eed-9b6f-7e01d1082102,75c8f3ecebee79bd3f52785008555334fa2c6d11,all,semantic,question,aus_current_minimum_weight,What is the minimum weight of the car in Carrera Cup Australia?,pcc-australia-regulations,False,1,1,0,0.03571428571428571,0.0,0.0,0,0,28,50,True,0.6517282654582751,miss_at_5;miss_at_10;incomplete_label_recall_at_5;incomplete_label_recall_at_10
saved_recomputed,validation_evidence/historical/corpus-v2-all.json,8c4c58372a03dc6b1908b091144b51c6d88c480a060cfccd95056178d88ccbba,racevault-corpus-v2,40bb1b96-5d46-4eed-9b6f-7e01d1082102,75c8f3ecebee79bd3f52785008555334fa2c6d11,all,semantic,question,aus_current_racing_weight,What minimum racing weight must a Carrera Cup Australia car achieve?,pcc-australia-regulations,False,1,1,0,0.16666666666666666,0.0,1.0,0,1,6,50,True,0.6498096559677952,miss_at_5;incomplete_label_recall_at_5
saved_recomputed,validation_evidence/historical/corpus-v2-all.json,8c4c58372a03dc6b1908b091144b51c6d88c480a060cfccd95056178d88ccbba,racevault-corpus-v2,40bb1b96-5d46-4eed-9b6f-7e01d1082102,75c8f3ecebee79bd3f52785008555334fa2c6d11,all,semantic,question,aus_2025_minimum_weight,What was the minimum car weight in the 2025 Carrera Cup Australia regulations?,pcc-australia-regulations,False,1,1,0,0.14285714285714285,0.0,1.0,0,1,7,50,True,0.6586441452156161,miss_at_5;incomplete_label_recall_at_5
saved_recomputed,validation_evidence/historical/corpus-v2-all.json,8c4c58372a03dc6b1908b091144b51c6d88c480a060cfccd95056178d88ccbba,racevault-corpus-v2,40bb1b96-5d46-4eed-9b6f-7e01d1082102,75c8f3ecebee79bd3f52785008555334fa2c6d11,all,semantic,question,aus_driver_minimum_weight,"How much must a driver weigh in Carrera Cup Australia, and what happens if they weigh less?",pcc-australia-regulations,False,1,1,0,1.0,1.0,1.0,1,1,1,50,True,0.663616056120634,
saved_recomputed,validation_evidence/historical/corpus-v2-all.json,8c4c58372a03dc6b1908b091144b51c6d88c480a060cfccd95056178d88ccbba,racevault-corpus-v2,40bb1b96-5d46-4eed-9b6f-7e01d1082102,75c8f3ecebee79bd3f52785008555334fa2c6d11,all,semantic,question,aus_fuel_remaining,How much fuel must remain in the car during a track session?,pcc-australia-regulations,False,1,1,0,1.0,1.0,1.0,1,1,1,50,True,0.7565117652694482,
saved_recomputed,validation_evidence/historical/corpus-v2-all.json,8c4c58372a03dc6b1908b091144b51c6d88c480a060cfccd95056178d88ccbba,racevault-corpus-v2,40bb1b96-5d46-4eed-9b6f-7e01d1082102,75c8f3ecebee79bd3f52785008555334fa2c6d11,all,semantic,question,aus_driver_age,How old must a driver be to compete in Carrera Cup Australia?,pcc-australia-regulations,False,1,1,0,0.5,1.0,1.0,1,1,2,50,True,0.7177461703571105,
saved_recomputed,validation_evidence/historical/corpus-v2-all.json,8c4c58372a03dc6b1908b091144b51c6d88c480a060cfccd95056178d88ccbba,racevault-corpus-v2,40bb1b96-5d46-4eed-9b6f-7e01d1082102,75c8f3ecebee79bd3f52785008555334fa2c6d11,all,semantic,question,aus_joker_tyre_allocation,How many Joker Tyres may a driver use per round and per season?,pcc-australia-regulations,False,1,1,0,1.0,1.0,1.0,1,1,1,50,True,0.7897079678954916,
saved_recomputed,validation_evidence/historical/corpus-v2-all.json,8c4c58372a03dc6b1908b091144b51c6d88c480a060cfccd95056178d88ccbba,racevault-corpus-v2,40bb1b96-5d46-4eed-9b6f-7e01d1082102,75c8f3ecebee79bd3f52785008555334fa2c6d11,all,semantic,question,abs_map_switch_torque,What tightening torque applies to the ABS map switch?,abs-m5,False,1,1,0,1.0,1.0,1.0,1,1,1,50,True,0.6683785909984798,
saved_recomputed,validation_evidence/historical/corpus-v2-all.json,8c4c58372a03dc6b1908b091144b51c6d88c480a060cfccd95056178d88ccbba,racevault-corpus-v2,40bb1b96-5d46-4eed-9b6f-7e01d1082102,75c8f3ecebee79bd3f52785008555334fa2c6d11,all,semantic,question,abs_brake_line_diameter,What brake line should be used to plumb the ABS M5 unit?,abs-m5,False,1,1,0,1.0,1.0,1.0,1,1,1,50,True,0.7485703296954062,
saved_recomputed,validation_evidence/historical/corpus-v2-all.json,8c4c58372a03dc6b1908b091144b51c6d88c480a060cfccd95056178d88ccbba,racevault-corpus-v2,40bb1b96-5d46-4eed-9b6f-7e01d1082102,75c8f3ecebee79bd3f52785008555334fa2c6d11,all,semantic,question,abs_reset_after_drive_cycle_fault,How is the ABS reset after a drive cycle fault?,abs-m5,False,1,1,0,1.0,1.0,1.0,1,1,1,50,True,0.6960508710336997,
saved_recomputed,validation_evidence/historical/corpus-v2-all.json,8c4c58372a03dc6b1908b091144b51c6d88c480a060cfccd95056178d88ccbba,racevault-corpus-v2,40bb1b96-5d46-4eed-9b6f-7e01d1082102,75c8f3ecebee79bd3f52785008555334fa2c6d11,all,semantic,question,abs_map_switch_positions,How many positions does the ABS function switch have?,abs-m5,False,1,1,0,0,0.0,0.0,0,0,,50,False,0.6719820848359694,no_label_match_in_returned_list;incomplete_label_recall_at_5;incomplete_label_recall_at_10
saved_recomputed,validation_evidence/historical/corpus-v2-all.json,8c4c58372a03dc6b1908b091144b51c6d88c480a060cfccd95056178d88ccbba,racevault-corpus-v2,40bb1b96-5d46-4eed-9b6f-7e01d1082102,75c8f3ecebee79bd3f52785008555334fa2c6d11,all,semantic,question,abs_hydraulic_unit_weight,How much does the ABS M5 hydraulic unit weigh?,abs-m5,False,1,1,0,0.25,1.0,1.0,1,1,4,50,True,0.6470118788959761,
saved_recomputed,validation_evidence/historical/corpus-v2-all.json,8c4c58372a03dc6b1908b091144b51c6d88c480a060cfccd95056178d88ccbba,racevault-corpus-v2,40bb1b96-5d46-4eed-9b6f-7e01d1082102,75c8f3ecebee79bd3f52785008555334fa2c6d11,all,semantic,question,software_update_order,"In what order must the PowerBox, logger and display be updated?",cup-software-updates,False,1,1,0,1.0,1.0,1.0,1,1,1,50,True,0.7484414844917172,
saved_recomputed,validation_evidence/historical/corpus-v2-all.json,8c4c58372a03dc6b1908b091144b51c6d88c480a060cfccd95056178d88ccbba,racevault-corpus-v2,40bb1b96-5d46-4eed-9b6f-7e01d1082102,75c8f3ecebee79bd3f52785008555334fa2c6d11,all,semantic,question,ecu_temperature_range,What temperature range is the MS 6 harness connector rated for?,ms6-ecu,False,1,1,0,1.0,1.0,1.0,1,1,1,50,True,0.7562193717806521,
saved_recomputed,validation_evidence/historical/corpus-v2-all.json,8c4c58372a03dc6b1908b091144b51c6d88c480a060cfccd95056178d88ccbba,racevault-corpus-v2,40bb1b96-5d46-4eed-9b6f-7e01d1082102,75c8f3ecebee79bd3f52785008555334fa2c6d11,all,semantic,question,ecu_flywheel_sensor_type,Can the MS 6 use an inductive sensor for flywheel measurement?,ms6-ecu,False,1,1,0,1.0,1.0,1.0,1,1,1,50,True,0.6436803398463344,
saved_recomputed,validation_evidence/historical/corpus-v2-all.json,8c4c58372a03dc6b1908b091144b51c6d88c480a060cfccd95056178d88ccbba,racevault-corpus-v2,40bb1b96-5d46-4eed-9b6f-7e01d1082102,75c8f3ecebee79bd3f52785008555334fa2c6d11,all,semantic,question,part_front_left_caliper,What is the part number for the front left brake caliper on the 992 GT3 Cup?,part-catalogue-992,False,1,1,0,1.0,1.0,1.0,1,1,1,50,True,0.6812956874961822,
saved_recomputed,validation_evidence/historical/corpus-v2-all.json,8c4c58372a03dc6b1908b091144b51c6d88c480a060cfccd95056178d88ccbba,racevault-corpus-v2,40bb1b96-5d46-4eed-9b6f-7e01d1082102,75c8f3ecebee79bd3f52785008555334fa2c6d11,all,semantic,question,neg_drs_activation,Where are the DRS activation zones?,unassigned,True,1,0,1,,,,,,,50,False,0.4493539221498202,candidates_for_unanswerable_not_an_abstention_failure
saved_recomputed,validation_evidence/historical/corpus-v2-all.json,8c4c58372a03dc6b1908b091144b51c6d88c480a060cfccd95056178d88ccbba,racevault-corpus-v2,40bb1b96-5d46-4eed-9b6f-7e01d1082102,75c8f3ecebee79bd3f52785008555334fa2c6d11,all,semantic,question,neg_energy_recovery,How is the energy recovery system deployed on a qualifying lap?,unassigned,True,1,0,1,,,,,,,50,False,0.6065733780406409,candidates_for_unanswerable_not_an_abstention_failure
saved_recomputed,validation_evidence/historical/corpus-v2-all.json,8c4c58372a03dc6b1908b091144b51c6d88c480a060cfccd95056178d88ccbba,racevault-corpus-v2,40bb1b96-5d46-4eed-9b6f-7e01d1082102,75c8f3ecebee79bd3f52785008555334fa2c6d11,all,semantic,question,neg_push_to_pass,How many push to pass activations does each driver get?,unassigned,True,1,0,1,,,,,,,50,False,0.6267978101684323,candidates_for_unanswerable_not_an_abstention_failure
saved_recomputed,validation_evidence/historical/corpus-v2-all.json,8c4c58372a03dc6b1908b091144b51c6d88c480a060cfccd95056178d88ccbba,racevault-corpus-v2,40bb1b96-5d46-4eed-9b6f-7e01d1082102,75c8f3ecebee79bd3f52785008555334fa2c6d11,all,semantic,question,neg_success_ballast,How much success ballast is added after a race win?,unassigned,True,1,0,1,,,,,,,50,False,0.5407902859561241,candidates_for_unanswerable_not_an_abstention_failure
saved_recomputed,validation_evidence/historical/corpus-v2-all.json,8c4c58372a03dc6b1908b091144b51c6d88c480a060cfccd95056178d88ccbba,racevault-corpus-v2,40bb1b96-5d46-4eed-9b6f-7e01d1082102,75c8f3ecebee79bd3f52785008555334fa2c6d11,all,semantic,question,neg_budget_cap,What is the budget cap for the season?,unassigned,True,1,0,1,,,,,,,50,False,0.5431787903075966,candidates_for_unanswerable_not_an_abstention_failure
saved_recomputed,validation_evidence/historical/corpus-v2-all.json,8c4c58372a03dc6b1908b091144b51c6d88c480a060cfccd95056178d88ccbba,racevault-corpus-v2,40bb1b96-5d46-4eed-9b6f-7e01d1082102,75c8f3ecebee79bd3f52785008555334fa2c6d11,all,semantic,question,neg_turbo_boost_limit,What is the maximum turbocharger boost pressure permitted?,unassigned,True,1,0,1,,,,,,,50,False,0.6160865934135416,candidates_for_unanswerable_not_an_abstention_failure
saved_recomputed,validation_evidence/historical/corpus-v2-all.json,8c4c58372a03dc6b1908b091144b51c6d88c480a060cfccd95056178d88ccbba,racevault-corpus-v2,40bb1b96-5d46-4eed-9b6f-7e01d1082102,75c8f3ecebee79bd3f52785008555334fa2c6d11,all,semantic,question,neg_sprint_shootout,What is the sprint shootout format?,unassigned,True,1,0,1,,,,,,,50,False,0.47424184426804383,candidates_for_unanswerable_not_an_abstention_failure
saved_recomputed,validation_evidence/historical/corpus-v2-all.json,8c4c58372a03dc6b1908b091144b51c6d88c480a060cfccd95056178d88ccbba,racevault-corpus-v2,40bb1b96-5d46-4eed-9b6f-7e01d1082102,75c8f3ecebee79bd3f52785008555334fa2c6d11,all,semantic,question,neg_rallycross_joker,How does the rallycross joker lap work?,unassigned,True,1,0,1,,,,,,,50,False,0.5041936593605754,candidates_for_unanswerable_not_an_abstention_failure
saved_recomputed,validation_evidence/historical/corpus-v2-all.json,8c4c58372a03dc6b1908b091144b51c6d88c480a060cfccd95056178d88ccbba,racevault-corpus-v2,40bb1b96-5d46-4eed-9b6f-7e01d1082102,75c8f3ecebee79bd3f52785008555334fa2c6d11,all,semantic,aggregate,,,ALL,,40,31,9,0.7213901689708141,0.7741935483870968,0.9032258064516129,0.8064516129032258,0.9354838709677419,,,,,
saved_recomputed,validation_evidence/historical/corpus-v2-all.json,8c4c58372a03dc6b1908b091144b51c6d88c480a060cfccd95056178d88ccbba,racevault-corpus-v2,40bb1b96-5d46-4eed-9b6f-7e01d1082102,75c8f3ecebee79bd3f52785008555334fa2c6d11,all,semantic,family,,,abs-m5,,5,5,0,0.65,0.8,0.8,0.8,0.8,,,,,
saved_recomputed,validation_evidence/historical/corpus-v2-all.json,8c4c58372a03dc6b1908b091144b51c6d88c480a060cfccd95056178d88ccbba,racevault-corpus-v2,40bb1b96-5d46-4eed-9b6f-7e01d1082102,75c8f3ecebee79bd3f52785008555334fa2c6d11,all,semantic,family,,,cup-software-updates,,1,1,0,1.0,1.0,1.0,1.0,1.0,,,,,
saved_recomputed,validation_evidence/historical/corpus-v2-all.json,8c4c58372a03dc6b1908b091144b51c6d88c480a060cfccd95056178d88ccbba,racevault-corpus-v2,40bb1b96-5d46-4eed-9b6f-7e01d1082102,75c8f3ecebee79bd3f52785008555334fa2c6d11,all,semantic,family,,,ms6-ecu,,2,2,0,1.0,1.0,1.0,1.0,1.0,,,,,
saved_recomputed,validation_evidence/historical/corpus-v2-all.json,8c4c58372a03dc6b1908b091144b51c6d88c480a060cfccd95056178d88ccbba,racevault-corpus-v2,40bb1b96-5d46-4eed-9b6f-7e01d1082102,75c8f3ecebee79bd3f52785008555334fa2c6d11,all,semantic,family,,,part-catalogue-992,,1,1,0,1.0,1.0,1.0,1.0,1.0,,,,,
saved_recomputed,validation_evidence/historical/corpus-v2-all.json,8c4c58372a03dc6b1908b091144b51c6d88c480a060cfccd95056178d88ccbba,racevault-corpus-v2,40bb1b96-5d46-4eed-9b6f-7e01d1082102,75c8f3ecebee79bd3f52785008555334fa2c6d11,all,semantic,family,,,pcc-australia-regulations,,13,13,0,0.5471611721611722,0.6153846153846154,0.9230769230769231,0.6153846153846154,0.9230769230769231,,,,,
saved_recomputed,validation_evidence/historical/corpus-v2-all.json,8c4c58372a03dc6b1908b091144b51c6d88c480a060cfccd95056178d88ccbba,racevault-corpus-v2,40bb1b96-5d46-4eed-9b6f-7e01d1082102,75c8f3ecebee79bd3f52785008555334fa2c6d11,all,semantic,family,,,porsche-technical-manual,,3,3,0,0.8333333333333334,0.8333333333333334,0.8333333333333334,1.0,1.0,,,,,
saved_recomputed,validation_evidence/historical/corpus-v2-all.json,8c4c58372a03dc6b1908b091144b51c6d88c480a060cfccd95056178d88ccbba,racevault-corpus-v2,40bb1b96-5d46-4eed-9b6f-7e01d1082102,75c8f3ecebee79bd3f52785008555334fa2c6d11,all,semantic,family,,,tyre-data,,6,6,0,0.9166666666666666,0.9166666666666666,0.9166666666666666,1.0,1.0,,,,,
saved_recomputed,validation_evidence/historical/corpus-v2-all.json,8c4c58372a03dc6b1908b091144b51c6d88c480a060cfccd95056178d88ccbba,racevault-corpus-v2,40bb1b96-5d46-4eed-9b6f-7e01d1082102,75c8f3ecebee79bd3f52785008555334fa2c6d11,all,semantic,family,,,unassigned,,9,0,9,,,,,,,,,,
saved_recomputed,validation_evidence/historical/corpus-v2-all.json,8c4c58372a03dc6b1908b091144b51c6d88c480a060cfccd95056178d88ccbba,racevault-corpus-v2,40bb1b96-5d46-4eed-9b6f-7e01d1082102,75c8f3ecebee79bd3f52785008555334fa2c6d11,all,fused,question,reg_joker_tyre_definition,What is a Joker Tyre?,pcc-australia-regulations,False,1,1,0,0.2,1.0,1.0,1,1,5,30,True,,
saved_recomputed,validation_evidence/historical/corpus-v2-all.json,8c4c58372a03dc6b1908b091144b51c6d88c480a060cfccd95056178d88ccbba,racevault-corpus-v2,40bb1b96-5d46-4eed-9b6f-7e01d1082102,75c8f3ecebee79bd3f52785008555334fa2c6d11,all,fused,question,reg_control_component_requirement,Are control components mandatory?,pcc-australia-regulations,False,1,1,0,1.0,1.0,1.0,1,1,1,30,True,,
saved_recomputed,validation_evidence/historical/corpus-v2-all.json,8c4c58372a03dc6b1908b091144b51c6d88c480a060cfccd95056178d88ccbba,racevault-corpus-v2,40bb1b96-5d46-4eed-9b6f-7e01d1082102,75c8f3ecebee79bd3f52785008555334fa2c6d11,all,fused,question,reg_slick_tyre_definition,Which regulation defines a slick tyre?,pcc-australia-regulations,False,1,1,0,1.0,1.0,1.0,1,1,1,30,True,,
saved_recomputed,validation_evidence/historical/corpus-v2-all.json,8c4c58372a03dc6b1908b091144b51c6d88c480a060cfccd95056178d88ccbba,racevault-corpus-v2,40bb1b96-5d46-4eed-9b6f-7e01d1082102,75c8f3ecebee79bd3f52785008555334fa2c6d11,all,fused,question,reg_round_alteration_precedence,What takes precedence when the regulations are altered for a specific round?,pcc-australia-regulations,False,1,1,0,1.0,1.0,1.0,1,1,1,30,True,,
saved_recomputed,validation_evidence/historical/corpus-v2-all.json,8c4c58372a03dc6b1908b091144b51c6d88c480a060cfccd95056178d88ccbba,racevault-corpus-v2,40bb1b96-5d46-4eed-9b6f-7e01d1082102,75c8f3ecebee79bd3f52785008555334fa2c6d11,all,fused,question,reg_driver_minimum_age,What is the minimum driver age?,pcc-australia-regulations,False,1,1,0,1.0,1.0,1.0,1,1,1,30,True,,
saved_recomputed,validation_evidence/historical/corpus-v2-all.json,8c4c58372a03dc6b1908b091144b51c6d88c480a060cfccd95056178d88ccbba,racevault-corpus-v2,40bb1b96-5d46-4eed-9b6f-7e01d1082102,75c8f3ecebee79bd3f52785008555334fa2c6d11,all,fused,question,reg_2026_calendar,Which circuits are on the 2026 championship calendar?,pcc-australia-regulations,False,1,1,0,0.25,1.0,1.0,1,1,4,30,True,,
saved_recomputed,validation_evidence/historical/corpus-v2-all.json,8c4c58372a03dc6b1908b091144b51c6d88c480a060cfccd95056178d88ccbba,racevault-corpus-v2,40bb1b96-5d46-4eed-9b6f-7e01d1082102,75c8f3ecebee79bd3f52785008555334fa2c6d11,all,fused,question,tyre_n3r_dimensions,What are the N3R tyre dimensions and recommended wheel width?,tyre-data,False,1,1,0,1.0,1.0,1.0,1,1,1,25,True,,
saved_recomputed,validation_evidence/historical/corpus-v2-all.json,8c4c58372a03dc6b1908b091144b51c6d88c480a060cfccd95056178d88ccbba,racevault-corpus-v2,40bb1b96-5d46-4eed-9b6f-7e01d1082102,75c8f3ecebee79bd3f52785008555334fa2c6d11,all,fused,question,tyre_n3_rolling_circumference,What is the rolling circumference of the front N3 tyre?,tyre-data,False,1,1,0,1.0,1.0,1.0,1,1,1,25,True,,
saved_recomputed,validation_evidence/historical/corpus-v2-all.json,8c4c58372a03dc6b1908b091144b51c6d88c480a060cfccd95056178d88ccbba,racevault-corpus-v2,40bb1b96-5d46-4eed-9b6f-7e01d1082102,75c8f3ecebee79bd3f52785008555334fa2c6d11,all,fused,question,tyre_shoulder_temperature_delta,What is the maximum temperature difference between the inside and outside tyre shoulders?,tyre-data,False,1,1,0,1.0,1.0,1.0,1,1,1,25,True,,
saved_recomputed,validation_evidence/historical/corpus-v2-all.json,8c4c58372a03dc6b1908b091144b51c6d88c480a060cfccd95056178d88ccbba,racevault-corpus-v2,40bb1b96-5d46-4eed-9b6f-7e01d1082102,75c8f3ecebee79bd3f52785008555334fa2c6d11,all,fused,question,tyre_unlisted_track_recommendation,Which recommendation applies to tracks that are not specifically listed?,tyre-data,False,1,1,0,1.0,1.0,1.0,1,1,1,25,True,,
saved_recomputed,validation_evidence/historical/corpus-v2-all.json,8c4c58372a03dc6b1908b091144b51c6d88c480a060cfccd95056178d88ccbba,racevault-corpus-v2,40bb1b96-5d46-4eed-9b6f-7e01d1082102,75c8f3ecebee79bd3f52785008555334fa2c6d11,all,fused,question,tyre_n3r_standard_cold_pressure,What is the standard minimum cold pressure for the rear N3R tyre?,tyre-data,False,1,1,0,0.3333333333333333,1.0,1.0,1,1,3,25,True,,
saved_recomputed,validation_evidence/historical/corpus-v2-all.json,8c4c58372a03dc6b1908b091144b51c6d88c480a060cfccd95056178d88ccbba,racevault-corpus-v2,40bb1b96-5d46-4eed-9b6f-7e01d1082102,75c8f3ecebee79bd3f52785008555334fa2c6d11,all,fused,question,manual_intended_use,Is the Porsche 911 Cup 992 II designed for public-road driving?,porsche-technical-manual,False,1,1,0,1.0,0.5,0.5,1,1,1,30,True,,incomplete_label_recall_at_5;incomplete_label_recall_at_10
saved_recomputed,validation_evidence/historical/corpus-v2-all.json,8c4c58372a03dc6b1908b091144b51c6d88c480a060cfccd95056178d88ccbba,racevault-corpus-v2,40bb1b96-5d46-4eed-9b6f-7e01d1082102,75c8f3ecebee79bd3f52785008555334fa2c6d11,all,fused,question,manual_main_voltage_switch,Which switch position turns the main voltage supply on?,porsche-technical-manual,False,1,1,0,0.5,1.0,1.0,1,1,2,30,True,,
saved_recomputed,validation_evidence/historical/corpus-v2-all.json,8c4c58372a03dc6b1908b091144b51c6d88c480a060cfccd95056178d88ccbba,racevault-corpus-v2,40bb1b96-5d46-4eed-9b6f-7e01d1082102,75c8f3ecebee79bd3f52785008555334fa2c6d11,all,fused,question,manual_fire_system_test,Why must the fire extinguisher system be tested in test mode?,porsche-technical-manual,False,1,1,0,1.0,1.0,1.0,1,1,1,30,True,,
saved_recomputed,validation_evidence/historical/corpus-v2-all.json,8c4c58372a03dc6b1908b091144b51c6d88c480a060cfccd95056178d88ccbba,racevault-corpus-v2,40bb1b96-5d46-4eed-9b6f-7e01d1082102,75c8f3ecebee79bd3f52785008555334fa2c6d11,all,fused,question,failure_wrong_regulation_revision,What is a Joker Tyre?,unassigned,True,1,0,1,,,,,,,0,True,,
saved_recomputed,validation_evidence/historical/corpus-v2-all.json,8c4c58372a03dc6b1908b091144b51c6d88c480a060cfccd95056178d88ccbba,racevault-corpus-v2,40bb1b96-5d46-4eed-9b6f-7e01d1082102,75c8f3ecebee79bd3f52785008555334fa2c6d11,all,fused,question,conflict_n3r_pressure_sources,minimum cold pressure N3R,tyre-data,False,1,1,0,1.0,0.5,0.5,1,1,1,30,True,,incomplete_label_recall_at_5;incomplete_label_recall_at_10
saved_recomputed,validation_evidence/historical/corpus-v2-all.json,8c4c58372a03dc6b1908b091144b51c6d88c480a060cfccd95056178d88ccbba,racevault-corpus-v2,40bb1b96-5d46-4eed-9b6f-7e01d1082102,75c8f3ecebee79bd3f52785008555334fa2c6d11,all,fused,question,aus_current_minimum_weight,What is the minimum weight of the car in Carrera Cup Australia?,pcc-australia-regulations,False,1,1,0,0,0.0,0.0,0,0,,30,False,,no_label_match_in_returned_list;incomplete_label_recall_at_5;incomplete_label_recall_at_10
saved_recomputed,validation_evidence/historical/corpus-v2-all.json,8c4c58372a03dc6b1908b091144b51c6d88c480a060cfccd95056178d88ccbba,racevault-corpus-v2,40bb1b96-5d46-4eed-9b6f-7e01d1082102,75c8f3ecebee79bd3f52785008555334fa2c6d11,all,fused,question,aus_current_racing_weight,What minimum racing weight must a Carrera Cup Australia car achieve?,pcc-australia-regulations,False,1,1,0,1.0,1.0,1.0,1,1,1,30,True,,
saved_recomputed,validation_evidence/historical/corpus-v2-all.json,8c4c58372a03dc6b1908b091144b51c6d88c480a060cfccd95056178d88ccbba,racevault-corpus-v2,40bb1b96-5d46-4eed-9b6f-7e01d1082102,75c8f3ecebee79bd3f52785008555334fa2c6d11,all,fused,question,aus_2025_minimum_weight,What was the minimum car weight in the 2025 Carrera Cup Australia regulations?,pcc-australia-regulations,False,1,1,0,0.037037037037037035,0.0,0.0,0,0,27,30,True,,miss_at_5;miss_at_10;incomplete_label_recall_at_5;incomplete_label_recall_at_10
saved_recomputed,validation_evidence/historical/corpus-v2-all.json,8c4c58372a03dc6b1908b091144b51c6d88c480a060cfccd95056178d88ccbba,racevault-corpus-v2,40bb1b96-5d46-4eed-9b6f-7e01d1082102,75c8f3ecebee79bd3f52785008555334fa2c6d11,all,fused,question,aus_driver_minimum_weight,"How much must a driver weigh in Carrera Cup Australia, and what happens if they weigh less?",pcc-australia-regulations,False,1,1,0,1.0,1.0,1.0,1,1,1,30,True,,
saved_recomputed,validation_evidence/historical/corpus-v2-all.json,8c4c58372a03dc6b1908b091144b51c6d88c480a060cfccd95056178d88ccbba,racevault-corpus-v2,40bb1b96-5d46-4eed-9b6f-7e01d1082102,75c8f3ecebee79bd3f52785008555334fa2c6d11,all,fused,question,aus_fuel_remaining,How much fuel must remain in the car during a track session?,pcc-australia-regulations,False,1,1,0,1.0,1.0,1.0,1,1,1,30,True,,
saved_recomputed,validation_evidence/historical/corpus-v2-all.json,8c4c58372a03dc6b1908b091144b51c6d88c480a060cfccd95056178d88ccbba,racevault-corpus-v2,40bb1b96-5d46-4eed-9b6f-7e01d1082102,75c8f3ecebee79bd3f52785008555334fa2c6d11,all,fused,question,aus_driver_age,How old must a driver be to compete in Carrera Cup Australia?,pcc-australia-regulations,False,1,1,0,1.0,1.0,1.0,1,1,1,30,True,,
saved_recomputed,validation_evidence/historical/corpus-v2-all.json,8c4c58372a03dc6b1908b091144b51c6d88c480a060cfccd95056178d88ccbba,racevault-corpus-v2,40bb1b96-5d46-4eed-9b6f-7e01d1082102,75c8f3ecebee79bd3f52785008555334fa2c6d11,all,fused,question,aus_joker_tyre_allocation,How many Joker Tyres may a driver use per round and per season?,pcc-australia-regulations,False,1,1,0,1.0,1.0,1.0,1,1,1,30,True,,
saved_recomputed,validation_evidence/historical/corpus-v2-all.json,8c4c58372a03dc6b1908b091144b51c6d88c480a060cfccd95056178d88ccbba,racevault-corpus-v2,40bb1b96-5d46-4eed-9b6f-7e01d1082102,75c8f3ecebee79bd3f52785008555334fa2c6d11,all,fused,question,abs_map_switch_torque,What tightening torque applies to the ABS map switch?,abs-m5,False,1,1,0,1.0,1.0,1.0,1,1,1,30,True,,
saved_recomputed,validation_evidence/historical/corpus-v2-all.json,8c4c58372a03dc6b1908b091144b51c6d88c480a060cfccd95056178d88ccbba,racevault-corpus-v2,40bb1b96-5d46-4eed-9b6f-7e01d1082102,75c8f3ecebee79bd3f52785008555334fa2c6d11,all,fused,question,abs_brake_line_diameter,What brake line should be used to plumb the ABS M5 unit?,abs-m5,False,1,1,0,1.0,1.0,1.0,1,1,1,30,True,,
saved_recomputed,validation_evidence/historical/corpus-v2-all.json,8c4c58372a03dc6b1908b091144b51c6d88c480a060cfccd95056178d88ccbba,racevault-corpus-v2,40bb1b96-5d46-4eed-9b6f-7e01d1082102,75c8f3ecebee79bd3f52785008555334fa2c6d11,all,fused,question,abs_reset_after_drive_cycle_fault,How is the ABS reset after a drive cycle fault?,abs-m5,False,1,1,0,1.0,1.0,1.0,1,1,1,30,True,,
saved_recomputed,validation_evidence/historical/corpus-v2-all.json,8c4c58372a03dc6b1908b091144b51c6d88c480a060cfccd95056178d88ccbba,racevault-corpus-v2,40bb1b96-5d46-4eed-9b6f-7e01d1082102,75c8f3ecebee79bd3f52785008555334fa2c6d11,all,fused,question,abs_map_switch_positions,How many positions does the ABS function switch have?,abs-m5,False,1,1,0,0,0.0,0.0,0,0,,30,False,,no_label_match_in_returned_list;incomplete_label_recall_at_5;incomplete_label_recall_at_10
saved_recomputed,validation_evidence/historical/corpus-v2-all.json,8c4c58372a03dc6b1908b091144b51c6d88c480a060cfccd95056178d88ccbba,racevault-corpus-v2,40bb1b96-5d46-4eed-9b6f-7e01d1082102,75c8f3ecebee79bd3f52785008555334fa2c6d11,all,fused,question,abs_hydraulic_unit_weight,How much does the ABS M5 hydraulic unit weigh?,abs-m5,False,1,1,0,0.08333333333333333,0.0,0.0,0,0,12,30,True,,miss_at_5;miss_at_10;incomplete_label_recall_at_5;incomplete_label_recall_at_10
saved_recomputed,validation_evidence/historical/corpus-v2-all.json,8c4c58372a03dc6b1908b091144b51c6d88c480a060cfccd95056178d88ccbba,racevault-corpus-v2,40bb1b96-5d46-4eed-9b6f-7e01d1082102,75c8f3ecebee79bd3f52785008555334fa2c6d11,all,fused,question,software_update_order,"In what order must the PowerBox, logger and display be updated?",cup-software-updates,False,1,1,0,1.0,1.0,1.0,1,1,1,30,True,,
saved_recomputed,validation_evidence/historical/corpus-v2-all.json,8c4c58372a03dc6b1908b091144b51c6d88c480a060cfccd95056178d88ccbba,racevault-corpus-v2,40bb1b96-5d46-4eed-9b6f-7e01d1082102,75c8f3ecebee79bd3f52785008555334fa2c6d11,all,fused,question,ecu_temperature_range,What temperature range is the MS 6 harness connector rated for?,ms6-ecu,False,1,1,0,1.0,1.0,1.0,1,1,1,30,True,,
saved_recomputed,validation_evidence/historical/corpus-v2-all.json,8c4c58372a03dc6b1908b091144b51c6d88c480a060cfccd95056178d88ccbba,racevault-corpus-v2,40bb1b96-5d46-4eed-9b6f-7e01d1082102,75c8f3ecebee79bd3f52785008555334fa2c6d11,all,fused,question,ecu_flywheel_sensor_type,Can the MS 6 use an inductive sensor for flywheel measurement?,ms6-ecu,False,1,1,0,1.0,1.0,1.0,1,1,1,30,True,,
saved_recomputed,validation_evidence/historical/corpus-v2-all.json,8c4c58372a03dc6b1908b091144b51c6d88c480a060cfccd95056178d88ccbba,racevault-corpus-v2,40bb1b96-5d46-4eed-9b6f-7e01d1082102,75c8f3ecebee79bd3f52785008555334fa2c6d11,all,fused,question,part_front_left_caliper,What is the part number for the front left brake caliper on the 992 GT3 Cup?,part-catalogue-992,False,1,1,0,1.0,1.0,1.0,1,1,1,30,True,,
saved_recomputed,validation_evidence/historical/corpus-v2-all.json,8c4c58372a03dc6b1908b091144b51c6d88c480a060cfccd95056178d88ccbba,racevault-corpus-v2,40bb1b96-5d46-4eed-9b6f-7e01d1082102,75c8f3ecebee79bd3f52785008555334fa2c6d11,all,fused,question,neg_drs_activation,Where are the DRS activation zones?,unassigned,True,1,0,1,,,,,,,30,False,,candidates_for_unanswerable_not_an_abstention_failure
saved_recomputed,validation_evidence/historical/corpus-v2-all.json,8c4c58372a03dc6b1908b091144b51c6d88c480a060cfccd95056178d88ccbba,racevault-corpus-v2,40bb1b96-5d46-4eed-9b6f-7e01d1082102,75c8f3ecebee79bd3f52785008555334fa2c6d11,all,fused,question,neg_energy_recovery,How is the energy recovery system deployed on a qualifying lap?,unassigned,True,1,0,1,,,,,,,30,False,,candidates_for_unanswerable_not_an_abstention_failure
saved_recomputed,validation_evidence/historical/corpus-v2-all.json,8c4c58372a03dc6b1908b091144b51c6d88c480a060cfccd95056178d88ccbba,racevault-corpus-v2,40bb1b96-5d46-4eed-9b6f-7e01d1082102,75c8f3ecebee79bd3f52785008555334fa2c6d11,all,fused,question,neg_push_to_pass,How many push to pass activations does each driver get?,unassigned,True,1,0,1,,,,,,,30,False,,candidates_for_unanswerable_not_an_abstention_failure
saved_recomputed,validation_evidence/historical/corpus-v2-all.json,8c4c58372a03dc6b1908b091144b51c6d88c480a060cfccd95056178d88ccbba,racevault-corpus-v2,40bb1b96-5d46-4eed-9b6f-7e01d1082102,75c8f3ecebee79bd3f52785008555334fa2c6d11,all,fused,question,neg_success_ballast,How much success ballast is added after a race win?,unassigned,True,1,0,1,,,,,,,30,False,,candidates_for_unanswerable_not_an_abstention_failure
saved_recomputed,validation_evidence/historical/corpus-v2-all.json,8c4c58372a03dc6b1908b091144b51c6d88c480a060cfccd95056178d88ccbba,racevault-corpus-v2,40bb1b96-5d46-4eed-9b6f-7e01d1082102,75c8f3ecebee79bd3f52785008555334fa2c6d11,all,fused,question,neg_budget_cap,What is the budget cap for the season?,unassigned,True,1,0,1,,,,,,,30,False,,candidates_for_unanswerable_not_an_abstention_failure
saved_recomputed,validation_evidence/historical/corpus-v2-all.json,8c4c58372a03dc6b1908b091144b51c6d88c480a060cfccd95056178d88ccbba,racevault-corpus-v2,40bb1b96-5d46-4eed-9b6f-7e01d1082102,75c8f3ecebee79bd3f52785008555334fa2c6d11,all,fused,question,neg_turbo_boost_limit,What is the maximum turbocharger boost pressure permitted?,unassigned,True,1,0,1,,,,,,,30,False,,candidates_for_unanswerable_not_an_abstention_failure
saved_recomputed,validation_evidence/historical/corpus-v2-all.json,8c4c58372a03dc6b1908b091144b51c6d88c480a060cfccd95056178d88ccbba,racevault-corpus-v2,40bb1b96-5d46-4eed-9b6f-7e01d1082102,75c8f3ecebee79bd3f52785008555334fa2c6d11,all,fused,question,neg_sprint_shootout,What is the sprint shootout format?,unassigned,True,1,0,1,,,,,,,30,False,,candidates_for_unanswerable_not_an_abstention_failure
saved_recomputed,validation_evidence/historical/corpus-v2-all.json,8c4c58372a03dc6b1908b091144b51c6d88c480a060cfccd95056178d88ccbba,racevault-corpus-v2,40bb1b96-5d46-4eed-9b6f-7e01d1082102,75c8f3ecebee79bd3f52785008555334fa2c6d11,all,fused,question,neg_rallycross_joker,How does the rallycross joker lap work?,unassigned,True,1,0,1,,,,,,,30,False,,candidates_for_unanswerable_not_an_abstention_failure
saved_recomputed,validation_evidence/historical/corpus-v2-all.json,8c4c58372a03dc6b1908b091144b51c6d88c480a060cfccd95056178d88ccbba,racevault-corpus-v2,40bb1b96-5d46-4eed-9b6f-7e01d1082102,75c8f3ecebee79bd3f52785008555334fa2c6d11,all,fused,aggregate,,,ALL,,40,31,9,0.7872162485065711,0.8387096774193549,0.8387096774193549,0.8709677419354839,0.8709677419354839,,,,,
saved_recomputed,validation_evidence/historical/corpus-v2-all.json,8c4c58372a03dc6b1908b091144b51c6d88c480a060cfccd95056178d88ccbba,racevault-corpus-v2,40bb1b96-5d46-4eed-9b6f-7e01d1082102,75c8f3ecebee79bd3f52785008555334fa2c6d11,all,fused,family,,,abs-m5,,5,5,0,0.6166666666666667,0.6,0.6,0.6,0.6,,,,,
saved_recomputed,validation_evidence/historical/corpus-v2-all.json,8c4c58372a03dc6b1908b091144b51c6d88c480a060cfccd95056178d88ccbba,racevault-corpus-v2,40bb1b96-5d46-4eed-9b6f-7e01d1082102,75c8f3ecebee79bd3f52785008555334fa2c6d11,all,fused,family,,,cup-software-updates,,1,1,0,1.0,1.0,1.0,1.0,1.0,,,,,
saved_recomputed,validation_evidence/historical/corpus-v2-all.json,8c4c58372a03dc6b1908b091144b51c6d88c480a060cfccd95056178d88ccbba,racevault-corpus-v2,40bb1b96-5d46-4eed-9b6f-7e01d1082102,75c8f3ecebee79bd3f52785008555334fa2c6d11,all,fused,family,,,ms6-ecu,,2,2,0,1.0,1.0,1.0,1.0,1.0,,,,,
saved_recomputed,validation_evidence/historical/corpus-v2-all.json,8c4c58372a03dc6b1908b091144b51c6d88c480a060cfccd95056178d88ccbba,racevault-corpus-v2,40bb1b96-5d46-4eed-9b6f-7e01d1082102,75c8f3ecebee79bd3f52785008555334fa2c6d11,all,fused,family,,,part-catalogue-992,,1,1,0,1.0,1.0,1.0,1.0,1.0,,,,,
saved_recomputed,validation_evidence/historical/corpus-v2-all.json,8c4c58372a03dc6b1908b091144b51c6d88c480a060cfccd95056178d88ccbba,racevault-corpus-v2,40bb1b96-5d46-4eed-9b6f-7e01d1082102,75c8f3ecebee79bd3f52785008555334fa2c6d11,all,fused,family,,,pcc-australia-regulations,,13,13,0,0.7297720797720798,0.8461538461538461,0.8461538461538461,0.8461538461538461,0.8461538461538461,,,,,
saved_recomputed,validation_evidence/historical/corpus-v2-all.json,8c4c58372a03dc6b1908b091144b51c6d88c480a060cfccd95056178d88ccbba,racevault-corpus-v2,40bb1b96-5d46-4eed-9b6f-7e01d1082102,75c8f3ecebee79bd3f52785008555334fa2c6d11,all,fused,family,,,porsche-technical-manual,,3,3,0,0.8333333333333334,0.8333333333333334,0.8333333333333334,1.0,1.0,,,,,
saved_recomputed,validation_evidence/historical/corpus-v2-all.json,8c4c58372a03dc6b1908b091144b51c6d88c480a060cfccd95056178d88ccbba,racevault-corpus-v2,40bb1b96-5d46-4eed-9b6f-7e01d1082102,75c8f3ecebee79bd3f52785008555334fa2c6d11,all,fused,family,,,tyre-data,,6,6,0,0.8888888888888888,0.9166666666666666,0.9166666666666666,1.0,1.0,,,,,
saved_recomputed,validation_evidence/historical/corpus-v2-all.json,8c4c58372a03dc6b1908b091144b51c6d88c480a060cfccd95056178d88ccbba,racevault-corpus-v2,40bb1b96-5d46-4eed-9b6f-7e01d1082102,75c8f3ecebee79bd3f52785008555334fa2c6d11,all,fused,family,,,unassigned,,9,0,9,,,,,,,,,,
saved_recomputed,validation_evidence/historical/corpus-v2-all.json,8c4c58372a03dc6b1908b091144b51c6d88c480a060cfccd95056178d88ccbba,racevault-corpus-v2,40bb1b96-5d46-4eed-9b6f-7e01d1082102,75c8f3ecebee79bd3f52785008555334fa2c6d11,all,reranked,question,reg_joker_tyre_definition,What is a Joker Tyre?,pcc-australia-regulations,False,1,1,0,1.0,1.0,1.0,1,1,1,15,True,0.7895584106445312,
saved_recomputed,validation_evidence/historical/corpus-v2-all.json,8c4c58372a03dc6b1908b091144b51c6d88c480a060cfccd95056178d88ccbba,racevault-corpus-v2,40bb1b96-5d46-4eed-9b6f-7e01d1082102,75c8f3ecebee79bd3f52785008555334fa2c6d11,all,reranked,question,reg_control_component_requirement,Are control components mandatory?,pcc-australia-regulations,False,1,1,0,1.0,1.0,1.0,1,1,1,15,True,0.9853278994560242,
saved_recomputed,validation_evidence/historical/corpus-v2-all.json,8c4c58372a03dc6b1908b091144b51c6d88c480a060cfccd95056178d88ccbba,racevault-corpus-v2,40bb1b96-5d46-4eed-9b6f-7e01d1082102,75c8f3ecebee79bd3f52785008555334fa2c6d11,all,reranked,question,reg_slick_tyre_definition,Which regulation defines a slick tyre?,pcc-australia-regulations,False,1,1,0,1.0,1.0,1.0,1,1,1,15,True,0.9654463529586792,
saved_recomputed,validation_evidence/historical/corpus-v2-all.json,8c4c58372a03dc6b1908b091144b51c6d88c480a060cfccd95056178d88ccbba,racevault-corpus-v2,40bb1b96-5d46-4eed-9b6f-7e01d1082102,75c8f3ecebee79bd3f52785008555334fa2c6d11,all,reranked,question,reg_round_alteration_precedence,What takes precedence when the regulations are altered for a specific round?,pcc-australia-regulations,False,1,1,0,1.0,1.0,1.0,1,1,1,15,True,0.9933589100837708,
saved_recomputed,validation_evidence/historical/corpus-v2-all.json,8c4c58372a03dc6b1908b091144b51c6d88c480a060cfccd95056178d88ccbba,racevault-corpus-v2,40bb1b96-5d46-4eed-9b6f-7e01d1082102,75c8f3ecebee79bd3f52785008555334fa2c6d11,all,reranked,question,reg_driver_minimum_age,What is the minimum driver age?,pcc-australia-regulations,False,1,1,0,1.0,1.0,1.0,1,1,1,15,True,0.7364006042480469,
saved_recomputed,validation_evidence/historical/corpus-v2-all.json,8c4c58372a03dc6b1908b091144b51c6d88c480a060cfccd95056178d88ccbba,racevault-corpus-v2,40bb1b96-5d46-4eed-9b6f-7e01d1082102,75c8f3ecebee79bd3f52785008555334fa2c6d11,all,reranked,question,reg_2026_calendar,Which circuits are on the 2026 championship calendar?,pcc-australia-regulations,False,1,1,0,1.0,1.0,1.0,1,1,1,15,True,0.4449867904186249,
saved_recomputed,validation_evidence/historical/corpus-v2-all.json,8c4c58372a03dc6b1908b091144b51c6d88c480a060cfccd95056178d88ccbba,racevault-corpus-v2,40bb1b96-5d46-4eed-9b6f-7e01d1082102,75c8f3ecebee79bd3f52785008555334fa2c6d11,all,reranked,question,tyre_n3r_dimensions,What are the N3R tyre dimensions and recommended wheel width?,tyre-data,False,1,1,0,1.0,1.0,1.0,1,1,1,15,True,0.8385475873947144,
saved_recomputed,validation_evidence/historical/corpus-v2-all.json,8c4c58372a03dc6b1908b091144b51c6d88c480a060cfccd95056178d88ccbba,racevault-corpus-v2,40bb1b96-5d46-4eed-9b6f-7e01d1082102,75c8f3ecebee79bd3f52785008555334fa2c6d11,all,reranked,question,tyre_n3_rolling_circumference,What is the rolling circumference of the front N3 tyre?,tyre-data,False,1,1,0,1.0,1.0,1.0,1,1,1,15,True,0.5446500182151794,
saved_recomputed,validation_evidence/historical/corpus-v2-all.json,8c4c58372a03dc6b1908b091144b51c6d88c480a060cfccd95056178d88ccbba,racevault-corpus-v2,40bb1b96-5d46-4eed-9b6f-7e01d1082102,75c8f3ecebee79bd3f52785008555334fa2c6d11,all,reranked,question,tyre_shoulder_temperature_delta,What is the maximum temperature difference between the inside and outside tyre shoulders?,tyre-data,False,1,1,0,1.0,1.0,1.0,1,1,1,15,True,0.9322068691253662,
saved_recomputed,validation_evidence/historical/corpus-v2-all.json,8c4c58372a03dc6b1908b091144b51c6d88c480a060cfccd95056178d88ccbba,racevault-corpus-v2,40bb1b96-5d46-4eed-9b6f-7e01d1082102,75c8f3ecebee79bd3f52785008555334fa2c6d11,all,reranked,question,tyre_unlisted_track_recommendation,Which recommendation applies to tracks that are not specifically listed?,tyre-data,False,1,1,0,1.0,1.0,1.0,1,1,1,15,True,0.9207897186279297,
saved_recomputed,validation_evidence/historical/corpus-v2-all.json,8c4c58372a03dc6b1908b091144b51c6d88c480a060cfccd95056178d88ccbba,racevault-corpus-v2,40bb1b96-5d46-4eed-9b6f-7e01d1082102,75c8f3ecebee79bd3f52785008555334fa2c6d11,all,reranked,question,tyre_n3r_standard_cold_pressure,What is the standard minimum cold pressure for the rear N3R tyre?,tyre-data,False,1,1,0,1.0,1.0,1.0,1,1,1,15,True,0.32039588689804077,
saved_recomputed,validation_evidence/historical/corpus-v2-all.json,8c4c58372a03dc6b1908b091144b51c6d88c480a060cfccd95056178d88ccbba,racevault-corpus-v2,40bb1b96-5d46-4eed-9b6f-7e01d1082102,75c8f3ecebee79bd3f52785008555334fa2c6d11,all,reranked,question,manual_intended_use,Is the Porsche 911 Cup 992 II designed for public-road driving?,porsche-technical-manual,False,1,1,0,1.0,0.5,0.5,1,1,1,15,True,0.9674717783927917,incomplete_label_recall_at_5;incomplete_label_recall_at_10
saved_recomputed,validation_evidence/historical/corpus-v2-all.json,8c4c58372a03dc6b1908b091144b51c6d88c480a060cfccd95056178d88ccbba,racevault-corpus-v2,40bb1b96-5d46-4eed-9b6f-7e01d1082102,75c8f3ecebee79bd3f52785008555334fa2c6d11,all,reranked,question,manual_main_voltage_switch,Which switch position turns the main voltage supply on?,porsche-technical-manual,False,1,1,0,0.5,1.0,1.0,1,1,2,15,True,0.9527502655982971,
saved_recomputed,validation_evidence/historical/corpus-v2-all.json,8c4c58372a03dc6b1908b091144b51c6d88c480a060cfccd95056178d88ccbba,racevault-corpus-v2,40bb1b96-5d46-4eed-9b6f-7e01d1082102,75c8f3ecebee79bd3f52785008555334fa2c6d11,all,reranked,question,manual_fire_system_test,Why must the fire extinguisher system be tested in test mode?,porsche-technical-manual,False,1,1,0,1.0,1.0,1.0,1,1,1,15,True,0.9987648725509644,
saved_recomputed,validation_evidence/historical/corpus-v2-all.json,8c4c58372a03dc6b1908b091144b51c6d88c480a060cfccd95056178d88ccbba,racevault-corpus-v2,40bb1b96-5d46-4eed-9b6f-7e01d1082102,75c8f3ecebee79bd3f52785008555334fa2c6d11,all,reranked,question,failure_wrong_regulation_revision,What is a Joker Tyre?,unassigned,True,1,0,1,,,,,,,0,True,,
saved_recomputed,validation_evidence/historical/corpus-v2-all.json,8c4c58372a03dc6b1908b091144b51c6d88c480a060cfccd95056178d88ccbba,racevault-corpus-v2,40bb1b96-5d46-4eed-9b6f-7e01d1082102,75c8f3ecebee79bd3f52785008555334fa2c6d11,all,reranked,question,conflict_n3r_pressure_sources,minimum cold pressure N3R,tyre-data,False,1,1,0,1.0,0.5,1.0,1,1,1,15,True,0.4658430814743042,incomplete_label_recall_at_5
saved_recomputed,validation_evidence/historical/corpus-v2-all.json,8c4c58372a03dc6b1908b091144b51c6d88c480a060cfccd95056178d88ccbba,racevault-corpus-v2,40bb1b96-5d46-4eed-9b6f-7e01d1082102,75c8f3ecebee79bd3f52785008555334fa2c6d11,all,reranked,question,aus_current_minimum_weight,What is the minimum weight of the car in Carrera Cup Australia?,pcc-australia-regulations,False,1,1,0,0,0.0,0.0,0,0,,15,False,0.408571720123291,no_label_match_in_returned_list;incomplete_label_recall_at_5;incomplete_label_recall_at_10
saved_recomputed,validation_evidence/historical/corpus-v2-all.json,8c4c58372a03dc6b1908b091144b51c6d88c480a060cfccd95056178d88ccbba,racevault-corpus-v2,40bb1b96-5d46-4eed-9b6f-7e01d1082102,75c8f3ecebee79bd3f52785008555334fa2c6d11,all,reranked,question,aus_current_racing_weight,What minimum racing weight must a Carrera Cup Australia car achieve?,pcc-australia-regulations,False,1,1,0,1.0,1.0,1.0,1,1,1,15,True,0.8450494408607483,
saved_recomputed,validation_evidence/historical/corpus-v2-all.json,8c4c58372a03dc6b1908b091144b51c6d88c480a060cfccd95056178d88ccbba,racevault-corpus-v2,40bb1b96-5d46-4eed-9b6f-7e01d1082102,75c8f3ecebee79bd3f52785008555334fa2c6d11,all,reranked,question,aus_2025_minimum_weight,What was the minimum car weight in the 2025 Carrera Cup Australia regulations?,pcc-australia-regulations,False,1,1,0,0,0.0,0.0,0,0,,15,False,0.7570766806602478,no_label_match_in_returned_list;incomplete_label_recall_at_5;incomplete_label_recall_at_10
saved_recomputed,validation_evidence/historical/corpus-v2-all.json,8c4c58372a03dc6b1908b091144b51c6d88c480a060cfccd95056178d88ccbba,racevault-corpus-v2,40bb1b96-5d46-4eed-9b6f-7e01d1082102,75c8f3ecebee79bd3f52785008555334fa2c6d11,all,reranked,question,aus_driver_minimum_weight,"How much must a driver weigh in Carrera Cup Australia, and what happens if they weigh less?",pcc-australia-regulations,False,1,1,0,1.0,1.0,1.0,1,1,1,15,True,0.8433797955513,
saved_recomputed,validation_evidence/historical/corpus-v2-all.json,8c4c58372a03dc6b1908b091144b51c6d88c480a060cfccd95056178d88ccbba,racevault-corpus-v2,40bb1b96-5d46-4eed-9b6f-7e01d1082102,75c8f3ecebee79bd3f52785008555334fa2c6d11,all,reranked,question,aus_fuel_remaining,How much fuel must remain in the car during a track session?,pcc-australia-regulations,False,1,1,0,1.0,1.0,1.0,1,1,1,15,True,0.9906600117683411,
saved_recomputed,validation_evidence/historical/corpus-v2-all.json,8c4c58372a03dc6b1908b091144b51c6d88c480a060cfccd95056178d88ccbba,racevault-corpus-v2,40bb1b96-5d46-4eed-9b6f-7e01d1082102,75c8f3ecebee79bd3f52785008555334fa2c6d11,all,reranked,question,aus_driver_age,How old must a driver be to compete in Carrera Cup Australia?,pcc-australia-regulations,False,1,1,0,0.5,1.0,1.0,1,1,2,15,True,0.9125920534133911,
saved_recomputed,validation_evidence/historical/corpus-v2-all.json,8c4c58372a03dc6b1908b091144b51c6d88c480a060cfccd95056178d88ccbba,racevault-corpus-v2,40bb1b96-5d46-4eed-9b6f-7e01d1082102,75c8f3ecebee79bd3f52785008555334fa2c6d11,all,reranked,question,aus_joker_tyre_allocation,How many Joker Tyres may a driver use per round and per season?,pcc-australia-regulations,False,1,1,0,1.0,1.0,1.0,1,1,1,15,True,0.9810945987701416,
saved_recomputed,validation_evidence/historical/corpus-v2-all.json,8c4c58372a03dc6b1908b091144b51c6d88c480a060cfccd95056178d88ccbba,racevault-corpus-v2,40bb1b96-5d46-4eed-9b6f-7e01d1082102,75c8f3ecebee79bd3f52785008555334fa2c6d11,all,reranked,question,abs_map_switch_torque,What tightening torque applies to the ABS map switch?,abs-m5,False,1,1,0,1.0,1.0,1.0,1,1,1,15,True,0.9528381824493408,
saved_recomputed,validation_evidence/historical/corpus-v2-all.json,8c4c58372a03dc6b1908b091144b51c6d88c480a060cfccd95056178d88ccbba,racevault-corpus-v2,40bb1b96-5d46-4eed-9b6f-7e01d1082102,75c8f3ecebee79bd3f52785008555334fa2c6d11,all,reranked,question,abs_brake_line_diameter,What brake line should be used to plumb the ABS M5 unit?,abs-m5,False,1,1,0,1.0,1.0,1.0,1,1,1,15,True,0.9980276226997375,
saved_recomputed,validation_evidence/historical/corpus-v2-all.json,8c4c58372a03dc6b1908b091144b51c6d88c480a060cfccd95056178d88ccbba,racevault-corpus-v2,40bb1b96-5d46-4eed-9b6f-7e01d1082102,75c8f3ecebee79bd3f52785008555334fa2c6d11,all,reranked,question,abs_reset_after_drive_cycle_fault,How is the ABS reset after a drive cycle fault?,abs-m5,False,1,1,0,1.0,1.0,1.0,1,1,1,15,True,0.9892648458480835,
saved_recomputed,validation_evidence/historical/corpus-v2-all.json,8c4c58372a03dc6b1908b091144b51c6d88c480a060cfccd95056178d88ccbba,racevault-corpus-v2,40bb1b96-5d46-4eed-9b6f-7e01d1082102,75c8f3ecebee79bd3f52785008555334fa2c6d11,all,reranked,question,abs_map_switch_positions,How many positions does the ABS function switch have?,abs-m5,False,1,1,0,0,0.0,0.0,0,0,,15,False,0.9351099133491516,no_label_match_in_returned_list;incomplete_label_recall_at_5;incomplete_label_recall_at_10
saved_recomputed,validation_evidence/historical/corpus-v2-all.json,8c4c58372a03dc6b1908b091144b51c6d88c480a060cfccd95056178d88ccbba,racevault-corpus-v2,40bb1b96-5d46-4eed-9b6f-7e01d1082102,75c8f3ecebee79bd3f52785008555334fa2c6d11,all,reranked,question,abs_hydraulic_unit_weight,How much does the ABS M5 hydraulic unit weigh?,abs-m5,False,1,1,0,0.5,1.0,1.0,1,1,2,15,True,0.7932661771774292,
saved_recomputed,validation_evidence/historical/corpus-v2-all.json,8c4c58372a03dc6b1908b091144b51c6d88c480a060cfccd95056178d88ccbba,racevault-corpus-v2,40bb1b96-5d46-4eed-9b6f-7e01d1082102,75c8f3ecebee79bd3f52785008555334fa2c6d11,all,reranked,question,software_update_order,"In what order must the PowerBox, logger and display be updated?",cup-software-updates,False,1,1,0,1.0,1.0,1.0,1,1,1,15,True,0.9655115008354187,
saved_recomputed,validation_evidence/historical/corpus-v2-all.json,8c4c58372a03dc6b1908b091144b51c6d88c480a060cfccd95056178d88ccbba,racevault-corpus-v2,40bb1b96-5d46-4eed-9b6f-7e01d1082102,75c8f3ecebee79bd3f52785008555334fa2c6d11,all,reranked,question,ecu_temperature_range,What temperature range is the MS 6 harness connector rated for?,ms6-ecu,False,1,1,0,1.0,1.0,1.0,1,1,1,15,True,0.9967268705368042,
saved_recomputed,validation_evidence/historical/corpus-v2-all.json,8c4c58372a03dc6b1908b091144b51c6d88c480a060cfccd95056178d88ccbba,racevault-corpus-v2,40bb1b96-5d46-4eed-9b6f-7e01d1082102,75c8f3ecebee79bd3f52785008555334fa2c6d11,all,reranked,question,ecu_flywheel_sensor_type,Can the MS 6 use an inductive sensor for flywheel measurement?,ms6-ecu,False,1,1,0,1.0,1.0,1.0,1,1,1,15,True,0.9950177073478699,
saved_recomputed,validation_evidence/historical/corpus-v2-all.json,8c4c58372a03dc6b1908b091144b51c6d88c480a060cfccd95056178d88ccbba,racevault-corpus-v2,40bb1b96-5d46-4eed-9b6f-7e01d1082102,75c8f3ecebee79bd3f52785008555334fa2c6d11,all,reranked,question,part_front_left_caliper,What is the part number for the front left brake caliper on the 992 GT3 Cup?,part-catalogue-992,False,1,1,0,1.0,1.0,1.0,1,1,1,15,True,0.9976586103439331,
saved_recomputed,validation_evidence/historical/corpus-v2-all.json,8c4c58372a03dc6b1908b091144b51c6d88c480a060cfccd95056178d88ccbba,racevault-corpus-v2,40bb1b96-5d46-4eed-9b6f-7e01d1082102,75c8f3ecebee79bd3f52785008555334fa2c6d11,all,reranked,question,neg_drs_activation,Where are the DRS activation zones?,unassigned,True,1,0,1,,,,,,,15,False,0.0026010938454419374,candidates_for_unanswerable_not_an_abstention_failure
saved_recomputed,validation_evidence/historical/corpus-v2-all.json,8c4c58372a03dc6b1908b091144b51c6d88c480a060cfccd95056178d88ccbba,racevault-corpus-v2,40bb1b96-5d46-4eed-9b6f-7e01d1082102,75c8f3ecebee79bd3f52785008555334fa2c6d11,all,reranked,question,neg_energy_recovery,How is the energy recovery system deployed on a qualifying lap?,unassigned,True,1,0,1,,,,,,,15,False,0.014785407111048698,candidates_for_unanswerable_not_an_abstention_failure
saved_recomputed,validation_evidence/historical/corpus-v2-all.json,8c4c58372a03dc6b1908b091144b51c6d88c480a060cfccd95056178d88ccbba,racevault-corpus-v2,40bb1b96-5d46-4eed-9b6f-7e01d1082102,75c8f3ecebee79bd3f52785008555334fa2c6d11,all,reranked,question,neg_push_to_pass,How many push to pass activations does each driver get?,unassigned,True,1,0,1,,,,,,,15,False,0.030444350093603134,candidates_for_unanswerable_not_an_abstention_failure
saved_recomputed,validation_evidence/historical/corpus-v2-all.json,8c4c58372a03dc6b1908b091144b51c6d88c480a060cfccd95056178d88ccbba,racevault-corpus-v2,40bb1b96-5d46-4eed-9b6f-7e01d1082102,75c8f3ecebee79bd3f52785008555334fa2c6d11,all,reranked,question,neg_success_ballast,How much success ballast is added after a race win?,unassigned,True,1,0,1,,,,,,,15,False,0.02498779632151127,candidates_for_unanswerable_not_an_abstention_failure
saved_recomputed,validation_evidence/historical/corpus-v2-all.json,8c4c58372a03dc6b1908b091144b51c6d88c480a060cfccd95056178d88ccbba,racevault-corpus-v2,40bb1b96-5d46-4eed-9b6f-7e01d1082102,75c8f3ecebee79bd3f52785008555334fa2c6d11,all,reranked,question,neg_budget_cap,What is the budget cap for the season?,unassigned,True,1,0,1,,,,,,,15,False,0.012821214273571968,candidates_for_unanswerable_not_an_abstention_failure
saved_recomputed,validation_evidence/historical/corpus-v2-all.json,8c4c58372a03dc6b1908b091144b51c6d88c480a060cfccd95056178d88ccbba,racevault-corpus-v2,40bb1b96-5d46-4eed-9b6f-7e01d1082102,75c8f3ecebee79bd3f52785008555334fa2c6d11,all,reranked,question,neg_turbo_boost_limit,What is the maximum turbocharger boost pressure permitted?,unassigned,True,1,0,1,,,,,,,15,False,0.02876158617436886,candidates_for_unanswerable_not_an_abstention_failure
saved_recomputed,validation_evidence/historical/corpus-v2-all.json,8c4c58372a03dc6b1908b091144b51c6d88c480a060cfccd95056178d88ccbba,racevault-corpus-v2,40bb1b96-5d46-4eed-9b6f-7e01d1082102,75c8f3ecebee79bd3f52785008555334fa2c6d11,all,reranked,question,neg_sprint_shootout,What is the sprint shootout format?,unassigned,True,1,0,1,,,,,,,15,False,0.0326513797044754,candidates_for_unanswerable_not_an_abstention_failure
saved_recomputed,validation_evidence/historical/corpus-v2-all.json,8c4c58372a03dc6b1908b091144b51c6d88c480a060cfccd95056178d88ccbba,racevault-corpus-v2,40bb1b96-5d46-4eed-9b6f-7e01d1082102,75c8f3ecebee79bd3f52785008555334fa2c6d11,all,reranked,question,neg_rallycross_joker,How does the rallycross joker lap work?,unassigned,True,1,0,1,,,,,,,15,False,0.02186455763876438,candidates_for_unanswerable_not_an_abstention_failure
saved_recomputed,validation_evidence/historical/corpus-v2-all.json,8c4c58372a03dc6b1908b091144b51c6d88c480a060cfccd95056178d88ccbba,racevault-corpus-v2,40bb1b96-5d46-4eed-9b6f-7e01d1082102,75c8f3ecebee79bd3f52785008555334fa2c6d11,all,reranked,aggregate,,,ALL,,40,31,9,0.8548387096774194,0.8709677419354839,0.8870967741935484,0.9032258064516129,0.9032258064516129,,,,,
saved_recomputed,validation_evidence/historical/corpus-v2-all.json,8c4c58372a03dc6b1908b091144b51c6d88c480a060cfccd95056178d88ccbba,racevault-corpus-v2,40bb1b96-5d46-4eed-9b6f-7e01d1082102,75c8f3ecebee79bd3f52785008555334fa2c6d11,all,reranked,family,,,abs-m5,,5,5,0,0.7,0.8,0.8,0.8,0.8,,,,,
saved_recomputed,validation_evidence/historical/corpus-v2-all.json,8c4c58372a03dc6b1908b091144b51c6d88c480a060cfccd95056178d88ccbba,racevault-corpus-v2,40bb1b96-5d46-4eed-9b6f-7e01d1082102,75c8f3ecebee79bd3f52785008555334fa2c6d11,all,reranked,family,,,cup-software-updates,,1,1,0,1.0,1.0,1.0,1.0,1.0,,,,,
saved_recomputed,validation_evidence/historical/corpus-v2-all.json,8c4c58372a03dc6b1908b091144b51c6d88c480a060cfccd95056178d88ccbba,racevault-corpus-v2,40bb1b96-5d46-4eed-9b6f-7e01d1082102,75c8f3ecebee79bd3f52785008555334fa2c6d11,all,reranked,family,,,ms6-ecu,,2,2,0,1.0,1.0,1.0,1.0,1.0,,,,,
saved_recomputed,validation_evidence/historical/corpus-v2-all.json,8c4c58372a03dc6b1908b091144b51c6d88c480a060cfccd95056178d88ccbba,racevault-corpus-v2,40bb1b96-5d46-4eed-9b6f-7e01d1082102,75c8f3ecebee79bd3f52785008555334fa2c6d11,all,reranked,family,,,part-catalogue-992,,1,1,0,1.0,1.0,1.0,1.0,1.0,,,,,
saved_recomputed,validation_evidence/historical/corpus-v2-all.json,8c4c58372a03dc6b1908b091144b51c6d88c480a060cfccd95056178d88ccbba,racevault-corpus-v2,40bb1b96-5d46-4eed-9b6f-7e01d1082102,75c8f3ecebee79bd3f52785008555334fa2c6d11,all,reranked,family,,,pcc-australia-regulations,,13,13,0,0.8076923076923077,0.8461538461538461,0.8461538461538461,0.8461538461538461,0.8461538461538461,,,,,
saved_recomputed,validation_evidence/historical/corpus-v2-all.json,8c4c58372a03dc6b1908b091144b51c6d88c480a060cfccd95056178d88ccbba,racevault-corpus-v2,40bb1b96-5d46-4eed-9b6f-7e01d1082102,75c8f3ecebee79bd3f52785008555334fa2c6d11,all,reranked,family,,,porsche-technical-manual,,3,3,0,0.8333333333333334,0.8333333333333334,0.8333333333333334,1.0,1.0,,,,,
saved_recomputed,validation_evidence/historical/corpus-v2-all.json,8c4c58372a03dc6b1908b091144b51c6d88c480a060cfccd95056178d88ccbba,racevault-corpus-v2,40bb1b96-5d46-4eed-9b6f-7e01d1082102,75c8f3ecebee79bd3f52785008555334fa2c6d11,all,reranked,family,,,tyre-data,,6,6,0,1.0,0.9166666666666666,1.0,1.0,1.0,,,,,
saved_recomputed,validation_evidence/historical/corpus-v2-all.json,8c4c58372a03dc6b1908b091144b51c6d88c480a060cfccd95056178d88ccbba,racevault-corpus-v2,40bb1b96-5d46-4eed-9b6f-7e01d1082102,75c8f3ecebee79bd3f52785008555334fa2c6d11,all,reranked,family,,,unassigned,,9,0,9,,,,,,,,,,
saved_recomputed,validation_evidence/historical/corpus-v2-development.json,83f91c9f0b33f1e960d8c7bbeaac368be232ee3b86ddacb960370946a22d2432,racevault-corpus-v2,b63a69a8-a9c6-4b80-ae8b-65af8d597001,75c8f3ecebee79bd3f52785008555334fa2c6d11,development,lexical,question,reg_joker_tyre_definition,What is a Joker Tyre?,pcc-australia-regulations,False,1,1,0,0.5,1.0,1.0,1,1,2,50,True,43.075394,
saved_recomputed,validation_evidence/historical/corpus-v2-development.json,83f91c9f0b33f1e960d8c7bbeaac368be232ee3b86ddacb960370946a22d2432,racevault-corpus-v2,b63a69a8-a9c6-4b80-ae8b-65af8d597001,75c8f3ecebee79bd3f52785008555334fa2c6d11,development,lexical,question,reg_control_component_requirement,Are control components mandatory?,pcc-australia-regulations,False,1,1,0,0.5,1.0,1.0,1,1,2,14,True,23.07838,
saved_recomputed,validation_evidence/historical/corpus-v2-development.json,83f91c9f0b33f1e960d8c7bbeaac368be232ee3b86ddacb960370946a22d2432,racevault-corpus-v2,b63a69a8-a9c6-4b80-ae8b-65af8d597001,75c8f3ecebee79bd3f52785008555334fa2c6d11,development,lexical,question,reg_slick_tyre_definition,Which regulation defines a slick tyre?,pcc-australia-regulations,False,1,1,0,1.0,1.0,1.0,1,1,1,39,True,55.98569,
saved_recomputed,validation_evidence/historical/corpus-v2-development.json,83f91c9f0b33f1e960d8c7bbeaac368be232ee3b86ddacb960370946a22d2432,racevault-corpus-v2,b63a69a8-a9c6-4b80-ae8b-65af8d597001,75c8f3ecebee79bd3f52785008555334fa2c6d11,development,lexical,question,reg_round_alteration_precedence,What takes precedence when the regulations are altered for a specific round?,pcc-australia-regulations,False,1,1,0,1.0,1.0,1.0,1,1,1,50,True,81.17447,
saved_recomputed,validation_evidence/historical/corpus-v2-development.json,83f91c9f0b33f1e960d8c7bbeaac368be232ee3b86ddacb960370946a22d2432,racevault-corpus-v2,b63a69a8-a9c6-4b80-ae8b-65af8d597001,75c8f3ecebee79bd3f52785008555334fa2c6d11,development,lexical,question,reg_driver_minimum_age,What is the minimum driver age?,pcc-australia-regulations,False,1,1,0,1.0,1.0,1.0,1,1,1,50,True,33.61911,
saved_recomputed,validation_evidence/historical/corpus-v2-development.json,83f91c9f0b33f1e960d8c7bbeaac368be232ee3b86ddacb960370946a22d2432,racevault-corpus-v2,b63a69a8-a9c6-4b80-ae8b-65af8d597001,75c8f3ecebee79bd3f52785008555334fa2c6d11,development,lexical,question,reg_2026_calendar,Which circuits are on the 2026 championship calendar?,pcc-australia-regulations,False,1,1,0,0.2,1.0,1.0,1,1,5,50,True,49.293983,
saved_recomputed,validation_evidence/historical/corpus-v2-development.json,83f91c9f0b33f1e960d8c7bbeaac368be232ee3b86ddacb960370946a22d2432,racevault-corpus-v2,b63a69a8-a9c6-4b80-ae8b-65af8d597001,75c8f3ecebee79bd3f52785008555334fa2c6d11,development,lexical,question,failure_wrong_regulation_revision,What is a Joker Tyre?,unassigned,True,1,0,1,,,,,,,0,True,,
saved_recomputed,validation_evidence/historical/corpus-v2-development.json,83f91c9f0b33f1e960d8c7bbeaac368be232ee3b86ddacb960370946a22d2432,racevault-corpus-v2,b63a69a8-a9c6-4b80-ae8b-65af8d597001,75c8f3ecebee79bd3f52785008555334fa2c6d11,development,lexical,question,aus_current_minimum_weight,What is the minimum weight of the car in Carrera Cup Australia?,pcc-australia-regulations,False,1,1,0,0.08333333333333333,0.0,0.0,0,0,12,50,True,59.265537,miss_at_5;miss_at_10;incomplete_label_recall_at_5;incomplete_label_recall_at_10
saved_recomputed,validation_evidence/historical/corpus-v2-development.json,83f91c9f0b33f1e960d8c7bbeaac368be232ee3b86ddacb960370946a22d2432,racevault-corpus-v2,b63a69a8-a9c6-4b80-ae8b-65af8d597001,75c8f3ecebee79bd3f52785008555334fa2c6d11,development,lexical,question,aus_current_racing_weight,What minimum racing weight must a Carrera Cup Australia car achieve?,pcc-australia-regulations,False,1,1,0,1.0,1.0,1.0,1,1,1,50,True,92.16321,
saved_recomputed,validation_evidence/historical/corpus-v2-development.json,83f91c9f0b33f1e960d8c7bbeaac368be232ee3b86ddacb960370946a22d2432,racevault-corpus-v2,b63a69a8-a9c6-4b80-ae8b-65af8d597001,75c8f3ecebee79bd3f52785008555334fa2c6d11,development,lexical,question,aus_2025_minimum_weight,What was the minimum car weight in the 2025 Carrera Cup Australia regulations?,pcc-australia-regulations,False,1,1,0,0.0625,0.0,0.0,0,0,16,50,True,84.221924,miss_at_5;miss_at_10;incomplete_label_recall_at_5;incomplete_label_recall_at_10
saved_recomputed,validation_evidence/historical/corpus-v2-development.json,83f91c9f0b33f1e960d8c7bbeaac368be232ee3b86ddacb960370946a22d2432,racevault-corpus-v2,b63a69a8-a9c6-4b80-ae8b-65af8d597001,75c8f3ecebee79bd3f52785008555334fa2c6d11,development,lexical,question,aus_driver_minimum_weight,"How much must a driver weigh in Carrera Cup Australia, and what happens if they weigh less?",pcc-australia-regulations,False,1,1,0,1.0,1.0,1.0,1,1,1,50,True,96.66572,
saved_recomputed,validation_evidence/historical/corpus-v2-development.json,83f91c9f0b33f1e960d8c7bbeaac368be232ee3b86ddacb960370946a22d2432,racevault-corpus-v2,b63a69a8-a9c6-4b80-ae8b-65af8d597001,75c8f3ecebee79bd3f52785008555334fa2c6d11,development,lexical,question,aus_fuel_remaining,How much fuel must remain in the car during a track session?,pcc-australia-regulations,False,1,1,0,1.0,1.0,1.0,1,1,1,50,True,55.763153,
saved_recomputed,validation_evidence/historical/corpus-v2-development.json,83f91c9f0b33f1e960d8c7bbeaac368be232ee3b86ddacb960370946a22d2432,racevault-corpus-v2,b63a69a8-a9c6-4b80-ae8b-65af8d597001,75c8f3ecebee79bd3f52785008555334fa2c6d11,development,lexical,question,aus_driver_age,How old must a driver be to compete in Carrera Cup Australia?,pcc-australia-regulations,False,1,1,0,0.3333333333333333,1.0,1.0,1,1,3,50,True,78.05699,
saved_recomputed,validation_evidence/historical/corpus-v2-development.json,83f91c9f0b33f1e960d8c7bbeaac368be232ee3b86ddacb960370946a22d2432,racevault-corpus-v2,b63a69a8-a9c6-4b80-ae8b-65af8d597001,75c8f3ecebee79bd3f52785008555334fa2c6d11,development,lexical,question,aus_joker_tyre_allocation,How many Joker Tyres may a driver use per round and per season?,pcc-australia-regulations,False,1,1,0,1.0,1.0,1.0,1,1,1,50,True,98.15705,
saved_recomputed,validation_evidence/historical/corpus-v2-development.json,83f91c9f0b33f1e960d8c7bbeaac368be232ee3b86ddacb960370946a22d2432,racevault-corpus-v2,b63a69a8-a9c6-4b80-ae8b-65af8d597001,75c8f3ecebee79bd3f52785008555334fa2c6d11,development,lexical,question,abs_map_switch_torque,What tightening torque applies to the ABS map switch?,abs-m5,False,1,1,0,0.5,1.0,1.0,1,1,2,50,True,97.40718,
saved_recomputed,validation_evidence/historical/corpus-v2-development.json,83f91c9f0b33f1e960d8c7bbeaac368be232ee3b86ddacb960370946a22d2432,racevault-corpus-v2,b63a69a8-a9c6-4b80-ae8b-65af8d597001,75c8f3ecebee79bd3f52785008555334fa2c6d11,development,lexical,question,abs_brake_line_diameter,What brake line should be used to plumb the ABS M5 unit?,abs-m5,False,1,1,0,0.25,1.0,1.0,1,1,4,50,True,119.96059,
saved_recomputed,validation_evidence/historical/corpus-v2-development.json,83f91c9f0b33f1e960d8c7bbeaac368be232ee3b86ddacb960370946a22d2432,racevault-corpus-v2,b63a69a8-a9c6-4b80-ae8b-65af8d597001,75c8f3ecebee79bd3f52785008555334fa2c6d11,development,lexical,question,abs_reset_after_drive_cycle_fault,How is the ABS reset after a drive cycle fault?,abs-m5,False,1,1,0,1.0,1.0,1.0,1,1,1,50,True,103.557495,
saved_recomputed,validation_evidence/historical/corpus-v2-development.json,83f91c9f0b33f1e960d8c7bbeaac368be232ee3b86ddacb960370946a22d2432,racevault-corpus-v2,b63a69a8-a9c6-4b80-ae8b-65af8d597001,75c8f3ecebee79bd3f52785008555334fa2c6d11,development,lexical,question,abs_map_switch_positions,How many positions does the ABS function switch have?,abs-m5,False,1,1,0,0.05,0.0,0.0,0,0,20,50,True,105.020386,miss_at_5;miss_at_10;incomplete_label_recall_at_5;incomplete_label_recall_at_10
saved_recomputed,validation_evidence/historical/corpus-v2-development.json,83f91c9f0b33f1e960d8c7bbeaac368be232ee3b86ddacb960370946a22d2432,racevault-corpus-v2,b63a69a8-a9c6-4b80-ae8b-65af8d597001,75c8f3ecebee79bd3f52785008555334fa2c6d11,development,lexical,question,abs_hydraulic_unit_weight,How much does the ABS M5 hydraulic unit weigh?,abs-m5,False,1,1,0,0.03125,0.0,0.0,0,0,32,50,True,112.093994,miss_at_5;miss_at_10;incomplete_label_recall_at_5;incomplete_label_recall_at_10
saved_recomputed,validation_evidence/historical/corpus-v2-development.json,83f91c9f0b33f1e960d8c7bbeaac368be232ee3b86ddacb960370946a22d2432,racevault-corpus-v2,b63a69a8-a9c6-4b80-ae8b-65af8d597001,75c8f3ecebee79bd3f52785008555334fa2c6d11,development,lexical,question,software_update_order,"In what order must the PowerBox, logger and display be updated?",cup-software-updates,False,1,1,0,1.0,1.0,1.0,1,1,1,50,True,91.44964,
saved_recomputed,validation_evidence/historical/corpus-v2-development.json,83f91c9f0b33f1e960d8c7bbeaac368be232ee3b86ddacb960370946a22d2432,racevault-corpus-v2,b63a69a8-a9c6-4b80-ae8b-65af8d597001,75c8f3ecebee79bd3f52785008555334fa2c6d11,development,lexical,question,ecu_temperature_range,What temperature range is the MS 6 harness connector rated for?,ms6-ecu,False,1,1,0,1.0,1.0,1.0,1,1,1,50,True,113.72061,
saved_recomputed,validation_evidence/historical/corpus-v2-development.json,83f91c9f0b33f1e960d8c7bbeaac368be232ee3b86ddacb960370946a22d2432,racevault-corpus-v2,b63a69a8-a9c6-4b80-ae8b-65af8d597001,75c8f3ecebee79bd3f52785008555334fa2c6d11,development,lexical,question,ecu_flywheel_sensor_type,Can the MS 6 use an inductive sensor for flywheel measurement?,ms6-ecu,False,1,1,0,1.0,1.0,1.0,1,1,1,50,True,141.49889,
saved_recomputed,validation_evidence/historical/corpus-v2-development.json,83f91c9f0b33f1e960d8c7bbeaac368be232ee3b86ddacb960370946a22d2432,racevault-corpus-v2,b63a69a8-a9c6-4b80-ae8b-65af8d597001,75c8f3ecebee79bd3f52785008555334fa2c6d11,development,lexical,question,part_front_left_caliper,What is the part number for the front left brake caliper on the 992 GT3 Cup?,part-catalogue-992,False,1,1,0,1.0,1.0,1.0,1,1,1,50,True,89.88104,
saved_recomputed,validation_evidence/historical/corpus-v2-development.json,83f91c9f0b33f1e960d8c7bbeaac368be232ee3b86ddacb960370946a22d2432,racevault-corpus-v2,b63a69a8-a9c6-4b80-ae8b-65af8d597001,75c8f3ecebee79bd3f52785008555334fa2c6d11,development,lexical,question,neg_drs_activation,Where are the DRS activation zones?,unassigned,True,1,0,1,,,,,,,50,False,27.74078,candidates_for_unanswerable_not_an_abstention_failure
saved_recomputed,validation_evidence/historical/corpus-v2-development.json,83f91c9f0b33f1e960d8c7bbeaac368be232ee3b86ddacb960370946a22d2432,racevault-corpus-v2,b63a69a8-a9c6-4b80-ae8b-65af8d597001,75c8f3ecebee79bd3f52785008555334fa2c6d11,development,lexical,question,neg_energy_recovery,How is the energy recovery system deployed on a qualifying lap?,unassigned,True,1,0,1,,,,,,,50,False,52.780598,candidates_for_unanswerable_not_an_abstention_failure
saved_recomputed,validation_evidence/historical/corpus-v2-development.json,83f91c9f0b33f1e960d8c7bbeaac368be232ee3b86ddacb960370946a22d2432,racevault-corpus-v2,b63a69a8-a9c6-4b80-ae8b-65af8d597001,75c8f3ecebee79bd3f52785008555334fa2c6d11,development,lexical,question,neg_push_to_pass,How many push to pass activations does each driver get?,unassigned,True,1,0,1,,,,,,,50,False,43.715797,candidates_for_unanswerable_not_an_abstention_failure
saved_recomputed,validation_evidence/historical/corpus-v2-development.json,83f91c9f0b33f1e960d8c7bbeaac368be232ee3b86ddacb960370946a22d2432,racevault-corpus-v2,b63a69a8-a9c6-4b80-ae8b-65af8d597001,75c8f3ecebee79bd3f52785008555334fa2c6d11,development,lexical,question,neg_success_ballast,How much success ballast is added after a race win?,unassigned,True,1,0,1,,,,,,,50,False,44.318314,candidates_for_unanswerable_not_an_abstention_failure
saved_recomputed,validation_evidence/historical/corpus-v2-development.json,83f91c9f0b33f1e960d8c7bbeaac368be232ee3b86ddacb960370946a22d2432,racevault-corpus-v2,b63a69a8-a9c6-4b80-ae8b-65af8d597001,75c8f3ecebee79bd3f52785008555334fa2c6d11,development,lexical,aggregate,,,ALL,,27,22,5,0.6595643939393939,0.8181818181818182,0.8181818181818182,0.8181818181818182,0.8181818181818182,,,,,
saved_recomputed,validation_evidence/historical/corpus-v2-development.json,83f91c9f0b33f1e960d8c7bbeaac368be232ee3b86ddacb960370946a22d2432,racevault-corpus-v2,b63a69a8-a9c6-4b80-ae8b-65af8d597001,75c8f3ecebee79bd3f52785008555334fa2c6d11,development,lexical,family,,,abs-m5,,5,5,0,0.36625,0.6,0.6,0.6,0.6,,,,,
saved_recomputed,validation_evidence/historical/corpus-v2-development.json,83f91c9f0b33f1e960d8c7bbeaac368be232ee3b86ddacb960370946a22d2432,racevault-corpus-v2,b63a69a8-a9c6-4b80-ae8b-65af8d597001,75c8f3ecebee79bd3f52785008555334fa2c6d11,development,lexical,family,,,cup-software-updates,,1,1,0,1.0,1.0,1.0,1.0,1.0,,,,,
saved_recomputed,validation_evidence/historical/corpus-v2-development.json,83f91c9f0b33f1e960d8c7bbeaac368be232ee3b86ddacb960370946a22d2432,racevault-corpus-v2,b63a69a8-a9c6-4b80-ae8b-65af8d597001,75c8f3ecebee79bd3f52785008555334fa2c6d11,development,lexical,family,,,ms6-ecu,,2,2,0,1.0,1.0,1.0,1.0,1.0,,,,,
saved_recomputed,validation_evidence/historical/corpus-v2-development.json,83f91c9f0b33f1e960d8c7bbeaac368be232ee3b86ddacb960370946a22d2432,racevault-corpus-v2,b63a69a8-a9c6-4b80-ae8b-65af8d597001,75c8f3ecebee79bd3f52785008555334fa2c6d11,development,lexical,family,,,part-catalogue-992,,1,1,0,1.0,1.0,1.0,1.0,1.0,,,,,
saved_recomputed,validation_evidence/historical/corpus-v2-development.json,83f91c9f0b33f1e960d8c7bbeaac368be232ee3b86ddacb960370946a22d2432,racevault-corpus-v2,b63a69a8-a9c6-4b80-ae8b-65af8d597001,75c8f3ecebee79bd3f52785008555334fa2c6d11,development,lexical,family,,,pcc-australia-regulations,,13,13,0,0.6676282051282052,0.8461538461538461,0.8461538461538461,0.8461538461538461,0.8461538461538461,,,,,
saved_recomputed,validation_evidence/historical/corpus-v2-development.json,83f91c9f0b33f1e960d8c7bbeaac368be232ee3b86ddacb960370946a22d2432,racevault-corpus-v2,b63a69a8-a9c6-4b80-ae8b-65af8d597001,75c8f3ecebee79bd3f52785008555334fa2c6d11,development,lexical,family,,,unassigned,,5,0,5,,,,,,,,,,
saved_recomputed,validation_evidence/historical/corpus-v2-development.json,83f91c9f0b33f1e960d8c7bbeaac368be232ee3b86ddacb960370946a22d2432,racevault-corpus-v2,b63a69a8-a9c6-4b80-ae8b-65af8d597001,75c8f3ecebee79bd3f52785008555334fa2c6d11,development,semantic,question,reg_joker_tyre_definition,What is a Joker Tyre?,pcc-australia-regulations,False,1,1,0,0.125,0.0,1.0,0,1,8,50,True,0.6272660136461842,miss_at_5;incomplete_label_recall_at_5
saved_recomputed,validation_evidence/historical/corpus-v2-development.json,83f91c9f0b33f1e960d8c7bbeaac368be232ee3b86ddacb960370946a22d2432,racevault-corpus-v2,b63a69a8-a9c6-4b80-ae8b-65af8d597001,75c8f3ecebee79bd3f52785008555334fa2c6d11,development,semantic,question,reg_control_component_requirement,Are control components mandatory?,pcc-australia-regulations,False,1,1,0,0.5,1.0,1.0,1,1,2,50,True,0.5600353646021548,
saved_recomputed,validation_evidence/historical/corpus-v2-development.json,83f91c9f0b33f1e960d8c7bbeaac368be232ee3b86ddacb960370946a22d2432,racevault-corpus-v2,b63a69a8-a9c6-4b80-ae8b-65af8d597001,75c8f3ecebee79bd3f52785008555334fa2c6d11,development,semantic,question,reg_slick_tyre_definition,Which regulation defines a slick tyre?,pcc-australia-regulations,False,1,1,0,1.0,1.0,1.0,1,1,1,50,True,0.6339391656561761,
saved_recomputed,validation_evidence/historical/corpus-v2-development.json,83f91c9f0b33f1e960d8c7bbeaac368be232ee3b86ddacb960370946a22d2432,racevault-corpus-v2,b63a69a8-a9c6-4b80-ae8b-65af8d597001,75c8f3ecebee79bd3f52785008555334fa2c6d11,development,semantic,question,reg_round_alteration_precedence,What takes precedence when the regulations are altered for a specific round?,pcc-australia-regulations,False,1,1,0,0.14285714285714285,0.0,1.0,0,1,7,50,True,0.6181314143811598,miss_at_5;incomplete_label_recall_at_5
saved_recomputed,validation_evidence/historical/corpus-v2-development.json,83f91c9f0b33f1e960d8c7bbeaac368be232ee3b86ddacb960370946a22d2432,racevault-corpus-v2,b63a69a8-a9c6-4b80-ae8b-65af8d597001,75c8f3ecebee79bd3f52785008555334fa2c6d11,development,semantic,question,reg_driver_minimum_age,What is the minimum driver age?,pcc-australia-regulations,False,1,1,0,1.0,1.0,1.0,1,1,1,50,True,0.6439601878730105,
saved_recomputed,validation_evidence/historical/corpus-v2-development.json,83f91c9f0b33f1e960d8c7bbeaac368be232ee3b86ddacb960370946a22d2432,racevault-corpus-v2,b63a69a8-a9c6-4b80-ae8b-65af8d597001,75c8f3ecebee79bd3f52785008555334fa2c6d11,development,semantic,question,reg_2026_calendar,Which circuits are on the 2026 championship calendar?,pcc-australia-regulations,False,1,1,0,0.5,1.0,1.0,1,1,2,50,True,0.573980381389353,
saved_recomputed,validation_evidence/historical/corpus-v2-development.json,83f91c9f0b33f1e960d8c7bbeaac368be232ee3b86ddacb960370946a22d2432,racevault-corpus-v2,b63a69a8-a9c6-4b80-ae8b-65af8d597001,75c8f3ecebee79bd3f52785008555334fa2c6d11,development,semantic,question,failure_wrong_regulation_revision,What is a Joker Tyre?,unassigned,True,1,0,1,,,,,,,0,True,,
saved_recomputed,validation_evidence/historical/corpus-v2-development.json,83f91c9f0b33f1e960d8c7bbeaac368be232ee3b86ddacb960370946a22d2432,racevault-corpus-v2,b63a69a8-a9c6-4b80-ae8b-65af8d597001,75c8f3ecebee79bd3f52785008555334fa2c6d11,development,semantic,question,aus_current_minimum_weight,What is the minimum weight of the car in Carrera Cup Australia?,pcc-australia-regulations,False,1,1,0,0.3333333333333333,1.0,1.0,1,1,3,50,True,0.6030187822374165,
saved_recomputed,validation_evidence/historical/corpus-v2-development.json,83f91c9f0b33f1e960d8c7bbeaac368be232ee3b86ddacb960370946a22d2432,racevault-corpus-v2,b63a69a8-a9c6-4b80-ae8b-65af8d597001,75c8f3ecebee79bd3f52785008555334fa2c6d11,development,semantic,question,aus_current_racing_weight,What minimum racing weight must a Carrera Cup Australia car achieve?,pcc-australia-regulations,False,1,1,0,1.0,1.0,1.0,1,1,1,50,True,0.6197113727283616,
saved_recomputed,validation_evidence/historical/corpus-v2-development.json,83f91c9f0b33f1e960d8c7bbeaac368be232ee3b86ddacb960370946a22d2432,racevault-corpus-v2,b63a69a8-a9c6-4b80-ae8b-65af8d597001,75c8f3ecebee79bd3f52785008555334fa2c6d11,development,semantic,question,aus_2025_minimum_weight,What was the minimum car weight in the 2025 Carrera Cup Australia regulations?,pcc-australia-regulations,False,1,1,0,0.2,1.0,1.0,1,1,5,50,True,0.6586441452156161,
saved_recomputed,validation_evidence/historical/corpus-v2-development.json,83f91c9f0b33f1e960d8c7bbeaac368be232ee3b86ddacb960370946a22d2432,racevault-corpus-v2,b63a69a8-a9c6-4b80-ae8b-65af8d597001,75c8f3ecebee79bd3f52785008555334fa2c6d11,development,semantic,question,aus_driver_minimum_weight,"How much must a driver weigh in Carrera Cup Australia, and what happens if they weigh less?",pcc-australia-regulations,False,1,1,0,1.0,1.0,1.0,1,1,1,50,True,0.663616056120634,
saved_recomputed,validation_evidence/historical/corpus-v2-development.json,83f91c9f0b33f1e960d8c7bbeaac368be232ee3b86ddacb960370946a22d2432,racevault-corpus-v2,b63a69a8-a9c6-4b80-ae8b-65af8d597001,75c8f3ecebee79bd3f52785008555334fa2c6d11,development,semantic,question,aus_fuel_remaining,How much fuel must remain in the car during a track session?,pcc-australia-regulations,False,1,1,0,1.0,1.0,1.0,1,1,1,50,True,0.7565117652694482,
saved_recomputed,validation_evidence/historical/corpus-v2-development.json,83f91c9f0b33f1e960d8c7bbeaac368be232ee3b86ddacb960370946a22d2432,racevault-corpus-v2,b63a69a8-a9c6-4b80-ae8b-65af8d597001,75c8f3ecebee79bd3f52785008555334fa2c6d11,development,semantic,question,aus_driver_age,How old must a driver be to compete in Carrera Cup Australia?,pcc-australia-regulations,False,1,1,0,1.0,1.0,1.0,1,1,1,50,True,0.6933279556861017,
saved_recomputed,validation_evidence/historical/corpus-v2-development.json,83f91c9f0b33f1e960d8c7bbeaac368be232ee3b86ddacb960370946a22d2432,racevault-corpus-v2,b63a69a8-a9c6-4b80-ae8b-65af8d597001,75c8f3ecebee79bd3f52785008555334fa2c6d11,development,semantic,question,aus_joker_tyre_allocation,How many Joker Tyres may a driver use per round and per season?,pcc-australia-regulations,False,1,1,0,1.0,1.0,1.0,1,1,1,50,True,0.7897079678954916,
saved_recomputed,validation_evidence/historical/corpus-v2-development.json,83f91c9f0b33f1e960d8c7bbeaac368be232ee3b86ddacb960370946a22d2432,racevault-corpus-v2,b63a69a8-a9c6-4b80-ae8b-65af8d597001,75c8f3ecebee79bd3f52785008555334fa2c6d11,development,semantic,question,abs_map_switch_torque,What tightening torque applies to the ABS map switch?,abs-m5,False,1,1,0,1.0,1.0,1.0,1,1,1,50,True,0.6683785909984798,
saved_recomputed,validation_evidence/historical/corpus-v2-development.json,83f91c9f0b33f1e960d8c7bbeaac368be232ee3b86ddacb960370946a22d2432,racevault-corpus-v2,b63a69a8-a9c6-4b80-ae8b-65af8d597001,75c8f3ecebee79bd3f52785008555334fa2c6d11,development,semantic,question,abs_brake_line_diameter,What brake line should be used to plumb the ABS M5 unit?,abs-m5,False,1,1,0,1.0,1.0,1.0,1,1,1,50,True,0.7485703296954062,
saved_recomputed,validation_evidence/historical/corpus-v2-development.json,83f91c9f0b33f1e960d8c7bbeaac368be232ee3b86ddacb960370946a22d2432,racevault-corpus-v2,b63a69a8-a9c6-4b80-ae8b-65af8d597001,75c8f3ecebee79bd3f52785008555334fa2c6d11,development,semantic,question,abs_reset_after_drive_cycle_fault,How is the ABS reset after a drive cycle fault?,abs-m5,False,1,1,0,1.0,1.0,1.0,1,1,1,50,True,0.6960508710336997,
saved_recomputed,validation_evidence/historical/corpus-v2-development.json,83f91c9f0b33f1e960d8c7bbeaac368be232ee3b86ddacb960370946a22d2432,racevault-corpus-v2,b63a69a8-a9c6-4b80-ae8b-65af8d597001,75c8f3ecebee79bd3f52785008555334fa2c6d11,development,semantic,question,abs_map_switch_positions,How many positions does the ABS function switch have?,abs-m5,False,1,1,0,0,0.0,0.0,0,0,,50,False,0.6719820848359694,no_label_match_in_returned_list;incomplete_label_recall_at_5;incomplete_label_recall_at_10
saved_recomputed,validation_evidence/historical/corpus-v2-development.json,83f91c9f0b33f1e960d8c7bbeaac368be232ee3b86ddacb960370946a22d2432,racevault-corpus-v2,b63a69a8-a9c6-4b80-ae8b-65af8d597001,75c8f3ecebee79bd3f52785008555334fa2c6d11,development,semantic,question,abs_hydraulic_unit_weight,How much does the ABS M5 hydraulic unit weigh?,abs-m5,False,1,1,0,0.25,1.0,1.0,1,1,4,50,True,0.6470118788959761,
saved_recomputed,validation_evidence/historical/corpus-v2-development.json,83f91c9f0b33f1e960d8c7bbeaac368be232ee3b86ddacb960370946a22d2432,racevault-corpus-v2,b63a69a8-a9c6-4b80-ae8b-65af8d597001,75c8f3ecebee79bd3f52785008555334fa2c6d11,development,semantic,question,software_update_order,"In what order must the PowerBox, logger and display be updated?",cup-software-updates,False,1,1,0,1.0,1.0,1.0,1,1,1,50,True,0.7484414844917172,
saved_recomputed,validation_evidence/historical/corpus-v2-development.json,83f91c9f0b33f1e960d8c7bbeaac368be232ee3b86ddacb960370946a22d2432,racevault-corpus-v2,b63a69a8-a9c6-4b80-ae8b-65af8d597001,75c8f3ecebee79bd3f52785008555334fa2c6d11,development,semantic,question,ecu_temperature_range,What temperature range is the MS 6 harness connector rated for?,ms6-ecu,False,1,1,0,1.0,1.0,1.0,1,1,1,50,True,0.7562193717806521,
saved_recomputed,validation_evidence/historical/corpus-v2-development.json,83f91c9f0b33f1e960d8c7bbeaac368be232ee3b86ddacb960370946a22d2432,racevault-corpus-v2,b63a69a8-a9c6-4b80-ae8b-65af8d597001,75c8f3ecebee79bd3f52785008555334fa2c6d11,development,semantic,question,ecu_flywheel_sensor_type,Can the MS 6 use an inductive sensor for flywheel measurement?,ms6-ecu,False,1,1,0,1.0,1.0,1.0,1,1,1,50,True,0.6436803398463344,
saved_recomputed,validation_evidence/historical/corpus-v2-development.json,83f91c9f0b33f1e960d8c7bbeaac368be232ee3b86ddacb960370946a22d2432,racevault-corpus-v2,b63a69a8-a9c6-4b80-ae8b-65af8d597001,75c8f3ecebee79bd3f52785008555334fa2c6d11,development,semantic,question,part_front_left_caliper,What is the part number for the front left brake caliper on the 992 GT3 Cup?,part-catalogue-992,False,1,1,0,1.0,1.0,1.0,1,1,1,50,True,0.6812956874961822,
saved_recomputed,validation_evidence/historical/corpus-v2-development.json,83f91c9f0b33f1e960d8c7bbeaac368be232ee3b86ddacb960370946a22d2432,racevault-corpus-v2,b63a69a8-a9c6-4b80-ae8b-65af8d597001,75c8f3ecebee79bd3f52785008555334fa2c6d11,development,semantic,question,neg_drs_activation,Where are the DRS activation zones?,unassigned,True,1,0,1,,,,,,,50,False,0.4493539221498202,candidates_for_unanswerable_not_an_abstention_failure
saved_recomputed,validation_evidence/historical/corpus-v2-development.json,83f91c9f0b33f1e960d8c7bbeaac368be232ee3b86ddacb960370946a22d2432,racevault-corpus-v2,b63a69a8-a9c6-4b80-ae8b-65af8d597001,75c8f3ecebee79bd3f52785008555334fa2c6d11,development,semantic,question,neg_energy_recovery,How is the energy recovery system deployed on a qualifying lap?,unassigned,True,1,0,1,,,,,,,50,False,0.6065733780406409,candidates_for_unanswerable_not_an_abstention_failure
saved_recomputed,validation_evidence/historical/corpus-v2-development.json,83f91c9f0b33f1e960d8c7bbeaac368be232ee3b86ddacb960370946a22d2432,racevault-corpus-v2,b63a69a8-a9c6-4b80-ae8b-65af8d597001,75c8f3ecebee79bd3f52785008555334fa2c6d11,development,semantic,question,neg_push_to_pass,How many push to pass activations does each driver get?,unassigned,True,1,0,1,,,,,,,50,False,0.6267978101684323,candidates_for_unanswerable_not_an_abstention_failure
saved_recomputed,validation_evidence/historical/corpus-v2-development.json,83f91c9f0b33f1e960d8c7bbeaac368be232ee3b86ddacb960370946a22d2432,racevault-corpus-v2,b63a69a8-a9c6-4b80-ae8b-65af8d597001,75c8f3ecebee79bd3f52785008555334fa2c6d11,development,semantic,question,neg_success_ballast,How much success ballast is added after a race win?,unassigned,True,1,0,1,,,,,,,50,False,0.5407902859561241,candidates_for_unanswerable_not_an_abstention_failure
saved_recomputed,validation_evidence/historical/corpus-v2-development.json,83f91c9f0b33f1e960d8c7bbeaac368be232ee3b86ddacb960370946a22d2432,racevault-corpus-v2,b63a69a8-a9c6-4b80-ae8b-65af8d597001,75c8f3ecebee79bd3f52785008555334fa2c6d11,development,semantic,aggregate,,,ALL,,27,22,5,0.7295995670995672,0.8636363636363636,0.9545454545454546,0.8636363636363636,0.9545454545454546,,,,,
saved_recomputed,validation_evidence/historical/corpus-v2-development.json,83f91c9f0b33f1e960d8c7bbeaac368be232ee3b86ddacb960370946a22d2432,racevault-corpus-v2,b63a69a8-a9c6-4b80-ae8b-65af8d597001,75c8f3ecebee79bd3f52785008555334fa2c6d11,development,semantic,family,,,abs-m5,,5,5,0,0.65,0.8,0.8,0.8,0.8,,,,,
saved_recomputed,validation_evidence/historical/corpus-v2-development.json,83f91c9f0b33f1e960d8c7bbeaac368be232ee3b86ddacb960370946a22d2432,racevault-corpus-v2,b63a69a8-a9c6-4b80-ae8b-65af8d597001,75c8f3ecebee79bd3f52785008555334fa2c6d11,development,semantic,family,,,cup-software-updates,,1,1,0,1.0,1.0,1.0,1.0,1.0,,,,,
saved_recomputed,validation_evidence/historical/corpus-v2-development.json,83f91c9f0b33f1e960d8c7bbeaac368be232ee3b86ddacb960370946a22d2432,racevault-corpus-v2,b63a69a8-a9c6-4b80-ae8b-65af8d597001,75c8f3ecebee79bd3f52785008555334fa2c6d11,development,semantic,family,,,ms6-ecu,,2,2,0,1.0,1.0,1.0,1.0,1.0,,,,,
saved_recomputed,validation_evidence/historical/corpus-v2-development.json,83f91c9f0b33f1e960d8c7bbeaac368be232ee3b86ddacb960370946a22d2432,racevault-corpus-v2,b63a69a8-a9c6-4b80-ae8b-65af8d597001,75c8f3ecebee79bd3f52785008555334fa2c6d11,development,semantic,family,,,part-catalogue-992,,1,1,0,1.0,1.0,1.0,1.0,1.0,,,,,
saved_recomputed,validation_evidence/historical/corpus-v2-development.json,83f91c9f0b33f1e960d8c7bbeaac368be232ee3b86ddacb960370946a22d2432,racevault-corpus-v2,b63a69a8-a9c6-4b80-ae8b-65af8d597001,75c8f3ecebee79bd3f52785008555334fa2c6d11,development,semantic,family,,,pcc-australia-regulations,,13,13,0,0.6770146520146519,0.8461538461538461,1.0,0.8461538461538461,1.0,,,,,
saved_recomputed,validation_evidence/historical/corpus-v2-development.json,83f91c9f0b33f1e960d8c7bbeaac368be232ee3b86ddacb960370946a22d2432,racevault-corpus-v2,b63a69a8-a9c6-4b80-ae8b-65af8d597001,75c8f3ecebee79bd3f52785008555334fa2c6d11,development,semantic,family,,,unassigned,,5,0,5,,,,,,,,,,
saved_recomputed,validation_evidence/historical/corpus-v2-development.json,83f91c9f0b33f1e960d8c7bbeaac368be232ee3b86ddacb960370946a22d2432,racevault-corpus-v2,b63a69a8-a9c6-4b80-ae8b-65af8d597001,75c8f3ecebee79bd3f52785008555334fa2c6d11,development,fused,question,reg_joker_tyre_definition,What is a Joker Tyre?,pcc-australia-regulations,False,1,1,0,0.2,1.0,1.0,1,1,5,30,True,,
saved_recomputed,validation_evidence/historical/corpus-v2-development.json,83f91c9f0b33f1e960d8c7bbeaac368be232ee3b86ddacb960370946a22d2432,racevault-corpus-v2,b63a69a8-a9c6-4b80-ae8b-65af8d597001,75c8f3ecebee79bd3f52785008555334fa2c6d11,development,fused,question,reg_control_component_requirement,Are control components mandatory?,pcc-australia-regulations,False,1,1,0,1.0,1.0,1.0,1,1,1,30,True,,
saved_recomputed,validation_evidence/historical/corpus-v2-development.json,83f91c9f0b33f1e960d8c7bbeaac368be232ee3b86ddacb960370946a22d2432,racevault-corpus-v2,b63a69a8-a9c6-4b80-ae8b-65af8d597001,75c8f3ecebee79bd3f52785008555334fa2c6d11,development,fused,question,reg_slick_tyre_definition,Which regulation defines a slick tyre?,pcc-australia-regulations,False,1,1,0,1.0,1.0,1.0,1,1,1,30,True,,
saved_recomputed,validation_evidence/historical/corpus-v2-development.json,83f91c9f0b33f1e960d8c7bbeaac368be232ee3b86ddacb960370946a22d2432,racevault-corpus-v2,b63a69a8-a9c6-4b80-ae8b-65af8d597001,75c8f3ecebee79bd3f52785008555334fa2c6d11,development,fused,question,reg_round_alteration_precedence,What takes precedence when the regulations are altered for a specific round?,pcc-australia-regulations,False,1,1,0,1.0,1.0,1.0,1,1,1,30,True,,
saved_recomputed,validation_evidence/historical/corpus-v2-development.json,83f91c9f0b33f1e960d8c7bbeaac368be232ee3b86ddacb960370946a22d2432,racevault-corpus-v2,b63a69a8-a9c6-4b80-ae8b-65af8d597001,75c8f3ecebee79bd3f52785008555334fa2c6d11,development,fused,question,reg_driver_minimum_age,What is the minimum driver age?,pcc-australia-regulations,False,1,1,0,1.0,1.0,1.0,1,1,1,30,True,,
saved_recomputed,validation_evidence/historical/corpus-v2-development.json,83f91c9f0b33f1e960d8c7bbeaac368be232ee3b86ddacb960370946a22d2432,racevault-corpus-v2,b63a69a8-a9c6-4b80-ae8b-65af8d597001,75c8f3ecebee79bd3f52785008555334fa2c6d11,development,fused,question,reg_2026_calendar,Which circuits are on the 2026 championship calendar?,pcc-australia-regulations,False,1,1,0,0.25,1.0,1.0,1,1,4,30,True,,
saved_recomputed,validation_evidence/historical/corpus-v2-development.json,83f91c9f0b33f1e960d8c7bbeaac368be232ee3b86ddacb960370946a22d2432,racevault-corpus-v2,b63a69a8-a9c6-4b80-ae8b-65af8d597001,75c8f3ecebee79bd3f52785008555334fa2c6d11,development,fused,question,failure_wrong_regulation_revision,What is a Joker Tyre?,unassigned,True,1,0,1,,,,,,,0,True,,
saved_recomputed,validation_evidence/historical/corpus-v2-development.json,83f91c9f0b33f1e960d8c7bbeaac368be232ee3b86ddacb960370946a22d2432,racevault-corpus-v2,b63a69a8-a9c6-4b80-ae8b-65af8d597001,75c8f3ecebee79bd3f52785008555334fa2c6d11,development,fused,question,aus_current_minimum_weight,What is the minimum weight of the car in Carrera Cup Australia?,pcc-australia-regulations,False,1,1,0,0.16666666666666666,0.0,1.0,0,1,6,30,True,,miss_at_5;incomplete_label_recall_at_5
saved_recomputed,validation_evidence/historical/corpus-v2-development.json,83f91c9f0b33f1e960d8c7bbeaac368be232ee3b86ddacb960370946a22d2432,racevault-corpus-v2,b63a69a8-a9c6-4b80-ae8b-65af8d597001,75c8f3ecebee79bd3f52785008555334fa2c6d11,development,fused,question,aus_current_racing_weight,What minimum racing weight must a Carrera Cup Australia car achieve?,pcc-australia-regulations,False,1,1,0,1.0,1.0,1.0,1,1,1,30,True,,
saved_recomputed,validation_evidence/historical/corpus-v2-development.json,83f91c9f0b33f1e960d8c7bbeaac368be232ee3b86ddacb960370946a22d2432,racevault-corpus-v2,b63a69a8-a9c6-4b80-ae8b-65af8d597001,75c8f3ecebee79bd3f52785008555334fa2c6d11,development,fused,question,aus_2025_minimum_weight,What was the minimum car weight in the 2025 Carrera Cup Australia regulations?,pcc-australia-regulations,False,1,1,0,0.09090909090909091,0.0,0.0,0,0,11,30,True,,miss_at_5;miss_at_10;incomplete_label_recall_at_5;incomplete_label_recall_at_10
saved_recomputed,validation_evidence/historical/corpus-v2-development.json,83f91c9f0b33f1e960d8c7bbeaac368be232ee3b86ddacb960370946a22d2432,racevault-corpus-v2,b63a69a8-a9c6-4b80-ae8b-65af8d597001,75c8f3ecebee79bd3f52785008555334fa2c6d11,development,fused,question,aus_driver_minimum_weight,"How much must a driver weigh in Carrera Cup Australia, and what happens if they weigh less?",pcc-australia-regulations,False,1,1,0,1.0,1.0,1.0,1,1,1,30,True,,
saved_recomputed,validation_evidence/historical/corpus-v2-development.json,83f91c9f0b33f1e960d8c7bbeaac368be232ee3b86ddacb960370946a22d2432,racevault-corpus-v2,b63a69a8-a9c6-4b80-ae8b-65af8d597001,75c8f3ecebee79bd3f52785008555334fa2c6d11,development,fused,question,aus_fuel_remaining,How much fuel must remain in the car during a track session?,pcc-australia-regulations,False,1,1,0,1.0,1.0,1.0,1,1,1,30,True,,
saved_recomputed,validation_evidence/historical/corpus-v2-development.json,83f91c9f0b33f1e960d8c7bbeaac368be232ee3b86ddacb960370946a22d2432,racevault-corpus-v2,b63a69a8-a9c6-4b80-ae8b-65af8d597001,75c8f3ecebee79bd3f52785008555334fa2c6d11,development,fused,question,aus_driver_age,How old must a driver be to compete in Carrera Cup Australia?,pcc-australia-regulations,False,1,1,0,1.0,1.0,1.0,1,1,1,30,True,,
saved_recomputed,validation_evidence/historical/corpus-v2-development.json,83f91c9f0b33f1e960d8c7bbeaac368be232ee3b86ddacb960370946a22d2432,racevault-corpus-v2,b63a69a8-a9c6-4b80-ae8b-65af8d597001,75c8f3ecebee79bd3f52785008555334fa2c6d11,development,fused,question,aus_joker_tyre_allocation,How many Joker Tyres may a driver use per round and per season?,pcc-australia-regulations,False,1,1,0,1.0,1.0,1.0,1,1,1,30,True,,
saved_recomputed,validation_evidence/historical/corpus-v2-development.json,83f91c9f0b33f1e960d8c7bbeaac368be232ee3b86ddacb960370946a22d2432,racevault-corpus-v2,b63a69a8-a9c6-4b80-ae8b-65af8d597001,75c8f3ecebee79bd3f52785008555334fa2c6d11,development,fused,question,abs_map_switch_torque,What tightening torque applies to the ABS map switch?,abs-m5,False,1,1,0,1.0,1.0,1.0,1,1,1,30,True,,
saved_recomputed,validation_evidence/historical/corpus-v2-development.json,83f91c9f0b33f1e960d8c7bbeaac368be232ee3b86ddacb960370946a22d2432,racevault-corpus-v2,b63a69a8-a9c6-4b80-ae8b-65af8d597001,75c8f3ecebee79bd3f52785008555334fa2c6d11,development,fused,question,abs_brake_line_diameter,What brake line should be used to plumb the ABS M5 unit?,abs-m5,False,1,1,0,1.0,1.0,1.0,1,1,1,30,True,,
saved_recomputed,validation_evidence/historical/corpus-v2-development.json,83f91c9f0b33f1e960d8c7bbeaac368be232ee3b86ddacb960370946a22d2432,racevault-corpus-v2,b63a69a8-a9c6-4b80-ae8b-65af8d597001,75c8f3ecebee79bd3f52785008555334fa2c6d11,development,fused,question,abs_reset_after_drive_cycle_fault,How is the ABS reset after a drive cycle fault?,abs-m5,False,1,1,0,1.0,1.0,1.0,1,1,1,30,True,,
saved_recomputed,validation_evidence/historical/corpus-v2-development.json,83f91c9f0b33f1e960d8c7bbeaac368be232ee3b86ddacb960370946a22d2432,racevault-corpus-v2,b63a69a8-a9c6-4b80-ae8b-65af8d597001,75c8f3ecebee79bd3f52785008555334fa2c6d11,development,fused,question,abs_map_switch_positions,How many positions does the ABS function switch have?,abs-m5,False,1,1,0,0,0.0,0.0,0,0,,30,False,,no_label_match_in_returned_list;incomplete_label_recall_at_5;incomplete_label_recall_at_10
saved_recomputed,validation_evidence/historical/corpus-v2-development.json,83f91c9f0b33f1e960d8c7bbeaac368be232ee3b86ddacb960370946a22d2432,racevault-corpus-v2,b63a69a8-a9c6-4b80-ae8b-65af8d597001,75c8f3ecebee79bd3f52785008555334fa2c6d11,development,fused,question,abs_hydraulic_unit_weight,How much does the ABS M5 hydraulic unit weigh?,abs-m5,False,1,1,0,0.08333333333333333,0.0,0.0,0,0,12,30,True,,miss_at_5;miss_at_10;incomplete_label_recall_at_5;incomplete_label_recall_at_10
saved_recomputed,validation_evidence/historical/corpus-v2-development.json,83f91c9f0b33f1e960d8c7bbeaac368be232ee3b86ddacb960370946a22d2432,racevault-corpus-v2,b63a69a8-a9c6-4b80-ae8b-65af8d597001,75c8f3ecebee79bd3f52785008555334fa2c6d11,development,fused,question,software_update_order,"In what order must the PowerBox, logger and display be updated?",cup-software-updates,False,1,1,0,1.0,1.0,1.0,1,1,1,30,True,,
saved_recomputed,validation_evidence/historical/corpus-v2-development.json,83f91c9f0b33f1e960d8c7bbeaac368be232ee3b86ddacb960370946a22d2432,racevault-corpus-v2,b63a69a8-a9c6-4b80-ae8b-65af8d597001,75c8f3ecebee79bd3f52785008555334fa2c6d11,development,fused,question,ecu_temperature_range,What temperature range is the MS 6 harness connector rated for?,ms6-ecu,False,1,1,0,1.0,1.0,1.0,1,1,1,30,True,,
saved_recomputed,validation_evidence/historical/corpus-v2-development.json,83f91c9f0b33f1e960d8c7bbeaac368be232ee3b86ddacb960370946a22d2432,racevault-corpus-v2,b63a69a8-a9c6-4b80-ae8b-65af8d597001,75c8f3ecebee79bd3f52785008555334fa2c6d11,development,fused,question,ecu_flywheel_sensor_type,Can the MS 6 use an inductive sensor for flywheel measurement?,ms6-ecu,False,1,1,0,1.0,1.0,1.0,1,1,1,30,True,,
saved_recomputed,validation_evidence/historical/corpus-v2-development.json,83f91c9f0b33f1e960d8c7bbeaac368be232ee3b86ddacb960370946a22d2432,racevault-corpus-v2,b63a69a8-a9c6-4b80-ae8b-65af8d597001,75c8f3ecebee79bd3f52785008555334fa2c6d11,development,fused,question,part_front_left_caliper,What is the part number for the front left brake caliper on the 992 GT3 Cup?,part-catalogue-992,False,1,1,0,1.0,1.0,1.0,1,1,1,30,True,,
saved_recomputed,validation_evidence/historical/corpus-v2-development.json,83f91c9f0b33f1e960d8c7bbeaac368be232ee3b86ddacb960370946a22d2432,racevault-corpus-v2,b63a69a8-a9c6-4b80-ae8b-65af8d597001,75c8f3ecebee79bd3f52785008555334fa2c6d11,development,fused,question,neg_drs_activation,Where are the DRS activation zones?,unassigned,True,1,0,1,,,,,,,30,False,,candidates_for_unanswerable_not_an_abstention_failure
saved_recomputed,validation_evidence/historical/corpus-v2-development.json,83f91c9f0b33f1e960d8c7bbeaac368be232ee3b86ddacb960370946a22d2432,racevault-corpus-v2,b63a69a8-a9c6-4b80-ae8b-65af8d597001,75c8f3ecebee79bd3f52785008555334fa2c6d11,development,fused,question,neg_energy_recovery,How is the energy recovery system deployed on a qualifying lap?,unassigned,True,1,0,1,,,,,,,30,False,,candidates_for_unanswerable_not_an_abstention_failure
saved_recomputed,validation_evidence/historical/corpus-v2-development.json,83f91c9f0b33f1e960d8c7bbeaac368be232ee3b86ddacb960370946a22d2432,racevault-corpus-v2,b63a69a8-a9c6-4b80-ae8b-65af8d597001,75c8f3ecebee79bd3f52785008555334fa2c6d11,development,fused,question,neg_push_to_pass,How many push to pass activations does each driver get?,unassigned,True,1,0,1,,,,,,,30,False,,candidates_for_unanswerable_not_an_abstention_failure
saved_recomputed,validation_evidence/historical/corpus-v2-development.json,83f91c9f0b33f1e960d8c7bbeaac368be232ee3b86ddacb960370946a22d2432,racevault-corpus-v2,b63a69a8-a9c6-4b80-ae8b-65af8d597001,75c8f3ecebee79bd3f52785008555334fa2c6d11,development,fused,question,neg_success_ballast,How much success ballast is added after a race win?,unassigned,True,1,0,1,,,,,,,30,False,,candidates_for_unanswerable_not_an_abstention_failure
saved_recomputed,validation_evidence/historical/corpus-v2-development.json,83f91c9f0b33f1e960d8c7bbeaac368be232ee3b86ddacb960370946a22d2432,racevault-corpus-v2,b63a69a8-a9c6-4b80-ae8b-65af8d597001,75c8f3ecebee79bd3f52785008555334fa2c6d11,development,fused,aggregate,,,ALL,,27,22,5,0.7632231404958677,0.8181818181818182,0.8636363636363636,0.8181818181818182,0.8636363636363636,,,,,
saved_recomputed,validation_evidence/historical/corpus-v2-development.json,83f91c9f0b33f1e960d8c7bbeaac368be232ee3b86ddacb960370946a22d2432,racevault-corpus-v2,b63a69a8-a9c6-4b80-ae8b-65af8d597001,75c8f3ecebee79bd3f52785008555334fa2c6d11,development,fused,family,,,abs-m5,,5,5,0,0.6166666666666667,0.6,0.6,0.6,0.6,,,,,
saved_recomputed,validation_evidence/historical/corpus-v2-development.json,83f91c9f0b33f1e960d8c7bbeaac368be232ee3b86ddacb960370946a22d2432,racevault-corpus-v2,b63a69a8-a9c6-4b80-ae8b-65af8d597001,75c8f3ecebee79bd3f52785008555334fa2c6d11,development,fused,family,,,cup-software-updates,,1,1,0,1.0,1.0,1.0,1.0,1.0,,,,,
saved_recomputed,validation_evidence/historical/corpus-v2-development.json,83f91c9f0b33f1e960d8c7bbeaac368be232ee3b86ddacb960370946a22d2432,racevault-corpus-v2,b63a69a8-a9c6-4b80-ae8b-65af8d597001,75c8f3ecebee79bd3f52785008555334fa2c6d11,development,fused,family,,,ms6-ecu,,2,2,0,1.0,1.0,1.0,1.0,1.0,,,,,
saved_recomputed,validation_evidence/historical/corpus-v2-development.json,83f91c9f0b33f1e960d8c7bbeaac368be232ee3b86ddacb960370946a22d2432,racevault-corpus-v2,b63a69a8-a9c6-4b80-ae8b-65af8d597001,75c8f3ecebee79bd3f52785008555334fa2c6d11,development,fused,family,,,part-catalogue-992,,1,1,0,1.0,1.0,1.0,1.0,1.0,,,,,
saved_recomputed,validation_evidence/historical/corpus-v2-development.json,83f91c9f0b33f1e960d8c7bbeaac368be232ee3b86ddacb960370946a22d2432,racevault-corpus-v2,b63a69a8-a9c6-4b80-ae8b-65af8d597001,75c8f3ecebee79bd3f52785008555334fa2c6d11,development,fused,family,,,pcc-australia-regulations,,13,13,0,0.7467365967365966,0.8461538461538461,0.9230769230769231,0.8461538461538461,0.9230769230769231,,,,,
saved_recomputed,validation_evidence/historical/corpus-v2-development.json,83f91c9f0b33f1e960d8c7bbeaac368be232ee3b86ddacb960370946a22d2432,racevault-corpus-v2,b63a69a8-a9c6-4b80-ae8b-65af8d597001,75c8f3ecebee79bd3f52785008555334fa2c6d11,development,fused,family,,,unassigned,,5,0,5,,,,,,,,,,
saved_recomputed,validation_evidence/historical/corpus-v2-development.json,83f91c9f0b33f1e960d8c7bbeaac368be232ee3b86ddacb960370946a22d2432,racevault-corpus-v2,b63a69a8-a9c6-4b80-ae8b-65af8d597001,75c8f3ecebee79bd3f52785008555334fa2c6d11,development,reranked,question,reg_joker_tyre_definition,What is a Joker Tyre?,pcc-australia-regulations,False,1,1,0,1.0,1.0,1.0,1,1,1,15,True,0.7895584106445312,
saved_recomputed,validation_evidence/historical/corpus-v2-development.json,83f91c9f0b33f1e960d8c7bbeaac368be232ee3b86ddacb960370946a22d2432,racevault-corpus-v2,b63a69a8-a9c6-4b80-ae8b-65af8d597001,75c8f3ecebee79bd3f52785008555334fa2c6d11,development,reranked,question,reg_control_component_requirement,Are control components mandatory?,pcc-australia-regulations,False,1,1,0,1.0,1.0,1.0,1,1,1,15,True,0.9853278994560242,
saved_recomputed,validation_evidence/historical/corpus-v2-development.json,83f91c9f0b33f1e960d8c7bbeaac368be232ee3b86ddacb960370946a22d2432,racevault-corpus-v2,b63a69a8-a9c6-4b80-ae8b-65af8d597001,75c8f3ecebee79bd3f52785008555334fa2c6d11,development,reranked,question,reg_slick_tyre_definition,Which regulation defines a slick tyre?,pcc-australia-regulations,False,1,1,0,1.0,1.0,1.0,1,1,1,15,True,0.9654463529586792,
saved_recomputed,validation_evidence/historical/corpus-v2-development.json,83f91c9f0b33f1e960d8c7bbeaac368be232ee3b86ddacb960370946a22d2432,racevault-corpus-v2,b63a69a8-a9c6-4b80-ae8b-65af8d597001,75c8f3ecebee79bd3f52785008555334fa2c6d11,development,reranked,question,reg_round_alteration_precedence,What takes precedence when the regulations are altered for a specific round?,pcc-australia-regulations,False,1,1,0,1.0,1.0,1.0,1,1,1,15,True,0.9933589100837708,
saved_recomputed,validation_evidence/historical/corpus-v2-development.json,83f91c9f0b33f1e960d8c7bbeaac368be232ee3b86ddacb960370946a22d2432,racevault-corpus-v2,b63a69a8-a9c6-4b80-ae8b-65af8d597001,75c8f3ecebee79bd3f52785008555334fa2c6d11,development,reranked,question,reg_driver_minimum_age,What is the minimum driver age?,pcc-australia-regulations,False,1,1,0,1.0,1.0,1.0,1,1,1,15,True,0.7364006042480469,
saved_recomputed,validation_evidence/historical/corpus-v2-development.json,83f91c9f0b33f1e960d8c7bbeaac368be232ee3b86ddacb960370946a22d2432,racevault-corpus-v2,b63a69a8-a9c6-4b80-ae8b-65af8d597001,75c8f3ecebee79bd3f52785008555334fa2c6d11,development,reranked,question,reg_2026_calendar,Which circuits are on the 2026 championship calendar?,pcc-australia-regulations,False,1,1,0,1.0,1.0,1.0,1,1,1,15,True,0.4449867904186249,
saved_recomputed,validation_evidence/historical/corpus-v2-development.json,83f91c9f0b33f1e960d8c7bbeaac368be232ee3b86ddacb960370946a22d2432,racevault-corpus-v2,b63a69a8-a9c6-4b80-ae8b-65af8d597001,75c8f3ecebee79bd3f52785008555334fa2c6d11,development,reranked,question,failure_wrong_regulation_revision,What is a Joker Tyre?,unassigned,True,1,0,1,,,,,,,0,True,,
saved_recomputed,validation_evidence/historical/corpus-v2-development.json,83f91c9f0b33f1e960d8c7bbeaac368be232ee3b86ddacb960370946a22d2432,racevault-corpus-v2,b63a69a8-a9c6-4b80-ae8b-65af8d597001,75c8f3ecebee79bd3f52785008555334fa2c6d11,development,reranked,question,aus_current_minimum_weight,What is the minimum weight of the car in Carrera Cup Australia?,pcc-australia-regulations,False,1,1,0,0.3333333333333333,1.0,1.0,1,1,3,15,True,0.6442251205444336,
saved_recomputed,validation_evidence/historical/corpus-v2-development.json,83f91c9f0b33f1e960d8c7bbeaac368be232ee3b86ddacb960370946a22d2432,racevault-corpus-v2,b63a69a8-a9c6-4b80-ae8b-65af8d597001,75c8f3ecebee79bd3f52785008555334fa2c6d11,development,reranked,question,aus_current_racing_weight,What minimum racing weight must a Carrera Cup Australia car achieve?,pcc-australia-regulations,False,1,1,0,1.0,1.0,1.0,1,1,1,15,True,0.8447935581207275,
saved_recomputed,validation_evidence/historical/corpus-v2-development.json,83f91c9f0b33f1e960d8c7bbeaac368be232ee3b86ddacb960370946a22d2432,racevault-corpus-v2,b63a69a8-a9c6-4b80-ae8b-65af8d597001,75c8f3ecebee79bd3f52785008555334fa2c6d11,development,reranked,question,aus_2025_minimum_weight,What was the minimum car weight in the 2025 Carrera Cup Australia regulations?,pcc-australia-regulations,False,1,1,0,1.0,1.0,1.0,1,1,1,15,True,0.6680145263671875,
saved_recomputed,validation_evidence/historical/corpus-v2-development.json,83f91c9f0b33f1e960d8c7bbeaac368be232ee3b86ddacb960370946a22d2432,racevault-corpus-v2,b63a69a8-a9c6-4b80-ae8b-65af8d597001,75c8f3ecebee79bd3f52785008555334fa2c6d11,development,reranked,question,aus_driver_minimum_weight,"How much must a driver weigh in Carrera Cup Australia, and what happens if they weigh less?",pcc-australia-regulations,False,1,1,0,1.0,1.0,1.0,1,1,1,15,True,0.843508780002594,
saved_recomputed,validation_evidence/historical/corpus-v2-development.json,83f91c9f0b33f1e960d8c7bbeaac368be232ee3b86ddacb960370946a22d2432,racevault-corpus-v2,b63a69a8-a9c6-4b80-ae8b-65af8d597001,75c8f3ecebee79bd3f52785008555334fa2c6d11,development,reranked,question,aus_fuel_remaining,How much fuel must remain in the car during a track session?,pcc-australia-regulations,False,1,1,0,1.0,1.0,1.0,1,1,1,15,True,0.9906600117683411,
saved_recomputed,validation_evidence/historical/corpus-v2-development.json,83f91c9f0b33f1e960d8c7bbeaac368be232ee3b86ddacb960370946a22d2432,racevault-corpus-v2,b63a69a8-a9c6-4b80-ae8b-65af8d597001,75c8f3ecebee79bd3f52785008555334fa2c6d11,development,reranked,question,aus_driver_age,How old must a driver be to compete in Carrera Cup Australia?,pcc-australia-regulations,False,1,1,0,1.0,1.0,1.0,1,1,1,15,True,0.9074763655662537,
saved_recomputed,validation_evidence/historical/corpus-v2-development.json,83f91c9f0b33f1e960d8c7bbeaac368be232ee3b86ddacb960370946a22d2432,racevault-corpus-v2,b63a69a8-a9c6-4b80-ae8b-65af8d597001,75c8f3ecebee79bd3f52785008555334fa2c6d11,development,reranked,question,aus_joker_tyre_allocation,How many Joker Tyres may a driver use per round and per season?,pcc-australia-regulations,False,1,1,0,1.0,1.0,1.0,1,1,1,15,True,0.9811307191848755,
saved_recomputed,validation_evidence/historical/corpus-v2-development.json,83f91c9f0b33f1e960d8c7bbeaac368be232ee3b86ddacb960370946a22d2432,racevault-corpus-v2,b63a69a8-a9c6-4b80-ae8b-65af8d597001,75c8f3ecebee79bd3f52785008555334fa2c6d11,development,reranked,question,abs_map_switch_torque,What tightening torque applies to the ABS map switch?,abs-m5,False,1,1,0,1.0,1.0,1.0,1,1,1,15,True,0.9528381824493408,
saved_recomputed,validation_evidence/historical/corpus-v2-development.json,83f91c9f0b33f1e960d8c7bbeaac368be232ee3b86ddacb960370946a22d2432,racevault-corpus-v2,b63a69a8-a9c6-4b80-ae8b-65af8d597001,75c8f3ecebee79bd3f52785008555334fa2c6d11,development,reranked,question,abs_brake_line_diameter,What brake line should be used to plumb the ABS M5 unit?,abs-m5,False,1,1,0,1.0,1.0,1.0,1,1,1,15,True,0.9980276226997375,
saved_recomputed,validation_evidence/historical/corpus-v2-development.json,83f91c9f0b33f1e960d8c7bbeaac368be232ee3b86ddacb960370946a22d2432,racevault-corpus-v2,b63a69a8-a9c6-4b80-ae8b-65af8d597001,75c8f3ecebee79bd3f52785008555334fa2c6d11,development,reranked,question,abs_reset_after_drive_cycle_fault,How is the ABS reset after a drive cycle fault?,abs-m5,False,1,1,0,1.0,1.0,1.0,1,1,1,15,True,0.9892648458480835,
saved_recomputed,validation_evidence/historical/corpus-v2-development.json,83f91c9f0b33f1e960d8c7bbeaac368be232ee3b86ddacb960370946a22d2432,racevault-corpus-v2,b63a69a8-a9c6-4b80-ae8b-65af8d597001,75c8f3ecebee79bd3f52785008555334fa2c6d11,development,reranked,question,abs_map_switch_positions,How many positions does the ABS function switch have?,abs-m5,False,1,1,0,0,0.0,0.0,0,0,,15,False,0.9351099133491516,no_label_match_in_returned_list;incomplete_label_recall_at_5;incomplete_label_recall_at_10
saved_recomputed,validation_evidence/historical/corpus-v2-development.json,83f91c9f0b33f1e960d8c7bbeaac368be232ee3b86ddacb960370946a22d2432,racevault-corpus-v2,b63a69a8-a9c6-4b80-ae8b-65af8d597001,75c8f3ecebee79bd3f52785008555334fa2c6d11,development,reranked,question,abs_hydraulic_unit_weight,How much does the ABS M5 hydraulic unit weigh?,abs-m5,False,1,1,0,0.5,1.0,1.0,1,1,2,15,True,0.7932661771774292,
saved_recomputed,validation_evidence/historical/corpus-v2-development.json,83f91c9f0b33f1e960d8c7bbeaac368be232ee3b86ddacb960370946a22d2432,racevault-corpus-v2,b63a69a8-a9c6-4b80-ae8b-65af8d597001,75c8f3ecebee79bd3f52785008555334fa2c6d11,development,reranked,question,software_update_order,"In what order must the PowerBox, logger and display be updated?",cup-software-updates,False,1,1,0,1.0,1.0,1.0,1,1,1,15,True,0.9655115008354187,
saved_recomputed,validation_evidence/historical/corpus-v2-development.json,83f91c9f0b33f1e960d8c7bbeaac368be232ee3b86ddacb960370946a22d2432,racevault-corpus-v2,b63a69a8-a9c6-4b80-ae8b-65af8d597001,75c8f3ecebee79bd3f52785008555334fa2c6d11,development,reranked,question,ecu_temperature_range,What temperature range is the MS 6 harness connector rated for?,ms6-ecu,False,1,1,0,1.0,1.0,1.0,1,1,1,15,True,0.9967268705368042,
saved_recomputed,validation_evidence/historical/corpus-v2-development.json,83f91c9f0b33f1e960d8c7bbeaac368be232ee3b86ddacb960370946a22d2432,racevault-corpus-v2,b63a69a8-a9c6-4b80-ae8b-65af8d597001,75c8f3ecebee79bd3f52785008555334fa2c6d11,development,reranked,question,ecu_flywheel_sensor_type,Can the MS 6 use an inductive sensor for flywheel measurement?,ms6-ecu,False,1,1,0,1.0,1.0,1.0,1,1,1,15,True,0.9950177073478699,
saved_recomputed,validation_evidence/historical/corpus-v2-development.json,83f91c9f0b33f1e960d8c7bbeaac368be232ee3b86ddacb960370946a22d2432,racevault-corpus-v2,b63a69a8-a9c6-4b80-ae8b-65af8d597001,75c8f3ecebee79bd3f52785008555334fa2c6d11,development,reranked,question,part_front_left_caliper,What is the part number for the front left brake caliper on the 992 GT3 Cup?,part-catalogue-992,False,1,1,0,1.0,1.0,1.0,1,1,1,15,True,0.9976586103439331,
saved_recomputed,validation_evidence/historical/corpus-v2-development.json,83f91c9f0b33f1e960d8c7bbeaac368be232ee3b86ddacb960370946a22d2432,racevault-corpus-v2,b63a69a8-a9c6-4b80-ae8b-65af8d597001,75c8f3ecebee79bd3f52785008555334fa2c6d11,development,reranked,question,neg_drs_activation,Where are the DRS activation zones?,unassigned,True,1,0,1,,,,,,,15,False,0.0026010938454419374,candidates_for_unanswerable_not_an_abstention_failure
saved_recomputed,validation_evidence/historical/corpus-v2-development.json,83f91c9f0b33f1e960d8c7bbeaac368be232ee3b86ddacb960370946a22d2432,racevault-corpus-v2,b63a69a8-a9c6-4b80-ae8b-65af8d597001,75c8f3ecebee79bd3f52785008555334fa2c6d11,development,reranked,question,neg_energy_recovery,How is the energy recovery system deployed on a qualifying lap?,unassigned,True,1,0,1,,,,,,,15,False,0.014785407111048698,candidates_for_unanswerable_not_an_abstention_failure
saved_recomputed,validation_evidence/historical/corpus-v2-development.json,83f91c9f0b33f1e960d8c7bbeaac368be232ee3b86ddacb960370946a22d2432,racevault-corpus-v2,b63a69a8-a9c6-4b80-ae8b-65af8d597001,75c8f3ecebee79bd3f52785008555334fa2c6d11,development,reranked,question,neg_push_to_pass,How many push to pass activations does each driver get?,unassigned,True,1,0,1,,,,,,,15,False,0.030444350093603134,candidates_for_unanswerable_not_an_abstention_failure
saved_recomputed,validation_evidence/historical/corpus-v2-development.json,83f91c9f0b33f1e960d8c7bbeaac368be232ee3b86ddacb960370946a22d2432,racevault-corpus-v2,b63a69a8-a9c6-4b80-ae8b-65af8d597001,75c8f3ecebee79bd3f52785008555334fa2c6d11,development,reranked,question,neg_success_ballast,How much success ballast is added after a race win?,unassigned,True,1,0,1,,,,,,,15,False,0.02498779632151127,candidates_for_unanswerable_not_an_abstention_failure
saved_recomputed,validation_evidence/historical/corpus-v2-development.json,83f91c9f0b33f1e960d8c7bbeaac368be232ee3b86ddacb960370946a22d2432,racevault-corpus-v2,b63a69a8-a9c6-4b80-ae8b-65af8d597001,75c8f3ecebee79bd3f52785008555334fa2c6d11,development,reranked,aggregate,,,ALL,,27,22,5,0.9015151515151515,0.9545454545454546,0.9545454545454546,0.9545454545454546,0.9545454545454546,,,,,
saved_recomputed,validation_evidence/historical/corpus-v2-development.json,83f91c9f0b33f1e960d8c7bbeaac368be232ee3b86ddacb960370946a22d2432,racevault-corpus-v2,b63a69a8-a9c6-4b80-ae8b-65af8d597001,75c8f3ecebee79bd3f52785008555334fa2c6d11,development,reranked,family,,,abs-m5,,5,5,0,0.7,0.8,0.8,0.8,0.8,,,,,
saved_recomputed,validation_evidence/historical/corpus-v2-development.json,83f91c9f0b33f1e960d8c7bbeaac368be232ee3b86ddacb960370946a22d2432,racevault-corpus-v2,b63a69a8-a9c6-4b80-ae8b-65af8d597001,75c8f3ecebee79bd3f52785008555334fa2c6d11,development,reranked,family,,,cup-software-updates,,1,1,0,1.0,1.0,1.0,1.0,1.0,,,,,
saved_recomputed,validation_evidence/historical/corpus-v2-development.json,83f91c9f0b33f1e960d8c7bbeaac368be232ee3b86ddacb960370946a22d2432,racevault-corpus-v2,b63a69a8-a9c6-4b80-ae8b-65af8d597001,75c8f3ecebee79bd3f52785008555334fa2c6d11,development,reranked,family,,,ms6-ecu,,2,2,0,1.0,1.0,1.0,1.0,1.0,,,,,
saved_recomputed,validation_evidence/historical/corpus-v2-development.json,83f91c9f0b33f1e960d8c7bbeaac368be232ee3b86ddacb960370946a22d2432,racevault-corpus-v2,b63a69a8-a9c6-4b80-ae8b-65af8d597001,75c8f3ecebee79bd3f52785008555334fa2c6d11,development,reranked,family,,,part-catalogue-992,,1,1,0,1.0,1.0,1.0,1.0,1.0,,,,,
saved_recomputed,validation_evidence/historical/corpus-v2-development.json,83f91c9f0b33f1e960d8c7bbeaac368be232ee3b86ddacb960370946a22d2432,racevault-corpus-v2,b63a69a8-a9c6-4b80-ae8b-65af8d597001,75c8f3ecebee79bd3f52785008555334fa2c6d11,development,reranked,family,,,pcc-australia-regulations,,13,13,0,0.9487179487179488,1.0,1.0,1.0,1.0,,,,,
saved_recomputed,validation_evidence/historical/corpus-v2-development.json,83f91c9f0b33f1e960d8c7bbeaac368be232ee3b86ddacb960370946a22d2432,racevault-corpus-v2,b63a69a8-a9c6-4b80-ae8b-65af8d597001,75c8f3ecebee79bd3f52785008555334fa2c6d11,development,reranked,family,,,unassigned,,5,0,5,,,,,,,,,,
saved_recomputed,validation_evidence/historical/corpus-v2-test.json,13cda2ef0fdee12711831c38e625ce161686c3fe85e2b4c7dc65fb35fab2b25f,racevault-corpus-v2,f35b140a-4f6b-4050-82bb-c12fff48a6f8,75c8f3ecebee79bd3f52785008555334fa2c6d11,test,lexical,question,tyre_n3r_dimensions,What are the N3R tyre dimensions and recommended wheel width?,tyre-data,False,1,1,0,1.0,1.0,1.0,1,1,1,10,True,73.69373,
saved_recomputed,validation_evidence/historical/corpus-v2-test.json,13cda2ef0fdee12711831c38e625ce161686c3fe85e2b4c7dc65fb35fab2b25f,racevault-corpus-v2,f35b140a-4f6b-4050-82bb-c12fff48a6f8,75c8f3ecebee79bd3f52785008555334fa2c6d11,test,lexical,question,tyre_n3_rolling_circumference,What is the rolling circumference of the front N3 tyre?,tyre-data,False,1,1,0,1.0,1.0,1.0,1,1,1,20,True,59.642685,
saved_recomputed,validation_evidence/historical/corpus-v2-test.json,13cda2ef0fdee12711831c38e625ce161686c3fe85e2b4c7dc65fb35fab2b25f,racevault-corpus-v2,f35b140a-4f6b-4050-82bb-c12fff48a6f8,75c8f3ecebee79bd3f52785008555334fa2c6d11,test,lexical,question,tyre_shoulder_temperature_delta,What is the maximum temperature difference between the inside and outside tyre shoulders?,tyre-data,False,1,1,0,1.0,1.0,1.0,1,1,1,19,True,70.09099,
saved_recomputed,validation_evidence/historical/corpus-v2-test.json,13cda2ef0fdee12711831c38e625ce161686c3fe85e2b4c7dc65fb35fab2b25f,racevault-corpus-v2,f35b140a-4f6b-4050-82bb-c12fff48a6f8,75c8f3ecebee79bd3f52785008555334fa2c6d11,test,lexical,question,tyre_unlisted_track_recommendation,Which recommendation applies to tracks that are not specifically listed?,tyre-data,False,1,1,0,1.0,1.0,1.0,1,1,1,16,True,49.50582,
saved_recomputed,validation_evidence/historical/corpus-v2-test.json,13cda2ef0fdee12711831c38e625ce161686c3fe85e2b4c7dc65fb35fab2b25f,racevault-corpus-v2,f35b140a-4f6b-4050-82bb-c12fff48a6f8,75c8f3ecebee79bd3f52785008555334fa2c6d11,test,lexical,question,tyre_n3r_standard_cold_pressure,What is the standard minimum cold pressure for the rear N3R tyre?,tyre-data,False,1,1,0,0.125,0.0,1.0,0,1,8,20,True,63.793343,miss_at_5;incomplete_label_recall_at_5
saved_recomputed,validation_evidence/historical/corpus-v2-test.json,13cda2ef0fdee12711831c38e625ce161686c3fe85e2b4c7dc65fb35fab2b25f,racevault-corpus-v2,f35b140a-4f6b-4050-82bb-c12fff48a6f8,75c8f3ecebee79bd3f52785008555334fa2c6d11,test,lexical,question,manual_intended_use,Is the Porsche 911 Cup 992 II designed for public-road driving?,porsche-technical-manual,False,1,1,0,1.0,0.5,0.5,1,1,1,50,True,75.55659,incomplete_label_recall_at_5;incomplete_label_recall_at_10
saved_recomputed,validation_evidence/historical/corpus-v2-test.json,13cda2ef0fdee12711831c38e625ce161686c3fe85e2b4c7dc65fb35fab2b25f,racevault-corpus-v2,f35b140a-4f6b-4050-82bb-c12fff48a6f8,75c8f3ecebee79bd3f52785008555334fa2c6d11,test,lexical,question,manual_main_voltage_switch,Which switch position turns the main voltage supply on?,porsche-technical-manual,False,1,1,0,0.5,1.0,1.0,1,1,2,50,True,95.712105,
saved_recomputed,validation_evidence/historical/corpus-v2-test.json,13cda2ef0fdee12711831c38e625ce161686c3fe85e2b4c7dc65fb35fab2b25f,racevault-corpus-v2,f35b140a-4f6b-4050-82bb-c12fff48a6f8,75c8f3ecebee79bd3f52785008555334fa2c6d11,test,lexical,question,manual_fire_system_test,Why must the fire extinguisher system be tested in test mode?,porsche-technical-manual,False,1,1,0,1.0,1.0,1.0,1,1,1,50,True,144.4299,
saved_recomputed,validation_evidence/historical/corpus-v2-test.json,13cda2ef0fdee12711831c38e625ce161686c3fe85e2b4c7dc65fb35fab2b25f,racevault-corpus-v2,f35b140a-4f6b-4050-82bb-c12fff48a6f8,75c8f3ecebee79bd3f52785008555334fa2c6d11,test,lexical,question,conflict_n3r_pressure_sources,minimum cold pressure N3R,tyre-data,False,1,1,0,1.0,0.5,0.5,1,1,1,8,False,25.45111,incomplete_label_recall_at_5;incomplete_label_recall_at_10;insufficient_distinct_sources
saved_recomputed,validation_evidence/historical/corpus-v2-test.json,13cda2ef0fdee12711831c38e625ce161686c3fe85e2b4c7dc65fb35fab2b25f,racevault-corpus-v2,f35b140a-4f6b-4050-82bb-c12fff48a6f8,75c8f3ecebee79bd3f52785008555334fa2c6d11,test,lexical,question,neg_budget_cap,What is the budget cap for the season?,unassigned,True,1,0,1,,,,,,,50,False,34.630714,candidates_for_unanswerable_not_an_abstention_failure
saved_recomputed,validation_evidence/historical/corpus-v2-test.json,13cda2ef0fdee12711831c38e625ce161686c3fe85e2b4c7dc65fb35fab2b25f,racevault-corpus-v2,f35b140a-4f6b-4050-82bb-c12fff48a6f8,75c8f3ecebee79bd3f52785008555334fa2c6d11,test,lexical,question,neg_turbo_boost_limit,What is the maximum turbocharger boost pressure permitted?,unassigned,True,1,0,1,,,,,,,50,False,39.3693,candidates_for_unanswerable_not_an_abstention_failure
saved_recomputed,validation_evidence/historical/corpus-v2-test.json,13cda2ef0fdee12711831c38e625ce161686c3fe85e2b4c7dc65fb35fab2b25f,racevault-corpus-v2,f35b140a-4f6b-4050-82bb-c12fff48a6f8,75c8f3ecebee79bd3f52785008555334fa2c6d11,test,lexical,question,neg_sprint_shootout,What is the sprint shootout format?,unassigned,True,1,0,1,,,,,,,50,False,61.235954,candidates_for_unanswerable_not_an_abstention_failure
saved_recomputed,validation_evidence/historical/corpus-v2-test.json,13cda2ef0fdee12711831c38e625ce161686c3fe85e2b4c7dc65fb35fab2b25f,racevault-corpus-v2,f35b140a-4f6b-4050-82bb-c12fff48a6f8,75c8f3ecebee79bd3f52785008555334fa2c6d11,test,lexical,question,neg_rallycross_joker,How does the rallycross joker lap work?,unassigned,True,1,0,1,,,,,,,50,False,41.279,candidates_for_unanswerable_not_an_abstention_failure
saved_recomputed,validation_evidence/historical/corpus-v2-test.json,13cda2ef0fdee12711831c38e625ce161686c3fe85e2b4c7dc65fb35fab2b25f,racevault-corpus-v2,f35b140a-4f6b-4050-82bb-c12fff48a6f8,75c8f3ecebee79bd3f52785008555334fa2c6d11,test,lexical,aggregate,,,ALL,,13,9,4,0.8472222222222222,0.7777777777777778,0.8888888888888888,0.8888888888888888,1.0,,,,,
saved_recomputed,validation_evidence/historical/corpus-v2-test.json,13cda2ef0fdee12711831c38e625ce161686c3fe85e2b4c7dc65fb35fab2b25f,racevault-corpus-v2,f35b140a-4f6b-4050-82bb-c12fff48a6f8,75c8f3ecebee79bd3f52785008555334fa2c6d11,test,lexical,family,,,porsche-technical-manual,,3,3,0,0.8333333333333334,0.8333333333333334,0.8333333333333334,1.0,1.0,,,,,
saved_recomputed,validation_evidence/historical/corpus-v2-test.json,13cda2ef0fdee12711831c38e625ce161686c3fe85e2b4c7dc65fb35fab2b25f,racevault-corpus-v2,f35b140a-4f6b-4050-82bb-c12fff48a6f8,75c8f3ecebee79bd3f52785008555334fa2c6d11,test,lexical,family,,,tyre-data,,6,6,0,0.8541666666666666,0.75,0.9166666666666666,0.8333333333333334,1.0,,,,,
saved_recomputed,validation_evidence/historical/corpus-v2-test.json,13cda2ef0fdee12711831c38e625ce161686c3fe85e2b4c7dc65fb35fab2b25f,racevault-corpus-v2,f35b140a-4f6b-4050-82bb-c12fff48a6f8,75c8f3ecebee79bd3f52785008555334fa2c6d11,test,lexical,family,,,unassigned,,4,0,4,,,,,,,,,,
saved_recomputed,validation_evidence/historical/corpus-v2-test.json,13cda2ef0fdee12711831c38e625ce161686c3fe85e2b4c7dc65fb35fab2b25f,racevault-corpus-v2,f35b140a-4f6b-4050-82bb-c12fff48a6f8,75c8f3ecebee79bd3f52785008555334fa2c6d11,test,semantic,question,tyre_n3r_dimensions,What are the N3R tyre dimensions and recommended wheel width?,tyre-data,False,1,1,0,1.0,1.0,1.0,1,1,1,25,True,0.617878914941225,
saved_recomputed,validation_evidence/historical/corpus-v2-test.json,13cda2ef0fdee12711831c38e625ce161686c3fe85e2b4c7dc65fb35fab2b25f,racevault-corpus-v2,f35b140a-4f6b-4050-82bb-c12fff48a6f8,75c8f3ecebee79bd3f52785008555334fa2c6d11,test,semantic,question,tyre_n3_rolling_circumference,What is the rolling circumference of the front N3 tyre?,tyre-data,False,1,1,0,1.0,1.0,1.0,1,1,1,25,True,0.6062092022213693,
saved_recomputed,validation_evidence/historical/corpus-v2-test.json,13cda2ef0fdee12711831c38e625ce161686c3fe85e2b4c7dc65fb35fab2b25f,racevault-corpus-v2,f35b140a-4f6b-4050-82bb-c12fff48a6f8,75c8f3ecebee79bd3f52785008555334fa2c6d11,test,semantic,question,tyre_shoulder_temperature_delta,What is the maximum temperature difference between the inside and outside tyre shoulders?,tyre-data,False,1,1,0,1.0,1.0,1.0,1,1,1,25,True,0.6699824342719709,
saved_recomputed,validation_evidence/historical/corpus-v2-test.json,13cda2ef0fdee12711831c38e625ce161686c3fe85e2b4c7dc65fb35fab2b25f,racevault-corpus-v2,f35b140a-4f6b-4050-82bb-c12fff48a6f8,75c8f3ecebee79bd3f52785008555334fa2c6d11,test,semantic,question,tyre_unlisted_track_recommendation,Which recommendation applies to tracks that are not specifically listed?,tyre-data,False,1,1,0,1.0,1.0,1.0,1,1,1,25,True,0.6149428665296063,
saved_recomputed,validation_evidence/historical/corpus-v2-test.json,13cda2ef0fdee12711831c38e625ce161686c3fe85e2b4c7dc65fb35fab2b25f,racevault-corpus-v2,f35b140a-4f6b-4050-82bb-c12fff48a6f8,75c8f3ecebee79bd3f52785008555334fa2c6d11,test,semantic,question,tyre_n3r_standard_cold_pressure,What is the standard minimum cold pressure for the rear N3R tyre?,tyre-data,False,1,1,0,0.5,1.0,1.0,1,1,2,25,True,0.6020995567264242,
saved_recomputed,validation_evidence/historical/corpus-v2-test.json,13cda2ef0fdee12711831c38e625ce161686c3fe85e2b4c7dc65fb35fab2b25f,racevault-corpus-v2,f35b140a-4f6b-4050-82bb-c12fff48a6f8,75c8f3ecebee79bd3f52785008555334fa2c6d11,test,semantic,question,manual_intended_use,Is the Porsche 911 Cup 992 II designed for public-road driving?,porsche-technical-manual,False,1,1,0,1.0,0.5,0.5,1,1,1,50,True,0.6904211902745828,incomplete_label_recall_at_5;incomplete_label_recall_at_10
saved_recomputed,validation_evidence/historical/corpus-v2-test.json,13cda2ef0fdee12711831c38e625ce161686c3fe85e2b4c7dc65fb35fab2b25f,racevault-corpus-v2,f35b140a-4f6b-4050-82bb-c12fff48a6f8,75c8f3ecebee79bd3f52785008555334fa2c6d11,test,semantic,question,manual_main_voltage_switch,Which switch position turns the main voltage supply on?,porsche-technical-manual,False,1,1,0,1.0,1.0,1.0,1,1,1,50,True,0.7220828214015583,
saved_recomputed,validation_evidence/historical/corpus-v2-test.json,13cda2ef0fdee12711831c38e625ce161686c3fe85e2b4c7dc65fb35fab2b25f,racevault-corpus-v2,f35b140a-4f6b-4050-82bb-c12fff48a6f8,75c8f3ecebee79bd3f52785008555334fa2c6d11,test,semantic,question,manual_fire_system_test,Why must the fire extinguisher system be tested in test mode?,porsche-technical-manual,False,1,1,0,0.5,1.0,1.0,1,1,2,50,True,0.7310404771601442,
saved_recomputed,validation_evidence/historical/corpus-v2-test.json,13cda2ef0fdee12711831c38e625ce161686c3fe85e2b4c7dc65fb35fab2b25f,racevault-corpus-v2,f35b140a-4f6b-4050-82bb-c12fff48a6f8,75c8f3ecebee79bd3f52785008555334fa2c6d11,test,semantic,question,conflict_n3r_pressure_sources,minimum cold pressure N3R,tyre-data,False,1,1,0,1.0,0.5,0.5,1,1,1,35,True,0.5551074412173465,incomplete_label_recall_at_5;incomplete_label_recall_at_10
saved_recomputed,validation_evidence/historical/corpus-v2-test.json,13cda2ef0fdee12711831c38e625ce161686c3fe85e2b4c7dc65fb35fab2b25f,racevault-corpus-v2,f35b140a-4f6b-4050-82bb-c12fff48a6f8,75c8f3ecebee79bd3f52785008555334fa2c6d11,test,semantic,question,neg_budget_cap,What is the budget cap for the season?,unassigned,True,1,0,1,,,,,,,50,False,0.5431787903075966,candidates_for_unanswerable_not_an_abstention_failure
saved_recomputed,validation_evidence/historical/corpus-v2-test.json,13cda2ef0fdee12711831c38e625ce161686c3fe85e2b4c7dc65fb35fab2b25f,racevault-corpus-v2,f35b140a-4f6b-4050-82bb-c12fff48a6f8,75c8f3ecebee79bd3f52785008555334fa2c6d11,test,semantic,question,neg_turbo_boost_limit,What is the maximum turbocharger boost pressure permitted?,unassigned,True,1,0,1,,,,,,,50,False,0.6160865934135416,candidates_for_unanswerable_not_an_abstention_failure
saved_recomputed,validation_evidence/historical/corpus-v2-test.json,13cda2ef0fdee12711831c38e625ce161686c3fe85e2b4c7dc65fb35fab2b25f,racevault-corpus-v2,f35b140a-4f6b-4050-82bb-c12fff48a6f8,75c8f3ecebee79bd3f52785008555334fa2c6d11,test,semantic,question,neg_sprint_shootout,What is the sprint shootout format?,unassigned,True,1,0,1,,,,,,,50,False,0.47424184426804383,candidates_for_unanswerable_not_an_abstention_failure
saved_recomputed,validation_evidence/historical/corpus-v2-test.json,13cda2ef0fdee12711831c38e625ce161686c3fe85e2b4c7dc65fb35fab2b25f,racevault-corpus-v2,f35b140a-4f6b-4050-82bb-c12fff48a6f8,75c8f3ecebee79bd3f52785008555334fa2c6d11,test,semantic,question,neg_rallycross_joker,How does the rallycross joker lap work?,unassigned,True,1,0,1,,,,,,,50,False,0.5041936593605754,candidates_for_unanswerable_not_an_abstention_failure
saved_recomputed,validation_evidence/historical/corpus-v2-test.json,13cda2ef0fdee12711831c38e625ce161686c3fe85e2b4c7dc65fb35fab2b25f,racevault-corpus-v2,f35b140a-4f6b-4050-82bb-c12fff48a6f8,75c8f3ecebee79bd3f52785008555334fa2c6d11,test,semantic,aggregate,,,ALL,,13,9,4,0.8888888888888888,0.8888888888888888,0.8888888888888888,1.0,1.0,,,,,
saved_recomputed,validation_evidence/historical/corpus-v2-test.json,13cda2ef0fdee12711831c38e625ce161686c3fe85e2b4c7dc65fb35fab2b25f,racevault-corpus-v2,f35b140a-4f6b-4050-82bb-c12fff48a6f8,75c8f3ecebee79bd3f52785008555334fa2c6d11,test,semantic,family,,,porsche-technical-manual,,3,3,0,0.8333333333333334,0.8333333333333334,0.8333333333333334,1.0,1.0,,,,,
saved_recomputed,validation_evidence/historical/corpus-v2-test.json,13cda2ef0fdee12711831c38e625ce161686c3fe85e2b4c7dc65fb35fab2b25f,racevault-corpus-v2,f35b140a-4f6b-4050-82bb-c12fff48a6f8,75c8f3ecebee79bd3f52785008555334fa2c6d11,test,semantic,family,,,tyre-data,,6,6,0,0.9166666666666666,0.9166666666666666,0.9166666666666666,1.0,1.0,,,,,
saved_recomputed,validation_evidence/historical/corpus-v2-test.json,13cda2ef0fdee12711831c38e625ce161686c3fe85e2b4c7dc65fb35fab2b25f,racevault-corpus-v2,f35b140a-4f6b-4050-82bb-c12fff48a6f8,75c8f3ecebee79bd3f52785008555334fa2c6d11,test,semantic,family,,,unassigned,,4,0,4,,,,,,,,,,
saved_recomputed,validation_evidence/historical/corpus-v2-test.json,13cda2ef0fdee12711831c38e625ce161686c3fe85e2b4c7dc65fb35fab2b25f,racevault-corpus-v2,f35b140a-4f6b-4050-82bb-c12fff48a6f8,75c8f3ecebee79bd3f52785008555334fa2c6d11,test,fused,question,tyre_n3r_dimensions,What are the N3R tyre dimensions and recommended wheel width?,tyre-data,False,1,1,0,1.0,1.0,1.0,1,1,1,25,True,,
saved_recomputed,validation_evidence/historical/corpus-v2-test.json,13cda2ef0fdee12711831c38e625ce161686c3fe85e2b4c7dc65fb35fab2b25f,racevault-corpus-v2,f35b140a-4f6b-4050-82bb-c12fff48a6f8,75c8f3ecebee79bd3f52785008555334fa2c6d11,test,fused,question,tyre_n3_rolling_circumference,What is the rolling circumference of the front N3 tyre?,tyre-data,False,1,1,0,1.0,1.0,1.0,1,1,1,25,True,,
saved_recomputed,validation_evidence/historical/corpus-v2-test.json,13cda2ef0fdee12711831c38e625ce161686c3fe85e2b4c7dc65fb35fab2b25f,racevault-corpus-v2,f35b140a-4f6b-4050-82bb-c12fff48a6f8,75c8f3ecebee79bd3f52785008555334fa2c6d11,test,fused,question,tyre_shoulder_temperature_delta,What is the maximum temperature difference between the inside and outside tyre shoulders?,tyre-data,False,1,1,0,1.0,1.0,1.0,1,1,1,25,True,,
saved_recomputed,validation_evidence/historical/corpus-v2-test.json,13cda2ef0fdee12711831c38e625ce161686c3fe85e2b4c7dc65fb35fab2b25f,racevault-corpus-v2,f35b140a-4f6b-4050-82bb-c12fff48a6f8,75c8f3ecebee79bd3f52785008555334fa2c6d11,test,fused,question,tyre_unlisted_track_recommendation,Which recommendation applies to tracks that are not specifically listed?,tyre-data,False,1,1,0,1.0,1.0,1.0,1,1,1,25,True,,
saved_recomputed,validation_evidence/historical/corpus-v2-test.json,13cda2ef0fdee12711831c38e625ce161686c3fe85e2b4c7dc65fb35fab2b25f,racevault-corpus-v2,f35b140a-4f6b-4050-82bb-c12fff48a6f8,75c8f3ecebee79bd3f52785008555334fa2c6d11,test,fused,question,tyre_n3r_standard_cold_pressure,What is the standard minimum cold pressure for the rear N3R tyre?,tyre-data,False,1,1,0,0.3333333333333333,1.0,1.0,1,1,3,25,True,,
saved_recomputed,validation_evidence/historical/corpus-v2-test.json,13cda2ef0fdee12711831c38e625ce161686c3fe85e2b4c7dc65fb35fab2b25f,racevault-corpus-v2,f35b140a-4f6b-4050-82bb-c12fff48a6f8,75c8f3ecebee79bd3f52785008555334fa2c6d11,test,fused,question,manual_intended_use,Is the Porsche 911 Cup 992 II designed for public-road driving?,porsche-technical-manual,False,1,1,0,1.0,0.5,0.5,1,1,1,30,True,,incomplete_label_recall_at_5;incomplete_label_recall_at_10
saved_recomputed,validation_evidence/historical/corpus-v2-test.json,13cda2ef0fdee12711831c38e625ce161686c3fe85e2b4c7dc65fb35fab2b25f,racevault-corpus-v2,f35b140a-4f6b-4050-82bb-c12fff48a6f8,75c8f3ecebee79bd3f52785008555334fa2c6d11,test,fused,question,manual_main_voltage_switch,Which switch position turns the main voltage supply on?,porsche-technical-manual,False,1,1,0,0.5,1.0,1.0,1,1,2,30,True,,
saved_recomputed,validation_evidence/historical/corpus-v2-test.json,13cda2ef0fdee12711831c38e625ce161686c3fe85e2b4c7dc65fb35fab2b25f,racevault-corpus-v2,f35b140a-4f6b-4050-82bb-c12fff48a6f8,75c8f3ecebee79bd3f52785008555334fa2c6d11,test,fused,question,manual_fire_system_test,Why must the fire extinguisher system be tested in test mode?,porsche-technical-manual,False,1,1,0,1.0,1.0,1.0,1,1,1,30,True,,
saved_recomputed,validation_evidence/historical/corpus-v2-test.json,13cda2ef0fdee12711831c38e625ce161686c3fe85e2b4c7dc65fb35fab2b25f,racevault-corpus-v2,f35b140a-4f6b-4050-82bb-c12fff48a6f8,75c8f3ecebee79bd3f52785008555334fa2c6d11,test,fused,question,conflict_n3r_pressure_sources,minimum cold pressure N3R,tyre-data,False,1,1,0,1.0,0.5,0.5,1,1,1,30,True,,incomplete_label_recall_at_5;incomplete_label_recall_at_10
saved_recomputed,validation_evidence/historical/corpus-v2-test.json,13cda2ef0fdee12711831c38e625ce161686c3fe85e2b4c7dc65fb35fab2b25f,racevault-corpus-v2,f35b140a-4f6b-4050-82bb-c12fff48a6f8,75c8f3ecebee79bd3f52785008555334fa2c6d11,test,fused,question,neg_budget_cap,What is the budget cap for the season?,unassigned,True,1,0,1,,,,,,,30,False,,candidates_for_unanswerable_not_an_abstention_failure
saved_recomputed,validation_evidence/historical/corpus-v2-test.json,13cda2ef0fdee12711831c38e625ce161686c3fe85e2b4c7dc65fb35fab2b25f,racevault-corpus-v2,f35b140a-4f6b-4050-82bb-c12fff48a6f8,75c8f3ecebee79bd3f52785008555334fa2c6d11,test,fused,question,neg_turbo_boost_limit,What is the maximum turbocharger boost pressure permitted?,unassigned,True,1,0,1,,,,,,,30,False,,candidates_for_unanswerable_not_an_abstention_failure
saved_recomputed,validation_evidence/historical/corpus-v2-test.json,13cda2ef0fdee12711831c38e625ce161686c3fe85e2b4c7dc65fb35fab2b25f,racevault-corpus-v2,f35b140a-4f6b-4050-82bb-c12fff48a6f8,75c8f3ecebee79bd3f52785008555334fa2c6d11,test,fused,question,neg_sprint_shootout,What is the sprint shootout format?,unassigned,True,1,0,1,,,,,,,30,False,,candidates_for_unanswerable_not_an_abstention_failure
saved_recomputed,validation_evidence/historical/corpus-v2-test.json,13cda2ef0fdee12711831c38e625ce161686c3fe85e2b4c7dc65fb35fab2b25f,racevault-corpus-v2,f35b140a-4f6b-4050-82bb-c12fff48a6f8,75c8f3ecebee79bd3f52785008555334fa2c6d11,test,fused,question,neg_rallycross_joker,How does the rallycross joker lap work?,unassigned,True,1,0,1,,,,,,,30,False,,candidates_for_unanswerable_not_an_abstention_failure
saved_recomputed,validation_evidence/historical/corpus-v2-test.json,13cda2ef0fdee12711831c38e625ce161686c3fe85e2b4c7dc65fb35fab2b25f,racevault-corpus-v2,f35b140a-4f6b-4050-82bb-c12fff48a6f8,75c8f3ecebee79bd3f52785008555334fa2c6d11,test,fused,aggregate,,,ALL,,13,9,4,0.8703703703703703,0.8888888888888888,0.8888888888888888,1.0,1.0,,,,,
saved_recomputed,validation_evidence/historical/corpus-v2-test.json,13cda2ef0fdee12711831c38e625ce161686c3fe85e2b4c7dc65fb35fab2b25f,racevault-corpus-v2,f35b140a-4f6b-4050-82bb-c12fff48a6f8,75c8f3ecebee79bd3f52785008555334fa2c6d11,test,fused,family,,,porsche-technical-manual,,3,3,0,0.8333333333333334,0.8333333333333334,0.8333333333333334,1.0,1.0,,,,,
saved_recomputed,validation_evidence/historical/corpus-v2-test.json,13cda2ef0fdee12711831c38e625ce161686c3fe85e2b4c7dc65fb35fab2b25f,racevault-corpus-v2,f35b140a-4f6b-4050-82bb-c12fff48a6f8,75c8f3ecebee79bd3f52785008555334fa2c6d11,test,fused,family,,,tyre-data,,6,6,0,0.8888888888888888,0.9166666666666666,0.9166666666666666,1.0,1.0,,,,,
saved_recomputed,validation_evidence/historical/corpus-v2-test.json,13cda2ef0fdee12711831c38e625ce161686c3fe85e2b4c7dc65fb35fab2b25f,racevault-corpus-v2,f35b140a-4f6b-4050-82bb-c12fff48a6f8,75c8f3ecebee79bd3f52785008555334fa2c6d11,test,fused,family,,,unassigned,,4,0,4,,,,,,,,,,
saved_recomputed,validation_evidence/historical/corpus-v2-test.json,13cda2ef0fdee12711831c38e625ce161686c3fe85e2b4c7dc65fb35fab2b25f,racevault-corpus-v2,f35b140a-4f6b-4050-82bb-c12fff48a6f8,75c8f3ecebee79bd3f52785008555334fa2c6d11,test,reranked,question,tyre_n3r_dimensions,What are the N3R tyre dimensions and recommended wheel width?,tyre-data,False,1,1,0,1.0,1.0,1.0,1,1,1,15,True,0.8384153246879578,
saved_recomputed,validation_evidence/historical/corpus-v2-test.json,13cda2ef0fdee12711831c38e625ce161686c3fe85e2b4c7dc65fb35fab2b25f,racevault-corpus-v2,f35b140a-4f6b-4050-82bb-c12fff48a6f8,75c8f3ecebee79bd3f52785008555334fa2c6d11,test,reranked,question,tyre_n3_rolling_circumference,What is the rolling circumference of the front N3 tyre?,tyre-data,False,1,1,0,1.0,1.0,1.0,1,1,1,15,True,0.542742133140564,
saved_recomputed,validation_evidence/historical/corpus-v2-test.json,13cda2ef0fdee12711831c38e625ce161686c3fe85e2b4c7dc65fb35fab2b25f,racevault-corpus-v2,f35b140a-4f6b-4050-82bb-c12fff48a6f8,75c8f3ecebee79bd3f52785008555334fa2c6d11,test,reranked,question,tyre_shoulder_temperature_delta,What is the maximum temperature difference between the inside and outside tyre shoulders?,tyre-data,False,1,1,0,1.0,1.0,1.0,1,1,1,15,True,0.9320833086967468,
saved_recomputed,validation_evidence/historical/corpus-v2-test.json,13cda2ef0fdee12711831c38e625ce161686c3fe85e2b4c7dc65fb35fab2b25f,racevault-corpus-v2,f35b140a-4f6b-4050-82bb-c12fff48a6f8,75c8f3ecebee79bd3f52785008555334fa2c6d11,test,reranked,question,tyre_unlisted_track_recommendation,Which recommendation applies to tracks that are not specifically listed?,tyre-data,False,1,1,0,1.0,1.0,1.0,1,1,1,15,True,0.920647144317627,
saved_recomputed,validation_evidence/historical/corpus-v2-test.json,13cda2ef0fdee12711831c38e625ce161686c3fe85e2b4c7dc65fb35fab2b25f,racevault-corpus-v2,f35b140a-4f6b-4050-82bb-c12fff48a6f8,75c8f3ecebee79bd3f52785008555334fa2c6d11,test,reranked,question,tyre_n3r_standard_cold_pressure,What is the standard minimum cold pressure for the rear N3R tyre?,tyre-data,False,1,1,0,1.0,1.0,1.0,1,1,1,15,True,0.3213534951210022,
saved_recomputed,validation_evidence/historical/corpus-v2-test.json,13cda2ef0fdee12711831c38e625ce161686c3fe85e2b4c7dc65fb35fab2b25f,racevault-corpus-v2,f35b140a-4f6b-4050-82bb-c12fff48a6f8,75c8f3ecebee79bd3f52785008555334fa2c6d11,test,reranked,question,manual_intended_use,Is the Porsche 911 Cup 992 II designed for public-road driving?,porsche-technical-manual,False,1,1,0,1.0,0.5,0.5,1,1,1,15,True,0.9674717783927917,incomplete_label_recall_at_5;incomplete_label_recall_at_10
saved_recomputed,validation_evidence/historical/corpus-v2-test.json,13cda2ef0fdee12711831c38e625ce161686c3fe85e2b4c7dc65fb35fab2b25f,racevault-corpus-v2,f35b140a-4f6b-4050-82bb-c12fff48a6f8,75c8f3ecebee79bd3f52785008555334fa2c6d11,test,reranked,question,manual_main_voltage_switch,Which switch position turns the main voltage supply on?,porsche-technical-manual,False,1,1,0,0.5,1.0,1.0,1,1,2,15,True,0.9526622891426086,
saved_recomputed,validation_evidence/historical/corpus-v2-test.json,13cda2ef0fdee12711831c38e625ce161686c3fe85e2b4c7dc65fb35fab2b25f,racevault-corpus-v2,f35b140a-4f6b-4050-82bb-c12fff48a6f8,75c8f3ecebee79bd3f52785008555334fa2c6d11,test,reranked,question,manual_fire_system_test,Why must the fire extinguisher system be tested in test mode?,porsche-technical-manual,False,1,1,0,1.0,1.0,1.0,1,1,1,15,True,0.9987648725509644,
saved_recomputed,validation_evidence/historical/corpus-v2-test.json,13cda2ef0fdee12711831c38e625ce161686c3fe85e2b4c7dc65fb35fab2b25f,racevault-corpus-v2,f35b140a-4f6b-4050-82bb-c12fff48a6f8,75c8f3ecebee79bd3f52785008555334fa2c6d11,test,reranked,question,conflict_n3r_pressure_sources,minimum cold pressure N3R,tyre-data,False,1,1,0,1.0,0.5,1.0,1,1,1,15,True,0.46529632806777954,incomplete_label_recall_at_5
saved_recomputed,validation_evidence/historical/corpus-v2-test.json,13cda2ef0fdee12711831c38e625ce161686c3fe85e2b4c7dc65fb35fab2b25f,racevault-corpus-v2,f35b140a-4f6b-4050-82bb-c12fff48a6f8,75c8f3ecebee79bd3f52785008555334fa2c6d11,test,reranked,question,neg_budget_cap,What is the budget cap for the season?,unassigned,True,1,0,1,,,,,,,15,False,0.012771867215633392,candidates_for_unanswerable_not_an_abstention_failure
saved_recomputed,validation_evidence/historical/corpus-v2-test.json,13cda2ef0fdee12711831c38e625ce161686c3fe85e2b4c7dc65fb35fab2b25f,racevault-corpus-v2,f35b140a-4f6b-4050-82bb-c12fff48a6f8,75c8f3ecebee79bd3f52785008555334fa2c6d11,test,reranked,question,neg_turbo_boost_limit,What is the maximum turbocharger boost pressure permitted?,unassigned,True,1,0,1,,,,,,,15,False,0.02876158617436886,candidates_for_unanswerable_not_an_abstention_failure
saved_recomputed,validation_evidence/historical/corpus-v2-test.json,13cda2ef0fdee12711831c38e625ce161686c3fe85e2b4c7dc65fb35fab2b25f,racevault-corpus-v2,f35b140a-4f6b-4050-82bb-c12fff48a6f8,75c8f3ecebee79bd3f52785008555334fa2c6d11,test,reranked,question,neg_sprint_shootout,What is the sprint shootout format?,unassigned,True,1,0,1,,,,,,,15,False,0.03283695504069328,candidates_for_unanswerable_not_an_abstention_failure
saved_recomputed,validation_evidence/historical/corpus-v2-test.json,13cda2ef0fdee12711831c38e625ce161686c3fe85e2b4c7dc65fb35fab2b25f,racevault-corpus-v2,f35b140a-4f6b-4050-82bb-c12fff48a6f8,75c8f3ecebee79bd3f52785008555334fa2c6d11,test,reranked,question,neg_rallycross_joker,How does the rallycross joker lap work?,unassigned,True,1,0,1,,,,,,,15,False,0.02190636843442917,candidates_for_unanswerable_not_an_abstention_failure
saved_recomputed,validation_evidence/historical/corpus-v2-test.json,13cda2ef0fdee12711831c38e625ce161686c3fe85e2b4c7dc65fb35fab2b25f,racevault-corpus-v2,f35b140a-4f6b-4050-82bb-c12fff48a6f8,75c8f3ecebee79bd3f52785008555334fa2c6d11,test,reranked,aggregate,,,ALL,,13,9,4,0.9444444444444444,0.8888888888888888,0.9444444444444444,1.0,1.0,,,,,
saved_recomputed,validation_evidence/historical/corpus-v2-test.json,13cda2ef0fdee12711831c38e625ce161686c3fe85e2b4c7dc65fb35fab2b25f,racevault-corpus-v2,f35b140a-4f6b-4050-82bb-c12fff48a6f8,75c8f3ecebee79bd3f52785008555334fa2c6d11,test,reranked,family,,,porsche-technical-manual,,3,3,0,0.8333333333333334,0.8333333333333334,0.8333333333333334,1.0,1.0,,,,,
saved_recomputed,validation_evidence/historical/corpus-v2-test.json,13cda2ef0fdee12711831c38e625ce161686c3fe85e2b4c7dc65fb35fab2b25f,racevault-corpus-v2,f35b140a-4f6b-4050-82bb-c12fff48a6f8,75c8f3ecebee79bd3f52785008555334fa2c6d11,test,reranked,family,,,tyre-data,,6,6,0,1.0,0.9166666666666666,1.0,1.0,1.0,,,,,
saved_recomputed,validation_evidence/historical/corpus-v2-test.json,13cda2ef0fdee12711831c38e625ce161686c3fe85e2b4c7dc65fb35fab2b25f,racevault-corpus-v2,f35b140a-4f6b-4050-82bb-c12fff48a6f8,75c8f3ecebee79bd3f52785008555334fa2c6d11,test,reranked,family,,,unassigned,,4,0,4,,,,,,,,,,
saved_recomputed,validation_evidence/historical/full-corpus.json,0c77746eb756e6681ce5c948b6216d3bd0f3b2b98266ee9e747c84a42b18a1c9,legacy_v1_identity_not_recorded,unknown,unknown,not_recorded,lexical,question,reg_joker_tyre_definition,What is a Joker Tyre?,pcc-australia-regulations,False,1,1,0,0.5,,,1,1,2,50,True,,
saved_recomputed,validation_evidence/historical/full-corpus.json,0c77746eb756e6681ce5c948b6216d3bd0f3b2b98266ee9e747c84a42b18a1c9,legacy_v1_identity_not_recorded,unknown,unknown,not_recorded,lexical,question,reg_control_component_requirement,Are control components mandatory?,pcc-australia-regulations,False,1,1,0,0.1,,,0,1,10,30,True,,miss_at_5
saved_recomputed,validation_evidence/historical/full-corpus.json,0c77746eb756e6681ce5c948b6216d3bd0f3b2b98266ee9e747c84a42b18a1c9,legacy_v1_identity_not_recorded,unknown,unknown,not_recorded,lexical,question,reg_slick_tyre_definition,Which regulation defines a slick tyre?,pcc-australia-regulations,False,1,1,0,1.0,,,1,1,1,50,True,,
saved_recomputed,validation_evidence/historical/full-corpus.json,0c77746eb756e6681ce5c948b6216d3bd0f3b2b98266ee9e747c84a42b18a1c9,legacy_v1_identity_not_recorded,unknown,unknown,not_recorded,lexical,question,reg_round_alteration_precedence,What takes precedence when the regulations are altered for a specific round?,pcc-australia-regulations,False,1,1,0,1.0,,,1,1,1,50,True,,
saved_recomputed,validation_evidence/historical/full-corpus.json,0c77746eb756e6681ce5c948b6216d3bd0f3b2b98266ee9e747c84a42b18a1c9,legacy_v1_identity_not_recorded,unknown,unknown,not_recorded,lexical,question,reg_driver_minimum_age,What is the minimum driver age?,pcc-australia-regulations,False,1,1,0,1.0,,,1,1,1,50,True,,
saved_recomputed,validation_evidence/historical/full-corpus.json,0c77746eb756e6681ce5c948b6216d3bd0f3b2b98266ee9e747c84a42b18a1c9,legacy_v1_identity_not_recorded,unknown,unknown,not_recorded,lexical,question,reg_2026_calendar,Which circuits are on the 2026 championship calendar?,pcc-australia-regulations,False,1,1,0,0.2,,,1,1,5,50,True,,
saved_recomputed,validation_evidence/historical/full-corpus.json,0c77746eb756e6681ce5c948b6216d3bd0f3b2b98266ee9e747c84a42b18a1c9,legacy_v1_identity_not_recorded,unknown,unknown,not_recorded,lexical,question,tyre_n3r_dimensions,What are the N3R tyre dimensions and recommended wheel width?,tyre-data,False,1,1,0,1.0,,,1,1,1,21,True,,
saved_recomputed,validation_evidence/historical/full-corpus.json,0c77746eb756e6681ce5c948b6216d3bd0f3b2b98266ee9e747c84a42b18a1c9,legacy_v1_identity_not_recorded,unknown,unknown,not_recorded,lexical,question,tyre_n3_rolling_circumference,What is the rolling circumference of the front N3 tyre?,tyre-data,False,1,1,0,1.0,,,1,1,1,21,True,,
saved_recomputed,validation_evidence/historical/full-corpus.json,0c77746eb756e6681ce5c948b6216d3bd0f3b2b98266ee9e747c84a42b18a1c9,legacy_v1_identity_not_recorded,unknown,unknown,not_recorded,lexical,question,tyre_shoulder_temperature_delta,What is the maximum temperature difference between the inside and outside tyre shoulders?,tyre-data,False,1,1,0,1.0,,,1,1,1,21,True,,
saved_recomputed,validation_evidence/historical/full-corpus.json,0c77746eb756e6681ce5c948b6216d3bd0f3b2b98266ee9e747c84a42b18a1c9,legacy_v1_identity_not_recorded,unknown,unknown,not_recorded,lexical,question,tyre_unlisted_track_recommendation,Which recommendation applies to tracks that are not specifically listed?,tyre-data,False,1,1,0,0.3333333333333333,,,1,1,3,17,True,,
saved_recomputed,validation_evidence/historical/full-corpus.json,0c77746eb756e6681ce5c948b6216d3bd0f3b2b98266ee9e747c84a42b18a1c9,legacy_v1_identity_not_recorded,unknown,unknown,not_recorded,lexical,question,tyre_n3r_standard_cold_pressure,What is the standard minimum cold pressure for the rear N3R tyre?,tyre-data,False,1,1,0,0.125,,,0,1,8,23,True,,miss_at_5
saved_recomputed,validation_evidence/historical/full-corpus.json,0c77746eb756e6681ce5c948b6216d3bd0f3b2b98266ee9e747c84a42b18a1c9,legacy_v1_identity_not_recorded,unknown,unknown,not_recorded,lexical,question,manual_intended_use,Is the Porsche 911 Cup 992 II designed for public-road driving?,porsche-technical-manual,False,1,1,0,1.0,,,1,1,1,50,True,,
saved_recomputed,validation_evidence/historical/full-corpus.json,0c77746eb756e6681ce5c948b6216d3bd0f3b2b98266ee9e747c84a42b18a1c9,legacy_v1_identity_not_recorded,unknown,unknown,not_recorded,lexical,question,manual_main_voltage_switch,Which switch position turns the main voltage supply on?,porsche-technical-manual,False,1,1,0,0.5,,,1,1,2,50,True,,
saved_recomputed,validation_evidence/historical/full-corpus.json,0c77746eb756e6681ce5c948b6216d3bd0f3b2b98266ee9e747c84a42b18a1c9,legacy_v1_identity_not_recorded,unknown,unknown,not_recorded,lexical,question,manual_fire_system_test,Why must the fire extinguisher system be tested in test mode?,porsche-technical-manual,False,1,1,0,1.0,,,1,1,1,50,True,,
saved_recomputed,validation_evidence/historical/full-corpus.json,0c77746eb756e6681ce5c948b6216d3bd0f3b2b98266ee9e747c84a42b18a1c9,legacy_v1_identity_not_recorded,unknown,unknown,not_recorded,lexical,question,failure_wrong_regulation_revision,What is a Joker Tyre?,unassigned,True,1,0,1,,,,,,,0,True,,
saved_recomputed,validation_evidence/historical/full-corpus.json,0c77746eb756e6681ce5c948b6216d3bd0f3b2b98266ee9e747c84a42b18a1c9,legacy_v1_identity_not_recorded,unknown,unknown,not_recorded,lexical,question,conflict_n3r_pressure_sources,minimum cold pressure N3R,tyre-data,False,1,1,0,1.0,,,1,1,1,12,True,,
saved_recomputed,validation_evidence/historical/full-corpus.json,0c77746eb756e6681ce5c948b6216d3bd0f3b2b98266ee9e747c84a42b18a1c9,legacy_v1_identity_not_recorded,unknown,unknown,not_recorded,lexical,aggregate,,,ALL,,16,15,1,0.7172222222222222,,,0.8666666666666667,1.0,,,,,
saved_recomputed,validation_evidence/historical/full-corpus.json,0c77746eb756e6681ce5c948b6216d3bd0f3b2b98266ee9e747c84a42b18a1c9,legacy_v1_identity_not_recorded,unknown,unknown,not_recorded,lexical,family,,,pcc-australia-regulations,,6,6,0,0.6333333333333333,,,0.8333333333333334,1.0,,,,,
saved_recomputed,validation_evidence/historical/full-corpus.json,0c77746eb756e6681ce5c948b6216d3bd0f3b2b98266ee9e747c84a42b18a1c9,legacy_v1_identity_not_recorded,unknown,unknown,not_recorded,lexical,family,,,porsche-technical-manual,,3,3,0,0.8333333333333334,,,1.0,1.0,,,,,
saved_recomputed,validation_evidence/historical/full-corpus.json,0c77746eb756e6681ce5c948b6216d3bd0f3b2b98266ee9e747c84a42b18a1c9,legacy_v1_identity_not_recorded,unknown,unknown,not_recorded,lexical,family,,,tyre-data,,6,6,0,0.7430555555555555,,,0.8333333333333334,1.0,,,,,
saved_recomputed,validation_evidence/historical/full-corpus.json,0c77746eb756e6681ce5c948b6216d3bd0f3b2b98266ee9e747c84a42b18a1c9,legacy_v1_identity_not_recorded,unknown,unknown,not_recorded,lexical,family,,,unassigned,,1,0,1,,,,,,,,,,
saved_recomputed,validation_evidence/historical/full-corpus.json,0c77746eb756e6681ce5c948b6216d3bd0f3b2b98266ee9e747c84a42b18a1c9,legacy_v1_identity_not_recorded,unknown,unknown,not_recorded,semantic,question,reg_joker_tyre_definition,What is a Joker Tyre?,pcc-australia-regulations,False,1,1,0,0.125,,,0,1,8,50,True,,miss_at_5
saved_recomputed,validation_evidence/historical/full-corpus.json,0c77746eb756e6681ce5c948b6216d3bd0f3b2b98266ee9e747c84a42b18a1c9,legacy_v1_identity_not_recorded,unknown,unknown,not_recorded,semantic,question,reg_control_component_requirement,Are control components mandatory?,pcc-australia-regulations,False,1,1,0,0.5,,,1,1,2,50,True,,
saved_recomputed,validation_evidence/historical/full-corpus.json,0c77746eb756e6681ce5c948b6216d3bd0f3b2b98266ee9e747c84a42b18a1c9,legacy_v1_identity_not_recorded,unknown,unknown,not_recorded,semantic,question,reg_slick_tyre_definition,Which regulation defines a slick tyre?,pcc-australia-regulations,False,1,1,0,1.0,,,1,1,1,50,True,,
saved_recomputed,validation_evidence/historical/full-corpus.json,0c77746eb756e6681ce5c948b6216d3bd0f3b2b98266ee9e747c84a42b18a1c9,legacy_v1_identity_not_recorded,unknown,unknown,not_recorded,semantic,question,reg_round_alteration_precedence,What takes precedence when the regulations are altered for a specific round?,pcc-australia-regulations,False,1,1,0,0.14285714285714285,,,0,1,7,50,True,,miss_at_5
saved_recomputed,validation_evidence/historical/full-corpus.json,0c77746eb756e6681ce5c948b6216d3bd0f3b2b98266ee9e747c84a42b18a1c9,legacy_v1_identity_not_recorded,unknown,unknown,not_recorded,semantic,question,reg_driver_minimum_age,What is the minimum driver age?,pcc-australia-regulations,False,1,1,0,1.0,,,1,1,1,50,True,,
saved_recomputed,validation_evidence/historical/full-corpus.json,0c77746eb756e6681ce5c948b6216d3bd0f3b2b98266ee9e747c84a42b18a1c9,legacy_v1_identity_not_recorded,unknown,unknown,not_recorded,semantic,question,reg_2026_calendar,Which circuits are on the 2026 championship calendar?,pcc-australia-regulations,False,1,1,0,0.5,,,1,1,2,50,True,,
saved_recomputed,validation_evidence/historical/full-corpus.json,0c77746eb756e6681ce5c948b6216d3bd0f3b2b98266ee9e747c84a42b18a1c9,legacy_v1_identity_not_recorded,unknown,unknown,not_recorded,semantic,question,tyre_n3r_dimensions,What are the N3R tyre dimensions and recommended wheel width?,tyre-data,False,1,1,0,1.0,,,1,1,1,25,True,,
saved_recomputed,validation_evidence/historical/full-corpus.json,0c77746eb756e6681ce5c948b6216d3bd0f3b2b98266ee9e747c84a42b18a1c9,legacy_v1_identity_not_recorded,unknown,unknown,not_recorded,semantic,question,tyre_n3_rolling_circumference,What is the rolling circumference of the front N3 tyre?,tyre-data,False,1,1,0,1.0,,,1,1,1,25,True,,
saved_recomputed,validation_evidence/historical/full-corpus.json,0c77746eb756e6681ce5c948b6216d3bd0f3b2b98266ee9e747c84a42b18a1c9,legacy_v1_identity_not_recorded,unknown,unknown,not_recorded,semantic,question,tyre_shoulder_temperature_delta,What is the maximum temperature difference between the inside and outside tyre shoulders?,tyre-data,False,1,1,0,1.0,,,1,1,1,25,True,,
saved_recomputed,validation_evidence/historical/full-corpus.json,0c77746eb756e6681ce5c948b6216d3bd0f3b2b98266ee9e747c84a42b18a1c9,legacy_v1_identity_not_recorded,unknown,unknown,not_recorded,semantic,question,tyre_unlisted_track_recommendation,Which recommendation applies to tracks that are not specifically listed?,tyre-data,False,1,1,0,1.0,,,1,1,1,25,True,,
saved_recomputed,validation_evidence/historical/full-corpus.json,0c77746eb756e6681ce5c948b6216d3bd0f3b2b98266ee9e747c84a42b18a1c9,legacy_v1_identity_not_recorded,unknown,unknown,not_recorded,semantic,question,tyre_n3r_standard_cold_pressure,What is the standard minimum cold pressure for the rear N3R tyre?,tyre-data,False,1,1,0,0.5,,,1,1,2,25,True,,
saved_recomputed,validation_evidence/historical/full-corpus.json,0c77746eb756e6681ce5c948b6216d3bd0f3b2b98266ee9e747c84a42b18a1c9,legacy_v1_identity_not_recorded,unknown,unknown,not_recorded,semantic,question,manual_intended_use,Is the Porsche 911 Cup 992 II designed for public-road driving?,porsche-technical-manual,False,1,1,0,1.0,,,1,1,1,50,True,,
saved_recomputed,validation_evidence/historical/full-corpus.json,0c77746eb756e6681ce5c948b6216d3bd0f3b2b98266ee9e747c84a42b18a1c9,legacy_v1_identity_not_recorded,unknown,unknown,not_recorded,semantic,question,manual_main_voltage_switch,Which switch position turns the main voltage supply on?,porsche-technical-manual,False,1,1,0,1.0,,,1,1,1,50,True,,
saved_recomputed,validation_evidence/historical/full-corpus.json,0c77746eb756e6681ce5c948b6216d3bd0f3b2b98266ee9e747c84a42b18a1c9,legacy_v1_identity_not_recorded,unknown,unknown,not_recorded,semantic,question,manual_fire_system_test,Why must the fire extinguisher system be tested in test mode?,porsche-technical-manual,False,1,1,0,0.5,,,1,1,2,50,True,,
saved_recomputed,validation_evidence/historical/full-corpus.json,0c77746eb756e6681ce5c948b6216d3bd0f3b2b98266ee9e747c84a42b18a1c9,legacy_v1_identity_not_recorded,unknown,unknown,not_recorded,semantic,question,failure_wrong_regulation_revision,What is a Joker Tyre?,unassigned,True,1,0,1,,,,,,,0,True,,
saved_recomputed,validation_evidence/historical/full-corpus.json,0c77746eb756e6681ce5c948b6216d3bd0f3b2b98266ee9e747c84a42b18a1c9,legacy_v1_identity_not_recorded,unknown,unknown,not_recorded,semantic,question,conflict_n3r_pressure_sources,minimum cold pressure N3R,tyre-data,False,1,1,0,1.0,,,1,1,1,35,True,,
saved_recomputed,validation_evidence/historical/full-corpus.json,0c77746eb756e6681ce5c948b6216d3bd0f3b2b98266ee9e747c84a42b18a1c9,legacy_v1_identity_not_recorded,unknown,unknown,not_recorded,semantic,aggregate,,,ALL,,16,15,1,0.7511904761904762,,,0.8666666666666667,1.0,,,,,
saved_recomputed,validation_evidence/historical/full-corpus.json,0c77746eb756e6681ce5c948b6216d3bd0f3b2b98266ee9e747c84a42b18a1c9,legacy_v1_identity_not_recorded,unknown,unknown,not_recorded,semantic,family,,,pcc-australia-regulations,,6,6,0,0.5446428571428571,,,0.6666666666666666,1.0,,,,,
saved_recomputed,validation_evidence/historical/full-corpus.json,0c77746eb756e6681ce5c948b6216d3bd0f3b2b98266ee9e747c84a42b18a1c9,legacy_v1_identity_not_recorded,unknown,unknown,not_recorded,semantic,family,,,porsche-technical-manual,,3,3,0,0.8333333333333334,,,1.0,1.0,,,,,
saved_recomputed,validation_evidence/historical/full-corpus.json,0c77746eb756e6681ce5c948b6216d3bd0f3b2b98266ee9e747c84a42b18a1c9,legacy_v1_identity_not_recorded,unknown,unknown,not_recorded,semantic,family,,,tyre-data,,6,6,0,0.9166666666666666,,,1.0,1.0,,,,,
saved_recomputed,validation_evidence/historical/full-corpus.json,0c77746eb756e6681ce5c948b6216d3bd0f3b2b98266ee9e747c84a42b18a1c9,legacy_v1_identity_not_recorded,unknown,unknown,not_recorded,semantic,family,,,unassigned,,1,0,1,,,,,,,,,,
saved_recomputed,validation_evidence/historical/full-corpus.json,0c77746eb756e6681ce5c948b6216d3bd0f3b2b98266ee9e747c84a42b18a1c9,legacy_v1_identity_not_recorded,unknown,unknown,not_recorded,fused,question,reg_joker_tyre_definition,What is a Joker Tyre?,pcc-australia-regulations,False,1,1,0,0.2,,,1,1,5,30,True,,
saved_recomputed,validation_evidence/historical/full-corpus.json,0c77746eb756e6681ce5c948b6216d3bd0f3b2b98266ee9e747c84a42b18a1c9,legacy_v1_identity_not_recorded,unknown,unknown,not_recorded,fused,question,reg_control_component_requirement,Are control components mandatory?,pcc-australia-regulations,False,1,1,0,0.3333333333333333,,,1,1,3,30,True,,
saved_recomputed,validation_evidence/historical/full-corpus.json,0c77746eb756e6681ce5c948b6216d3bd0f3b2b98266ee9e747c84a42b18a1c9,legacy_v1_identity_not_recorded,unknown,unknown,not_recorded,fused,question,reg_slick_tyre_definition,Which regulation defines a slick tyre?,pcc-australia-regulations,False,1,1,0,1.0,,,1,1,1,30,True,,
saved_recomputed,validation_evidence/historical/full-corpus.json,0c77746eb756e6681ce5c948b6216d3bd0f3b2b98266ee9e747c84a42b18a1c9,legacy_v1_identity_not_recorded,unknown,unknown,not_recorded,fused,question,reg_round_alteration_precedence,What takes precedence when the regulations are altered for a specific round?,pcc-australia-regulations,False,1,1,0,1.0,,,1,1,1,30,True,,
saved_recomputed,validation_evidence/historical/full-corpus.json,0c77746eb756e6681ce5c948b6216d3bd0f3b2b98266ee9e747c84a42b18a1c9,legacy_v1_identity_not_recorded,unknown,unknown,not_recorded,fused,question,reg_driver_minimum_age,What is the minimum driver age?,pcc-australia-regulations,False,1,1,0,1.0,,,1,1,1,30,True,,
saved_recomputed,validation_evidence/historical/full-corpus.json,0c77746eb756e6681ce5c948b6216d3bd0f3b2b98266ee9e747c84a42b18a1c9,legacy_v1_identity_not_recorded,unknown,unknown,not_recorded,fused,question,reg_2026_calendar,Which circuits are on the 2026 championship calendar?,pcc-australia-regulations,False,1,1,0,0.25,,,1,1,4,30,True,,
saved_recomputed,validation_evidence/historical/full-corpus.json,0c77746eb756e6681ce5c948b6216d3bd0f3b2b98266ee9e747c84a42b18a1c9,legacy_v1_identity_not_recorded,unknown,unknown,not_recorded,fused,question,tyre_n3r_dimensions,What are the N3R tyre dimensions and recommended wheel width?,tyre-data,False,1,1,0,1.0,,,1,1,1,25,True,,
saved_recomputed,validation_evidence/historical/full-corpus.json,0c77746eb756e6681ce5c948b6216d3bd0f3b2b98266ee9e747c84a42b18a1c9,legacy_v1_identity_not_recorded,unknown,unknown,not_recorded,fused,question,tyre_n3_rolling_circumference,What is the rolling circumference of the front N3 tyre?,tyre-data,False,1,1,0,1.0,,,1,1,1,25,True,,
saved_recomputed,validation_evidence/historical/full-corpus.json,0c77746eb756e6681ce5c948b6216d3bd0f3b2b98266ee9e747c84a42b18a1c9,legacy_v1_identity_not_recorded,unknown,unknown,not_recorded,fused,question,tyre_shoulder_temperature_delta,What is the maximum temperature difference between the inside and outside tyre shoulders?,tyre-data,False,1,1,0,1.0,,,1,1,1,25,True,,
saved_recomputed,validation_evidence/historical/full-corpus.json,0c77746eb756e6681ce5c948b6216d3bd0f3b2b98266ee9e747c84a42b18a1c9,legacy_v1_identity_not_recorded,unknown,unknown,not_recorded,fused,question,tyre_unlisted_track_recommendation,Which recommendation applies to tracks that are not specifically listed?,tyre-data,False,1,1,0,0.5,,,1,1,2,25,True,,
saved_recomputed,validation_evidence/historical/full-corpus.json,0c77746eb756e6681ce5c948b6216d3bd0f3b2b98266ee9e747c84a42b18a1c9,legacy_v1_identity_not_recorded,unknown,unknown,not_recorded,fused,question,tyre_n3r_standard_cold_pressure,What is the standard minimum cold pressure for the rear N3R tyre?,tyre-data,False,1,1,0,0.3333333333333333,,,1,1,3,25,True,,
saved_recomputed,validation_evidence/historical/full-corpus.json,0c77746eb756e6681ce5c948b6216d3bd0f3b2b98266ee9e747c84a42b18a1c9,legacy_v1_identity_not_recorded,unknown,unknown,not_recorded,fused,question,manual_intended_use,Is the Porsche 911 Cup 992 II designed for public-road driving?,porsche-technical-manual,False,1,1,0,1.0,,,1,1,1,30,True,,
saved_recomputed,validation_evidence/historical/full-corpus.json,0c77746eb756e6681ce5c948b6216d3bd0f3b2b98266ee9e747c84a42b18a1c9,legacy_v1_identity_not_recorded,unknown,unknown,not_recorded,fused,question,manual_main_voltage_switch,Which switch position turns the main voltage supply on?,porsche-technical-manual,False,1,1,0,0.5,,,1,1,2,30,True,,
saved_recomputed,validation_evidence/historical/full-corpus.json,0c77746eb756e6681ce5c948b6216d3bd0f3b2b98266ee9e747c84a42b18a1c9,legacy_v1_identity_not_recorded,unknown,unknown,not_recorded,fused,question,manual_fire_system_test,Why must the fire extinguisher system be tested in test mode?,porsche-technical-manual,False,1,1,0,1.0,,,1,1,1,30,True,,
saved_recomputed,validation_evidence/historical/full-corpus.json,0c77746eb756e6681ce5c948b6216d3bd0f3b2b98266ee9e747c84a42b18a1c9,legacy_v1_identity_not_recorded,unknown,unknown,not_recorded,fused,question,failure_wrong_regulation_revision,What is a Joker Tyre?,unassigned,True,1,0,1,,,,,,,0,True,,
saved_recomputed,validation_evidence/historical/full-corpus.json,0c77746eb756e6681ce5c948b6216d3bd0f3b2b98266ee9e747c84a42b18a1c9,legacy_v1_identity_not_recorded,unknown,unknown,not_recorded,fused,question,conflict_n3r_pressure_sources,minimum cold pressure N3R,tyre-data,False,1,1,0,1.0,,,1,1,1,30,True,,
saved_recomputed,validation_evidence/historical/full-corpus.json,0c77746eb756e6681ce5c948b6216d3bd0f3b2b98266ee9e747c84a42b18a1c9,legacy_v1_identity_not_recorded,unknown,unknown,not_recorded,fused,aggregate,,,ALL,,16,15,1,0.7411111111111112,,,1.0,1.0,,,,,
saved_recomputed,validation_evidence/historical/full-corpus.json,0c77746eb756e6681ce5c948b6216d3bd0f3b2b98266ee9e747c84a42b18a1c9,legacy_v1_identity_not_recorded,unknown,unknown,not_recorded,fused,family,,,pcc-australia-regulations,,6,6,0,0.6305555555555555,,,1.0,1.0,,,,,
saved_recomputed,validation_evidence/historical/full-corpus.json,0c77746eb756e6681ce5c948b6216d3bd0f3b2b98266ee9e747c84a42b18a1c9,legacy_v1_identity_not_recorded,unknown,unknown,not_recorded,fused,family,,,porsche-technical-manual,,3,3,0,0.8333333333333334,,,1.0,1.0,,,,,
saved_recomputed,validation_evidence/historical/full-corpus.json,0c77746eb756e6681ce5c948b6216d3bd0f3b2b98266ee9e747c84a42b18a1c9,legacy_v1_identity_not_recorded,unknown,unknown,not_recorded,fused,family,,,tyre-data,,6,6,0,0.8055555555555555,,,1.0,1.0,,,,,
saved_recomputed,validation_evidence/historical/full-corpus.json,0c77746eb756e6681ce5c948b6216d3bd0f3b2b98266ee9e747c84a42b18a1c9,legacy_v1_identity_not_recorded,unknown,unknown,not_recorded,fused,family,,,unassigned,,1,0,1,,,,,,,,,,
saved_recomputed,validation_evidence/historical/full-corpus.json,0c77746eb756e6681ce5c948b6216d3bd0f3b2b98266ee9e747c84a42b18a1c9,legacy_v1_identity_not_recorded,unknown,unknown,not_recorded,reranked,question,reg_joker_tyre_definition,What is a Joker Tyre?,pcc-australia-regulations,False,1,1,0,1.0,,,1,1,1,15,True,,
saved_recomputed,validation_evidence/historical/full-corpus.json,0c77746eb756e6681ce5c948b6216d3bd0f3b2b98266ee9e747c84a42b18a1c9,legacy_v1_identity_not_recorded,unknown,unknown,not_recorded,reranked,question,reg_control_component_requirement,Are control components mandatory?,pcc-australia-regulations,False,1,1,0,1.0,,,1,1,1,15,True,,
saved_recomputed,validation_evidence/historical/full-corpus.json,0c77746eb756e6681ce5c948b6216d3bd0f3b2b98266ee9e747c84a42b18a1c9,legacy_v1_identity_not_recorded,unknown,unknown,not_recorded,reranked,question,reg_slick_tyre_definition,Which regulation defines a slick tyre?,pcc-australia-regulations,False,1,1,0,1.0,,,1,1,1,15,True,,
saved_recomputed,validation_evidence/historical/full-corpus.json,0c77746eb756e6681ce5c948b6216d3bd0f3b2b98266ee9e747c84a42b18a1c9,legacy_v1_identity_not_recorded,unknown,unknown,not_recorded,reranked,question,reg_round_alteration_precedence,What takes precedence when the regulations are altered for a specific round?,pcc-australia-regulations,False,1,1,0,1.0,,,1,1,1,15,True,,
saved_recomputed,validation_evidence/historical/full-corpus.json,0c77746eb756e6681ce5c948b6216d3bd0f3b2b98266ee9e747c84a42b18a1c9,legacy_v1_identity_not_recorded,unknown,unknown,not_recorded,reranked,question,reg_driver_minimum_age,What is the minimum driver age?,pcc-australia-regulations,False,1,1,0,1.0,,,1,1,1,15,True,,
saved_recomputed,validation_evidence/historical/full-corpus.json,0c77746eb756e6681ce5c948b6216d3bd0f3b2b98266ee9e747c84a42b18a1c9,legacy_v1_identity_not_recorded,unknown,unknown,not_recorded,reranked,question,reg_2026_calendar,Which circuits are on the 2026 championship calendar?,pcc-australia-regulations,False,1,1,0,1.0,,,1,1,1,15,True,,
saved_recomputed,validation_evidence/historical/full-corpus.json,0c77746eb756e6681ce5c948b6216d3bd0f3b2b98266ee9e747c84a42b18a1c9,legacy_v1_identity_not_recorded,unknown,unknown,not_recorded,reranked,question,tyre_n3r_dimensions,What are the N3R tyre dimensions and recommended wheel width?,tyre-data,False,1,1,0,1.0,,,1,1,1,15,True,,
saved_recomputed,validation_evidence/historical/full-corpus.json,0c77746eb756e6681ce5c948b6216d3bd0f3b2b98266ee9e747c84a42b18a1c9,legacy_v1_identity_not_recorded,unknown,unknown,not_recorded,reranked,question,tyre_n3_rolling_circumference,What is the rolling circumference of the front N3 tyre?,tyre-data,False,1,1,0,1.0,,,1,1,1,15,True,,
saved_recomputed,validation_evidence/historical/full-corpus.json,0c77746eb756e6681ce5c948b6216d3bd0f3b2b98266ee9e747c84a42b18a1c9,legacy_v1_identity_not_recorded,unknown,unknown,not_recorded,reranked,question,tyre_shoulder_temperature_delta,What is the maximum temperature difference between the inside and outside tyre shoulders?,tyre-data,False,1,1,0,1.0,,,1,1,1,15,True,,
saved_recomputed,validation_evidence/historical/full-corpus.json,0c77746eb756e6681ce5c948b6216d3bd0f3b2b98266ee9e747c84a42b18a1c9,legacy_v1_identity_not_recorded,unknown,unknown,not_recorded,reranked,question,tyre_unlisted_track_recommendation,Which recommendation applies to tracks that are not specifically listed?,tyre-data,False,1,1,0,1.0,,,1,1,1,15,True,,
saved_recomputed,validation_evidence/historical/full-corpus.json,0c77746eb756e6681ce5c948b6216d3bd0f3b2b98266ee9e747c84a42b18a1c9,legacy_v1_identity_not_recorded,unknown,unknown,not_recorded,reranked,question,tyre_n3r_standard_cold_pressure,What is the standard minimum cold pressure for the rear N3R tyre?,tyre-data,False,1,1,0,1.0,,,1,1,1,15,True,,
saved_recomputed,validation_evidence/historical/full-corpus.json,0c77746eb756e6681ce5c948b6216d3bd0f3b2b98266ee9e747c84a42b18a1c9,legacy_v1_identity_not_recorded,unknown,unknown,not_recorded,reranked,question,manual_intended_use,Is the Porsche 911 Cup 992 II designed for public-road driving?,porsche-technical-manual,False,1,1,0,1.0,,,1,1,1,15,True,,
saved_recomputed,validation_evidence/historical/full-corpus.json,0c77746eb756e6681ce5c948b6216d3bd0f3b2b98266ee9e747c84a42b18a1c9,legacy_v1_identity_not_recorded,unknown,unknown,not_recorded,reranked,question,manual_main_voltage_switch,Which switch position turns the main voltage supply on?,porsche-technical-manual,False,1,1,0,0.5,,,1,1,2,15,True,,
saved_recomputed,validation_evidence/historical/full-corpus.json,0c77746eb756e6681ce5c948b6216d3bd0f3b2b98266ee9e747c84a42b18a1c9,legacy_v1_identity_not_recorded,unknown,unknown,not_recorded,reranked,question,manual_fire_system_test,Why must the fire extinguisher system be tested in test mode?,porsche-technical-manual,False,1,1,0,1.0,,,1,1,1,15,True,,
saved_recomputed,validation_evidence/historical/full-corpus.json,0c77746eb756e6681ce5c948b6216d3bd0f3b2b98266ee9e747c84a42b18a1c9,legacy_v1_identity_not_recorded,unknown,unknown,not_recorded,reranked,question,failure_wrong_regulation_revision,What is a Joker Tyre?,unassigned,True,1,0,1,,,,,,,0,True,,
saved_recomputed,validation_evidence/historical/full-corpus.json,0c77746eb756e6681ce5c948b6216d3bd0f3b2b98266ee9e747c84a42b18a1c9,legacy_v1_identity_not_recorded,unknown,unknown,not_recorded,reranked,question,conflict_n3r_pressure_sources,minimum cold pressure N3R,tyre-data,False,1,1,0,1.0,,,1,1,1,15,True,,
saved_recomputed,validation_evidence/historical/full-corpus.json,0c77746eb756e6681ce5c948b6216d3bd0f3b2b98266ee9e747c84a42b18a1c9,legacy_v1_identity_not_recorded,unknown,unknown,not_recorded,reranked,aggregate,,,ALL,,16,15,1,0.9666666666666667,,,1.0,1.0,,,,,
saved_recomputed,validation_evidence/historical/full-corpus.json,0c77746eb756e6681ce5c948b6216d3bd0f3b2b98266ee9e747c84a42b18a1c9,legacy_v1_identity_not_recorded,unknown,unknown,not_recorded,reranked,family,,,pcc-australia-regulations,,6,6,0,1.0,,,1.0,1.0,,,,,
saved_recomputed,validation_evidence/historical/full-corpus.json,0c77746eb756e6681ce5c948b6216d3bd0f3b2b98266ee9e747c84a42b18a1c9,legacy_v1_identity_not_recorded,unknown,unknown,not_recorded,reranked,family,,,porsche-technical-manual,,3,3,0,0.8333333333333334,,,1.0,1.0,,,,,
saved_recomputed,validation_evidence/historical/full-corpus.json,0c77746eb756e6681ce5c948b6216d3bd0f3b2b98266ee9e747c84a42b18a1c9,legacy_v1_identity_not_recorded,unknown,unknown,not_recorded,reranked,family,,,tyre-data,,6,6,0,1.0,,,1.0,1.0,,,,,
saved_recomputed,validation_evidence/historical/full-corpus.json,0c77746eb756e6681ce5c948b6216d3bd0f3b2b98266ee9e747c84a42b18a1c9,legacy_v1_identity_not_recorded,unknown,unknown,not_recorded,reranked,family,,,unassigned,,1,0,1,,,,,,,,,,
saved_recomputed,validation_evidence/historical/representative-baseline.json,50d3468f977825bdd742925bc1ecaa73bf3989a60bb21d4ba1010e3e5ae3b86f,legacy_v1_identity_not_recorded,unknown,unknown,not_recorded,lexical,question,reg_joker_tyre_definition,What is a Joker Tyre?,pcc-australia-regulations,False,1,1,0,0,,,0,0,,0,False,,no_label_match_in_returned_list
saved_recomputed,validation_evidence/historical/representative-baseline.json,50d3468f977825bdd742925bc1ecaa73bf3989a60bb21d4ba1010e3e5ae3b86f,legacy_v1_identity_not_recorded,unknown,unknown,not_recorded,lexical,question,reg_control_component_requirement,Are control components mandatory?,pcc-australia-regulations,False,1,1,0,0,,,0,0,,0,False,,no_label_match_in_returned_list
saved_recomputed,validation_evidence/historical/representative-baseline.json,50d3468f977825bdd742925bc1ecaa73bf3989a60bb21d4ba1010e3e5ae3b86f,legacy_v1_identity_not_recorded,unknown,unknown,not_recorded,lexical,question,reg_slick_tyre_definition,Which regulation defines a slick tyre?,pcc-australia-regulations,False,1,1,0,0,,,0,0,,0,False,,no_label_match_in_returned_list
saved_recomputed,validation_evidence/historical/representative-baseline.json,50d3468f977825bdd742925bc1ecaa73bf3989a60bb21d4ba1010e3e5ae3b86f,legacy_v1_identity_not_recorded,unknown,unknown,not_recorded,lexical,question,reg_round_alteration_precedence,What takes precedence when the regulations are altered for a specific round?,pcc-australia-regulations,False,1,1,0,0,,,0,0,,0,False,,no_label_match_in_returned_list
saved_recomputed,validation_evidence/historical/representative-baseline.json,50d3468f977825bdd742925bc1ecaa73bf3989a60bb21d4ba1010e3e5ae3b86f,legacy_v1_identity_not_recorded,unknown,unknown,not_recorded,lexical,question,reg_driver_minimum_age,What is the minimum driver age?,pcc-australia-regulations,False,1,1,0,0,,,0,0,,0,False,,no_label_match_in_returned_list
saved_recomputed,validation_evidence/historical/representative-baseline.json,50d3468f977825bdd742925bc1ecaa73bf3989a60bb21d4ba1010e3e5ae3b86f,legacy_v1_identity_not_recorded,unknown,unknown,not_recorded,lexical,question,reg_2026_calendar,Which circuits are on the 2026 championship calendar?,pcc-australia-regulations,False,1,1,0,0,,,0,0,,0,False,,no_label_match_in_returned_list
saved_recomputed,validation_evidence/historical/representative-baseline.json,50d3468f977825bdd742925bc1ecaa73bf3989a60bb21d4ba1010e3e5ae3b86f,legacy_v1_identity_not_recorded,unknown,unknown,not_recorded,lexical,question,tyre_n3r_dimensions,What are the N3R tyre dimensions and recommended wheel width?,tyre-data,False,1,1,0,0,,,0,0,,0,False,,no_label_match_in_returned_list
saved_recomputed,validation_evidence/historical/representative-baseline.json,50d3468f977825bdd742925bc1ecaa73bf3989a60bb21d4ba1010e3e5ae3b86f,legacy_v1_identity_not_recorded,unknown,unknown,not_recorded,lexical,question,tyre_n3_rolling_circumference,What is the rolling circumference of the front N3 tyre?,tyre-data,False,1,1,0,0,,,0,0,,0,False,,no_label_match_in_returned_list
saved_recomputed,validation_evidence/historical/representative-baseline.json,50d3468f977825bdd742925bc1ecaa73bf3989a60bb21d4ba1010e3e5ae3b86f,legacy_v1_identity_not_recorded,unknown,unknown,not_recorded,lexical,question,tyre_shoulder_temperature_delta,What is the maximum temperature difference between the inside and outside tyre shoulders?,tyre-data,False,1,1,0,0,,,0,0,,0,False,,no_label_match_in_returned_list
saved_recomputed,validation_evidence/historical/representative-baseline.json,50d3468f977825bdd742925bc1ecaa73bf3989a60bb21d4ba1010e3e5ae3b86f,legacy_v1_identity_not_recorded,unknown,unknown,not_recorded,lexical,question,tyre_unlisted_track_recommendation,Which recommendation applies to tracks that are not specifically listed?,tyre-data,False,1,1,0,0,,,0,0,,0,False,,no_label_match_in_returned_list
saved_recomputed,validation_evidence/historical/representative-baseline.json,50d3468f977825bdd742925bc1ecaa73bf3989a60bb21d4ba1010e3e5ae3b86f,legacy_v1_identity_not_recorded,unknown,unknown,not_recorded,lexical,question,tyre_n3r_standard_cold_pressure,What is the standard minimum cold pressure for the rear N3R tyre?,tyre-data,False,1,1,0,0,,,0,0,,0,False,,no_label_match_in_returned_list
saved_recomputed,validation_evidence/historical/representative-baseline.json,50d3468f977825bdd742925bc1ecaa73bf3989a60bb21d4ba1010e3e5ae3b86f,legacy_v1_identity_not_recorded,unknown,unknown,not_recorded,lexical,question,manual_intended_use,Is the Porsche 911 Cup 992 II designed for public-road driving?,porsche-technical-manual,False,1,1,0,0,,,0,0,,0,False,,no_label_match_in_returned_list
saved_recomputed,validation_evidence/historical/representative-baseline.json,50d3468f977825bdd742925bc1ecaa73bf3989a60bb21d4ba1010e3e5ae3b86f,legacy_v1_identity_not_recorded,unknown,unknown,not_recorded,lexical,question,manual_main_voltage_switch,Which switch position turns the main voltage supply on?,porsche-technical-manual,False,1,1,0,0,,,0,0,,0,False,,no_label_match_in_returned_list
saved_recomputed,validation_evidence/historical/representative-baseline.json,50d3468f977825bdd742925bc1ecaa73bf3989a60bb21d4ba1010e3e5ae3b86f,legacy_v1_identity_not_recorded,unknown,unknown,not_recorded,lexical,question,manual_fire_system_test,Why must the fire extinguisher system be tested in test mode?,porsche-technical-manual,False,1,1,0,0,,,0,0,,0,False,,no_label_match_in_returned_list
saved_recomputed,validation_evidence/historical/representative-baseline.json,50d3468f977825bdd742925bc1ecaa73bf3989a60bb21d4ba1010e3e5ae3b86f,legacy_v1_identity_not_recorded,unknown,unknown,not_recorded,lexical,question,failure_wrong_regulation_revision,What is a Joker Tyre?,unassigned,True,1,0,1,,,,,,,0,True,,
saved_recomputed,validation_evidence/historical/representative-baseline.json,50d3468f977825bdd742925bc1ecaa73bf3989a60bb21d4ba1010e3e5ae3b86f,legacy_v1_identity_not_recorded,unknown,unknown,not_recorded,lexical,aggregate,,,ALL,,15,14,1,0.0,,,0.0,0.0,,,,,
saved_recomputed,validation_evidence/historical/representative-baseline.json,50d3468f977825bdd742925bc1ecaa73bf3989a60bb21d4ba1010e3e5ae3b86f,legacy_v1_identity_not_recorded,unknown,unknown,not_recorded,lexical,family,,,pcc-australia-regulations,,6,6,0,0.0,,,0.0,0.0,,,,,
saved_recomputed,validation_evidence/historical/representative-baseline.json,50d3468f977825bdd742925bc1ecaa73bf3989a60bb21d4ba1010e3e5ae3b86f,legacy_v1_identity_not_recorded,unknown,unknown,not_recorded,lexical,family,,,porsche-technical-manual,,3,3,0,0.0,,,0.0,0.0,,,,,
saved_recomputed,validation_evidence/historical/representative-baseline.json,50d3468f977825bdd742925bc1ecaa73bf3989a60bb21d4ba1010e3e5ae3b86f,legacy_v1_identity_not_recorded,unknown,unknown,not_recorded,lexical,family,,,tyre-data,,5,5,0,0.0,,,0.0,0.0,,,,,
saved_recomputed,validation_evidence/historical/representative-baseline.json,50d3468f977825bdd742925bc1ecaa73bf3989a60bb21d4ba1010e3e5ae3b86f,legacy_v1_identity_not_recorded,unknown,unknown,not_recorded,lexical,family,,,unassigned,,1,0,1,,,,,,,,,,
saved_recomputed,validation_evidence/historical/representative-baseline.json,50d3468f977825bdd742925bc1ecaa73bf3989a60bb21d4ba1010e3e5ae3b86f,legacy_v1_identity_not_recorded,unknown,unknown,not_recorded,semantic,question,reg_joker_tyre_definition,What is a Joker Tyre?,pcc-australia-regulations,False,1,1,0,0.5,,,1,1,2,27,True,,
saved_recomputed,validation_evidence/historical/representative-baseline.json,50d3468f977825bdd742925bc1ecaa73bf3989a60bb21d4ba1010e3e5ae3b86f,legacy_v1_identity_not_recorded,unknown,unknown,not_recorded,semantic,question,reg_control_component_requirement,Are control components mandatory?,pcc-australia-regulations,False,1,1,0,1.0,,,1,1,1,27,True,,
saved_recomputed,validation_evidence/historical/representative-baseline.json,50d3468f977825bdd742925bc1ecaa73bf3989a60bb21d4ba1010e3e5ae3b86f,legacy_v1_identity_not_recorded,unknown,unknown,not_recorded,semantic,question,reg_slick_tyre_definition,Which regulation defines a slick tyre?,pcc-australia-regulations,False,1,1,0,1.0,,,1,1,1,27,True,,
saved_recomputed,validation_evidence/historical/representative-baseline.json,50d3468f977825bdd742925bc1ecaa73bf3989a60bb21d4ba1010e3e5ae3b86f,legacy_v1_identity_not_recorded,unknown,unknown,not_recorded,semantic,question,reg_round_alteration_precedence,What takes precedence when the regulations are altered for a specific round?,pcc-australia-regulations,False,1,1,0,0.5,,,1,1,2,27,True,,
saved_recomputed,validation_evidence/historical/representative-baseline.json,50d3468f977825bdd742925bc1ecaa73bf3989a60bb21d4ba1010e3e5ae3b86f,legacy_v1_identity_not_recorded,unknown,unknown,not_recorded,semantic,question,reg_driver_minimum_age,What is the minimum driver age?,pcc-australia-regulations,False,1,1,0,1.0,,,1,1,1,27,True,,
saved_recomputed,validation_evidence/historical/representative-baseline.json,50d3468f977825bdd742925bc1ecaa73bf3989a60bb21d4ba1010e3e5ae3b86f,legacy_v1_identity_not_recorded,unknown,unknown,not_recorded,semantic,question,reg_2026_calendar,Which circuits are on the 2026 championship calendar?,pcc-australia-regulations,False,1,1,0,0.5,,,1,1,2,27,True,,
saved_recomputed,validation_evidence/historical/representative-baseline.json,50d3468f977825bdd742925bc1ecaa73bf3989a60bb21d4ba1010e3e5ae3b86f,legacy_v1_identity_not_recorded,unknown,unknown,not_recorded,semantic,question,tyre_n3r_dimensions,What are the N3R tyre dimensions and recommended wheel width?,tyre-data,False,1,1,0,1.0,,,1,1,1,17,True,,
saved_recomputed,validation_evidence/historical/representative-baseline.json,50d3468f977825bdd742925bc1ecaa73bf3989a60bb21d4ba1010e3e5ae3b86f,legacy_v1_identity_not_recorded,unknown,unknown,not_recorded,semantic,question,tyre_n3_rolling_circumference,What is the rolling circumference of the front N3 tyre?,tyre-data,False,1,1,0,1.0,,,1,1,1,17,True,,
saved_recomputed,validation_evidence/historical/representative-baseline.json,50d3468f977825bdd742925bc1ecaa73bf3989a60bb21d4ba1010e3e5ae3b86f,legacy_v1_identity_not_recorded,unknown,unknown,not_recorded,semantic,question,tyre_shoulder_temperature_delta,What is the maximum temperature difference between the inside and outside tyre shoulders?,tyre-data,False,1,1,0,1.0,,,1,1,1,17,True,,
saved_recomputed,validation_evidence/historical/representative-baseline.json,50d3468f977825bdd742925bc1ecaa73bf3989a60bb21d4ba1010e3e5ae3b86f,legacy_v1_identity_not_recorded,unknown,unknown,not_recorded,semantic,question,tyre_unlisted_track_recommendation,Which recommendation applies to tracks that are not specifically listed?,tyre-data,False,1,1,0,1.0,,,1,1,1,17,True,,
saved_recomputed,validation_evidence/historical/representative-baseline.json,50d3468f977825bdd742925bc1ecaa73bf3989a60bb21d4ba1010e3e5ae3b86f,legacy_v1_identity_not_recorded,unknown,unknown,not_recorded,semantic,question,tyre_n3r_standard_cold_pressure,What is the standard minimum cold pressure for the rear N3R tyre?,tyre-data,False,1,1,0,0.5,,,1,1,2,17,True,,
saved_recomputed,validation_evidence/historical/representative-baseline.json,50d3468f977825bdd742925bc1ecaa73bf3989a60bb21d4ba1010e3e5ae3b86f,legacy_v1_identity_not_recorded,unknown,unknown,not_recorded,semantic,question,manual_intended_use,Is the Porsche 911 Cup 992 II designed for public-road driving?,porsche-technical-manual,False,1,1,0,1.0,,,1,1,1,12,True,,
saved_recomputed,validation_evidence/historical/representative-baseline.json,50d3468f977825bdd742925bc1ecaa73bf3989a60bb21d4ba1010e3e5ae3b86f,legacy_v1_identity_not_recorded,unknown,unknown,not_recorded,semantic,question,manual_main_voltage_switch,Which switch position turns the main voltage supply on?,porsche-technical-manual,False,1,1,0,1.0,,,1,1,1,12,True,,
saved_recomputed,validation_evidence/historical/representative-baseline.json,50d3468f977825bdd742925bc1ecaa73bf3989a60bb21d4ba1010e3e5ae3b86f,legacy_v1_identity_not_recorded,unknown,unknown,not_recorded,semantic,question,manual_fire_system_test,Why must the fire extinguisher system be tested in test mode?,porsche-technical-manual,False,1,1,0,1.0,,,1,1,1,12,True,,
saved_recomputed,validation_evidence/historical/representative-baseline.json,50d3468f977825bdd742925bc1ecaa73bf3989a60bb21d4ba1010e3e5ae3b86f,legacy_v1_identity_not_recorded,unknown,unknown,not_recorded,semantic,question,failure_wrong_regulation_revision,What is a Joker Tyre?,unassigned,True,1,0,1,,,,,,,0,True,,
saved_recomputed,validation_evidence/historical/representative-baseline.json,50d3468f977825bdd742925bc1ecaa73bf3989a60bb21d4ba1010e3e5ae3b86f,legacy_v1_identity_not_recorded,unknown,unknown,not_recorded,semantic,aggregate,,,ALL,,15,14,1,0.8571428571428571,,,1.0,1.0,,,,,
saved_recomputed,validation_evidence/historical/representative-baseline.json,50d3468f977825bdd742925bc1ecaa73bf3989a60bb21d4ba1010e3e5ae3b86f,legacy_v1_identity_not_recorded,unknown,unknown,not_recorded,semantic,family,,,pcc-australia-regulations,,6,6,0,0.75,,,1.0,1.0,,,,,
saved_recomputed,validation_evidence/historical/representative-baseline.json,50d3468f977825bdd742925bc1ecaa73bf3989a60bb21d4ba1010e3e5ae3b86f,legacy_v1_identity_not_recorded,unknown,unknown,not_recorded,semantic,family,,,porsche-technical-manual,,3,3,0,1.0,,,1.0,1.0,,,,,
saved_recomputed,validation_evidence/historical/representative-baseline.json,50d3468f977825bdd742925bc1ecaa73bf3989a60bb21d4ba1010e3e5ae3b86f,legacy_v1_identity_not_recorded,unknown,unknown,not_recorded,semantic,family,,,tyre-data,,5,5,0,0.9,,,1.0,1.0,,,,,
saved_recomputed,validation_evidence/historical/representative-baseline.json,50d3468f977825bdd742925bc1ecaa73bf3989a60bb21d4ba1010e3e5ae3b86f,legacy_v1_identity_not_recorded,unknown,unknown,not_recorded,semantic,family,,,unassigned,,1,0,1,,,,,,,,,,
saved_recomputed,validation_evidence/historical/representative-baseline.json,50d3468f977825bdd742925bc1ecaa73bf3989a60bb21d4ba1010e3e5ae3b86f,legacy_v1_identity_not_recorded,unknown,unknown,not_recorded,fused,question,reg_joker_tyre_definition,What is a Joker Tyre?,pcc-australia-regulations,False,1,1,0,0.5,,,1,1,2,27,True,,
saved_recomputed,validation_evidence/historical/representative-baseline.json,50d3468f977825bdd742925bc1ecaa73bf3989a60bb21d4ba1010e3e5ae3b86f,legacy_v1_identity_not_recorded,unknown,unknown,not_recorded,fused,question,reg_control_component_requirement,Are control components mandatory?,pcc-australia-regulations,False,1,1,0,1.0,,,1,1,1,27,True,,
saved_recomputed,validation_evidence/historical/representative-baseline.json,50d3468f977825bdd742925bc1ecaa73bf3989a60bb21d4ba1010e3e5ae3b86f,legacy_v1_identity_not_recorded,unknown,unknown,not_recorded,fused,question,reg_slick_tyre_definition,Which regulation defines a slick tyre?,pcc-australia-regulations,False,1,1,0,1.0,,,1,1,1,27,True,,
saved_recomputed,validation_evidence/historical/representative-baseline.json,50d3468f977825bdd742925bc1ecaa73bf3989a60bb21d4ba1010e3e5ae3b86f,legacy_v1_identity_not_recorded,unknown,unknown,not_recorded,fused,question,reg_round_alteration_precedence,What takes precedence when the regulations are altered for a specific round?,pcc-australia-regulations,False,1,1,0,0.5,,,1,1,2,27,True,,
saved_recomputed,validation_evidence/historical/representative-baseline.json,50d3468f977825bdd742925bc1ecaa73bf3989a60bb21d4ba1010e3e5ae3b86f,legacy_v1_identity_not_recorded,unknown,unknown,not_recorded,fused,question,reg_driver_minimum_age,What is the minimum driver age?,pcc-australia-regulations,False,1,1,0,1.0,,,1,1,1,27,True,,
saved_recomputed,validation_evidence/historical/representative-baseline.json,50d3468f977825bdd742925bc1ecaa73bf3989a60bb21d4ba1010e3e5ae3b86f,legacy_v1_identity_not_recorded,unknown,unknown,not_recorded,fused,question,reg_2026_calendar,Which circuits are on the 2026 championship calendar?,pcc-australia-regulations,False,1,1,0,0.5,,,1,1,2,27,True,,
saved_recomputed,validation_evidence/historical/representative-baseline.json,50d3468f977825bdd742925bc1ecaa73bf3989a60bb21d4ba1010e3e5ae3b86f,legacy_v1_identity_not_recorded,unknown,unknown,not_recorded,fused,question,tyre_n3r_dimensions,What are the N3R tyre dimensions and recommended wheel width?,tyre-data,False,1,1,0,1.0,,,1,1,1,17,True,,
saved_recomputed,validation_evidence/historical/representative-baseline.json,50d3468f977825bdd742925bc1ecaa73bf3989a60bb21d4ba1010e3e5ae3b86f,legacy_v1_identity_not_recorded,unknown,unknown,not_recorded,fused,question,tyre_n3_rolling_circumference,What is the rolling circumference of the front N3 tyre?,tyre-data,False,1,1,0,1.0,,,1,1,1,17,True,,
saved_recomputed,validation_evidence/historical/representative-baseline.json,50d3468f977825bdd742925bc1ecaa73bf3989a60bb21d4ba1010e3e5ae3b86f,legacy_v1_identity_not_recorded,unknown,unknown,not_recorded,fused,question,tyre_shoulder_temperature_delta,What is the maximum temperature difference between the inside and outside tyre shoulders?,tyre-data,False,1,1,0,1.0,,,1,1,1,17,True,,
saved_recomputed,validation_evidence/historical/representative-baseline.json,50d3468f977825bdd742925bc1ecaa73bf3989a60bb21d4ba1010e3e5ae3b86f,legacy_v1_identity_not_recorded,unknown,unknown,not_recorded,fused,question,tyre_unlisted_track_recommendation,Which recommendation applies to tracks that are not specifically listed?,tyre-data,False,1,1,0,1.0,,,1,1,1,17,True,,
saved_recomputed,validation_evidence/historical/representative-baseline.json,50d3468f977825bdd742925bc1ecaa73bf3989a60bb21d4ba1010e3e5ae3b86f,legacy_v1_identity_not_recorded,unknown,unknown,not_recorded,fused,question,tyre_n3r_standard_cold_pressure,What is the standard minimum cold pressure for the rear N3R tyre?,tyre-data,False,1,1,0,0.5,,,1,1,2,17,True,,
saved_recomputed,validation_evidence/historical/representative-baseline.json,50d3468f977825bdd742925bc1ecaa73bf3989a60bb21d4ba1010e3e5ae3b86f,legacy_v1_identity_not_recorded,unknown,unknown,not_recorded,fused,question,manual_intended_use,Is the Porsche 911 Cup 992 II designed for public-road driving?,porsche-technical-manual,False,1,1,0,1.0,,,1,1,1,12,True,,
saved_recomputed,validation_evidence/historical/representative-baseline.json,50d3468f977825bdd742925bc1ecaa73bf3989a60bb21d4ba1010e3e5ae3b86f,legacy_v1_identity_not_recorded,unknown,unknown,not_recorded,fused,question,manual_main_voltage_switch,Which switch position turns the main voltage supply on?,porsche-technical-manual,False,1,1,0,1.0,,,1,1,1,12,True,,
saved_recomputed,validation_evidence/historical/representative-baseline.json,50d3468f977825bdd742925bc1ecaa73bf3989a60bb21d4ba1010e3e5ae3b86f,legacy_v1_identity_not_recorded,unknown,unknown,not_recorded,fused,question,manual_fire_system_test,Why must the fire extinguisher system be tested in test mode?,porsche-technical-manual,False,1,1,0,1.0,,,1,1,1,12,True,,
saved_recomputed,validation_evidence/historical/representative-baseline.json,50d3468f977825bdd742925bc1ecaa73bf3989a60bb21d4ba1010e3e5ae3b86f,legacy_v1_identity_not_recorded,unknown,unknown,not_recorded,fused,question,failure_wrong_regulation_revision,What is a Joker Tyre?,unassigned,True,1,0,1,,,,,,,0,True,,
saved_recomputed,validation_evidence/historical/representative-baseline.json,50d3468f977825bdd742925bc1ecaa73bf3989a60bb21d4ba1010e3e5ae3b86f,legacy_v1_identity_not_recorded,unknown,unknown,not_recorded,fused,aggregate,,,ALL,,15,14,1,0.8571428571428571,,,1.0,1.0,,,,,
saved_recomputed,validation_evidence/historical/representative-baseline.json,50d3468f977825bdd742925bc1ecaa73bf3989a60bb21d4ba1010e3e5ae3b86f,legacy_v1_identity_not_recorded,unknown,unknown,not_recorded,fused,family,,,pcc-australia-regulations,,6,6,0,0.75,,,1.0,1.0,,,,,
saved_recomputed,validation_evidence/historical/representative-baseline.json,50d3468f977825bdd742925bc1ecaa73bf3989a60bb21d4ba1010e3e5ae3b86f,legacy_v1_identity_not_recorded,unknown,unknown,not_recorded,fused,family,,,porsche-technical-manual,,3,3,0,1.0,,,1.0,1.0,,,,,
saved_recomputed,validation_evidence/historical/representative-baseline.json,50d3468f977825bdd742925bc1ecaa73bf3989a60bb21d4ba1010e3e5ae3b86f,legacy_v1_identity_not_recorded,unknown,unknown,not_recorded,fused,family,,,tyre-data,,5,5,0,0.9,,,1.0,1.0,,,,,
saved_recomputed,validation_evidence/historical/representative-baseline.json,50d3468f977825bdd742925bc1ecaa73bf3989a60bb21d4ba1010e3e5ae3b86f,legacy_v1_identity_not_recorded,unknown,unknown,not_recorded,fused,family,,,unassigned,,1,0,1,,,,,,,,,,
saved_recomputed,validation_evidence/historical/representative-baseline.json,50d3468f977825bdd742925bc1ecaa73bf3989a60bb21d4ba1010e3e5ae3b86f,legacy_v1_identity_not_recorded,unknown,unknown,not_recorded,reranked,question,reg_joker_tyre_definition,What is a Joker Tyre?,pcc-australia-regulations,False,1,1,0,1.0,,,1,1,1,15,True,,
saved_recomputed,validation_evidence/historical/representative-baseline.json,50d3468f977825bdd742925bc1ecaa73bf3989a60bb21d4ba1010e3e5ae3b86f,legacy_v1_identity_not_recorded,unknown,unknown,not_recorded,reranked,question,reg_control_component_requirement,Are control components mandatory?,pcc-australia-regulations,False,1,1,0,1.0,,,1,1,1,15,True,,
saved_recomputed,validation_evidence/historical/representative-baseline.json,50d3468f977825bdd742925bc1ecaa73bf3989a60bb21d4ba1010e3e5ae3b86f,legacy_v1_identity_not_recorded,unknown,unknown,not_recorded,reranked,question,reg_slick_tyre_definition,Which regulation defines a slick tyre?,pcc-australia-regulations,False,1,1,0,1.0,,,1,1,1,15,True,,
saved_recomputed,validation_evidence/historical/representative-baseline.json,50d3468f977825bdd742925bc1ecaa73bf3989a60bb21d4ba1010e3e5ae3b86f,legacy_v1_identity_not_recorded,unknown,unknown,not_recorded,reranked,question,reg_round_alteration_precedence,What takes precedence when the regulations are altered for a specific round?,pcc-australia-regulations,False,1,1,0,1.0,,,1,1,1,15,True,,
saved_recomputed,validation_evidence/historical/representative-baseline.json,50d3468f977825bdd742925bc1ecaa73bf3989a60bb21d4ba1010e3e5ae3b86f,legacy_v1_identity_not_recorded,unknown,unknown,not_recorded,reranked,question,reg_driver_minimum_age,What is the minimum driver age?,pcc-australia-regulations,False,1,1,0,1.0,,,1,1,1,15,True,,
saved_recomputed,validation_evidence/historical/representative-baseline.json,50d3468f977825bdd742925bc1ecaa73bf3989a60bb21d4ba1010e3e5ae3b86f,legacy_v1_identity_not_recorded,unknown,unknown,not_recorded,reranked,question,reg_2026_calendar,Which circuits are on the 2026 championship calendar?,pcc-australia-regulations,False,1,1,0,1.0,,,1,1,1,15,True,,
saved_recomputed,validation_evidence/historical/representative-baseline.json,50d3468f977825bdd742925bc1ecaa73bf3989a60bb21d4ba1010e3e5ae3b86f,legacy_v1_identity_not_recorded,unknown,unknown,not_recorded,reranked,question,tyre_n3r_dimensions,What are the N3R tyre dimensions and recommended wheel width?,tyre-data,False,1,1,0,1.0,,,1,1,1,15,True,,
saved_recomputed,validation_evidence/historical/representative-baseline.json,50d3468f977825bdd742925bc1ecaa73bf3989a60bb21d4ba1010e3e5ae3b86f,legacy_v1_identity_not_recorded,unknown,unknown,not_recorded,reranked,question,tyre_n3_rolling_circumference,What is the rolling circumference of the front N3 tyre?,tyre-data,False,1,1,0,1.0,,,1,1,1,15,True,,
saved_recomputed,validation_evidence/historical/representative-baseline.json,50d3468f977825bdd742925bc1ecaa73bf3989a60bb21d4ba1010e3e5ae3b86f,legacy_v1_identity_not_recorded,unknown,unknown,not_recorded,reranked,question,tyre_shoulder_temperature_delta,What is the maximum temperature difference between the inside and outside tyre shoulders?,tyre-data,False,1,1,0,1.0,,,1,1,1,15,True,,
saved_recomputed,validation_evidence/historical/representative-baseline.json,50d3468f977825bdd742925bc1ecaa73bf3989a60bb21d4ba1010e3e5ae3b86f,legacy_v1_identity_not_recorded,unknown,unknown,not_recorded,reranked,question,tyre_unlisted_track_recommendation,Which recommendation applies to tracks that are not specifically listed?,tyre-data,False,1,1,0,1.0,,,1,1,1,15,True,,
saved_recomputed,validation_evidence/historical/representative-baseline.json,50d3468f977825bdd742925bc1ecaa73bf3989a60bb21d4ba1010e3e5ae3b86f,legacy_v1_identity_not_recorded,unknown,unknown,not_recorded,reranked,question,tyre_n3r_standard_cold_pressure,What is the standard minimum cold pressure for the rear N3R tyre?,tyre-data,False,1,1,0,1.0,,,1,1,1,15,True,,
saved_recomputed,validation_evidence/historical/representative-baseline.json,50d3468f977825bdd742925bc1ecaa73bf3989a60bb21d4ba1010e3e5ae3b86f,legacy_v1_identity_not_recorded,unknown,unknown,not_recorded,reranked,question,manual_intended_use,Is the Porsche 911 Cup 992 II designed for public-road driving?,porsche-technical-manual,False,1,1,0,1.0,,,1,1,1,12,True,,
saved_recomputed,validation_evidence/historical/representative-baseline.json,50d3468f977825bdd742925bc1ecaa73bf3989a60bb21d4ba1010e3e5ae3b86f,legacy_v1_identity_not_recorded,unknown,unknown,not_recorded,reranked,question,manual_main_voltage_switch,Which switch position turns the main voltage supply on?,porsche-technical-manual,False,1,1,0,1.0,,,1,1,1,12,True,,
saved_recomputed,validation_evidence/historical/representative-baseline.json,50d3468f977825bdd742925bc1ecaa73bf3989a60bb21d4ba1010e3e5ae3b86f,legacy_v1_identity_not_recorded,unknown,unknown,not_recorded,reranked,question,manual_fire_system_test,Why must the fire extinguisher system be tested in test mode?,porsche-technical-manual,False,1,1,0,1.0,,,1,1,1,12,True,,
saved_recomputed,validation_evidence/historical/representative-baseline.json,50d3468f977825bdd742925bc1ecaa73bf3989a60bb21d4ba1010e3e5ae3b86f,legacy_v1_identity_not_recorded,unknown,unknown,not_recorded,reranked,question,failure_wrong_regulation_revision,What is a Joker Tyre?,unassigned,True,1,0,1,,,,,,,0,True,,
saved_recomputed,validation_evidence/historical/representative-baseline.json,50d3468f977825bdd742925bc1ecaa73bf3989a60bb21d4ba1010e3e5ae3b86f,legacy_v1_identity_not_recorded,unknown,unknown,not_recorded,reranked,aggregate,,,ALL,,15,14,1,1.0,,,1.0,1.0,,,,,
saved_recomputed,validation_evidence/historical/representative-baseline.json,50d3468f977825bdd742925bc1ecaa73bf3989a60bb21d4ba1010e3e5ae3b86f,legacy_v1_identity_not_recorded,unknown,unknown,not_recorded,reranked,family,,,pcc-australia-regulations,,6,6,0,1.0,,,1.0,1.0,,,,,
saved_recomputed,validation_evidence/historical/representative-baseline.json,50d3468f977825bdd742925bc1ecaa73bf3989a60bb21d4ba1010e3e5ae3b86f,legacy_v1_identity_not_recorded,unknown,unknown,not_recorded,reranked,family,,,porsche-technical-manual,,3,3,0,1.0,,,1.0,1.0,,,,,
saved_recomputed,validation_evidence/historical/representative-baseline.json,50d3468f977825bdd742925bc1ecaa73bf3989a60bb21d4ba1010e3e5ae3b86f,legacy_v1_identity_not_recorded,unknown,unknown,not_recorded,reranked,family,,,tyre-data,,5,5,0,1.0,,,1.0,1.0,,,,,
saved_recomputed,validation_evidence/historical/representative-baseline.json,50d3468f977825bdd742925bc1ecaa73bf3989a60bb21d4ba1010e3e5ae3b86f,legacy_v1_identity_not_recorded,unknown,unknown,not_recorded,reranked,family,,,unassigned,,1,0,1,,,,,,,,,,
saved_recomputed,validation_evidence/historical/representative-hardened.json,c130bffe3dc3673d6a2a5aa8916f577f1cf464462bee1b554806e375017775fb,legacy_v1_identity_not_recorded,unknown,unknown,not_recorded,lexical,question,reg_joker_tyre_definition,What is a Joker Tyre?,pcc-australia-regulations,False,1,1,0,1.0,,,1,1,1,15,True,,
saved_recomputed,validation_evidence/historical/representative-hardened.json,c130bffe3dc3673d6a2a5aa8916f577f1cf464462bee1b554806e375017775fb,legacy_v1_identity_not_recorded,unknown,unknown,not_recorded,lexical,question,reg_control_component_requirement,Are control components mandatory?,pcc-australia-regulations,False,1,1,0,0.5,,,1,1,2,7,True,,
saved_recomputed,validation_evidence/historical/representative-hardened.json,c130bffe3dc3673d6a2a5aa8916f577f1cf464462bee1b554806e375017775fb,legacy_v1_identity_not_recorded,unknown,unknown,not_recorded,lexical,question,reg_slick_tyre_definition,Which regulation defines a slick tyre?,pcc-australia-regulations,False,1,1,0,1.0,,,1,1,1,13,True,,
saved_recomputed,validation_evidence/historical/representative-hardened.json,c130bffe3dc3673d6a2a5aa8916f577f1cf464462bee1b554806e375017775fb,legacy_v1_identity_not_recorded,unknown,unknown,not_recorded,lexical,question,reg_round_alteration_precedence,What takes precedence when the regulations are altered for a specific round?,pcc-australia-regulations,False,1,1,0,1.0,,,1,1,1,27,True,,
saved_recomputed,validation_evidence/historical/representative-hardened.json,c130bffe3dc3673d6a2a5aa8916f577f1cf464462bee1b554806e375017775fb,legacy_v1_identity_not_recorded,unknown,unknown,not_recorded,lexical,question,reg_driver_minimum_age,What is the minimum driver age?,pcc-australia-regulations,False,1,1,0,1.0,,,1,1,1,21,True,,
saved_recomputed,validation_evidence/historical/representative-hardened.json,c130bffe3dc3673d6a2a5aa8916f577f1cf464462bee1b554806e375017775fb,legacy_v1_identity_not_recorded,unknown,unknown,not_recorded,lexical,question,reg_2026_calendar,Which circuits are on the 2026 championship calendar?,pcc-australia-regulations,False,1,1,0,0.2,,,1,1,5,27,True,,
saved_recomputed,validation_evidence/historical/representative-hardened.json,c130bffe3dc3673d6a2a5aa8916f577f1cf464462bee1b554806e375017775fb,legacy_v1_identity_not_recorded,unknown,unknown,not_recorded,lexical,question,tyre_n3r_dimensions,What are the N3R tyre dimensions and recommended wheel width?,tyre-data,False,1,1,0,1.0,,,1,1,1,17,True,,
saved_recomputed,validation_evidence/historical/representative-hardened.json,c130bffe3dc3673d6a2a5aa8916f577f1cf464462bee1b554806e375017775fb,legacy_v1_identity_not_recorded,unknown,unknown,not_recorded,lexical,question,tyre_n3_rolling_circumference,What is the rolling circumference of the front N3 tyre?,tyre-data,False,1,1,0,1.0,,,1,1,1,17,True,,
saved_recomputed,validation_evidence/historical/representative-hardened.json,c130bffe3dc3673d6a2a5aa8916f577f1cf464462bee1b554806e375017775fb,legacy_v1_identity_not_recorded,unknown,unknown,not_recorded,lexical,question,tyre_shoulder_temperature_delta,What is the maximum temperature difference between the inside and outside tyre shoulders?,tyre-data,False,1,1,0,1.0,,,1,1,1,17,True,,
saved_recomputed,validation_evidence/historical/representative-hardened.json,c130bffe3dc3673d6a2a5aa8916f577f1cf464462bee1b554806e375017775fb,legacy_v1_identity_not_recorded,unknown,unknown,not_recorded,lexical,question,tyre_unlisted_track_recommendation,Which recommendation applies to tracks that are not specifically listed?,tyre-data,False,1,1,0,0.3333333333333333,,,1,1,3,14,True,,
saved_recomputed,validation_evidence/historical/representative-hardened.json,c130bffe3dc3673d6a2a5aa8916f577f1cf464462bee1b554806e375017775fb,legacy_v1_identity_not_recorded,unknown,unknown,not_recorded,lexical,question,tyre_n3r_standard_cold_pressure,What is the standard minimum cold pressure for the rear N3R tyre?,tyre-data,False,1,1,0,0.125,,,0,1,8,17,True,,miss_at_5
saved_recomputed,validation_evidence/historical/representative-hardened.json,c130bffe3dc3673d6a2a5aa8916f577f1cf464462bee1b554806e375017775fb,legacy_v1_identity_not_recorded,unknown,unknown,not_recorded,lexical,question,manual_intended_use,Is the Porsche 911 Cup 992 II designed for public-road driving?,porsche-technical-manual,False,1,1,0,1.0,,,1,1,1,12,True,,
saved_recomputed,validation_evidence/historical/representative-hardened.json,c130bffe3dc3673d6a2a5aa8916f577f1cf464462bee1b554806e375017775fb,legacy_v1_identity_not_recorded,unknown,unknown,not_recorded,lexical,question,manual_main_voltage_switch,Which switch position turns the main voltage supply on?,porsche-technical-manual,False,1,1,0,1.0,,,1,1,1,11,True,,
saved_recomputed,validation_evidence/historical/representative-hardened.json,c130bffe3dc3673d6a2a5aa8916f577f1cf464462bee1b554806e375017775fb,legacy_v1_identity_not_recorded,unknown,unknown,not_recorded,lexical,question,manual_fire_system_test,Why must the fire extinguisher system be tested in test mode?,porsche-technical-manual,False,1,1,0,1.0,,,1,1,1,12,True,,
saved_recomputed,validation_evidence/historical/representative-hardened.json,c130bffe3dc3673d6a2a5aa8916f577f1cf464462bee1b554806e375017775fb,legacy_v1_identity_not_recorded,unknown,unknown,not_recorded,lexical,question,failure_wrong_regulation_revision,What is a Joker Tyre?,unassigned,True,1,0,1,,,,,,,0,True,,
saved_recomputed,validation_evidence/historical/representative-hardened.json,c130bffe3dc3673d6a2a5aa8916f577f1cf464462bee1b554806e375017775fb,legacy_v1_identity_not_recorded,unknown,unknown,not_recorded,lexical,aggregate,,,ALL,,15,14,1,0.7970238095238095,,,0.9285714285714286,1.0,,,,,
saved_recomputed,validation_evidence/historical/representative-hardened.json,c130bffe3dc3673d6a2a5aa8916f577f1cf464462bee1b554806e375017775fb,legacy_v1_identity_not_recorded,unknown,unknown,not_recorded,lexical,family,,,pcc-australia-regulations,,6,6,0,0.7833333333333333,,,1.0,1.0,,,,,
saved_recomputed,validation_evidence/historical/representative-hardened.json,c130bffe3dc3673d6a2a5aa8916f577f1cf464462bee1b554806e375017775fb,legacy_v1_identity_not_recorded,unknown,unknown,not_recorded,lexical,family,,,porsche-technical-manual,,3,3,0,1.0,,,1.0,1.0,,,,,
saved_recomputed,validation_evidence/historical/representative-hardened.json,c130bffe3dc3673d6a2a5aa8916f577f1cf464462bee1b554806e375017775fb,legacy_v1_identity_not_recorded,unknown,unknown,not_recorded,lexical,family,,,tyre-data,,5,5,0,0.6916666666666667,,,0.8,1.0,,,,,
saved_recomputed,validation_evidence/historical/representative-hardened.json,c130bffe3dc3673d6a2a5aa8916f577f1cf464462bee1b554806e375017775fb,legacy_v1_identity_not_recorded,unknown,unknown,not_recorded,lexical,family,,,unassigned,,1,0,1,,,,,,,,,,
saved_recomputed,validation_evidence/historical/representative-hardened.json,c130bffe3dc3673d6a2a5aa8916f577f1cf464462bee1b554806e375017775fb,legacy_v1_identity_not_recorded,unknown,unknown,not_recorded,semantic,question,reg_joker_tyre_definition,What is a Joker Tyre?,pcc-australia-regulations,False,1,1,0,0.5,,,1,1,2,27,True,,
saved_recomputed,validation_evidence/historical/representative-hardened.json,c130bffe3dc3673d6a2a5aa8916f577f1cf464462bee1b554806e375017775fb,legacy_v1_identity_not_recorded,unknown,unknown,not_recorded,semantic,question,reg_control_component_requirement,Are control components mandatory?,pcc-australia-regulations,False,1,1,0,1.0,,,1,1,1,27,True,,
saved_recomputed,validation_evidence/historical/representative-hardened.json,c130bffe3dc3673d6a2a5aa8916f577f1cf464462bee1b554806e375017775fb,legacy_v1_identity_not_recorded,unknown,unknown,not_recorded,semantic,question,reg_slick_tyre_definition,Which regulation defines a slick tyre?,pcc-australia-regulations,False,1,1,0,1.0,,,1,1,1,27,True,,
saved_recomputed,validation_evidence/historical/representative-hardened.json,c130bffe3dc3673d6a2a5aa8916f577f1cf464462bee1b554806e375017775fb,legacy_v1_identity_not_recorded,unknown,unknown,not_recorded,semantic,question,reg_round_alteration_precedence,What takes precedence when the regulations are altered for a specific round?,pcc-australia-regulations,False,1,1,0,0.5,,,1,1,2,27,True,,
saved_recomputed,validation_evidence/historical/representative-hardened.json,c130bffe3dc3673d6a2a5aa8916f577f1cf464462bee1b554806e375017775fb,legacy_v1_identity_not_recorded,unknown,unknown,not_recorded,semantic,question,reg_driver_minimum_age,What is the minimum driver age?,pcc-australia-regulations,False,1,1,0,1.0,,,1,1,1,27,True,,
saved_recomputed,validation_evidence/historical/representative-hardened.json,c130bffe3dc3673d6a2a5aa8916f577f1cf464462bee1b554806e375017775fb,legacy_v1_identity_not_recorded,unknown,unknown,not_recorded,semantic,question,reg_2026_calendar,Which circuits are on the 2026 championship calendar?,pcc-australia-regulations,False,1,1,0,0.5,,,1,1,2,27,True,,
saved_recomputed,validation_evidence/historical/representative-hardened.json,c130bffe3dc3673d6a2a5aa8916f577f1cf464462bee1b554806e375017775fb,legacy_v1_identity_not_recorded,unknown,unknown,not_recorded,semantic,question,tyre_n3r_dimensions,What are the N3R tyre dimensions and recommended wheel width?,tyre-data,False,1,1,0,1.0,,,1,1,1,17,True,,
saved_recomputed,validation_evidence/historical/representative-hardened.json,c130bffe3dc3673d6a2a5aa8916f577f1cf464462bee1b554806e375017775fb,legacy_v1_identity_not_recorded,unknown,unknown,not_recorded,semantic,question,tyre_n3_rolling_circumference,What is the rolling circumference of the front N3 tyre?,tyre-data,False,1,1,0,1.0,,,1,1,1,17,True,,
saved_recomputed,validation_evidence/historical/representative-hardened.json,c130bffe3dc3673d6a2a5aa8916f577f1cf464462bee1b554806e375017775fb,legacy_v1_identity_not_recorded,unknown,unknown,not_recorded,semantic,question,tyre_shoulder_temperature_delta,What is the maximum temperature difference between the inside and outside tyre shoulders?,tyre-data,False,1,1,0,1.0,,,1,1,1,17,True,,
saved_recomputed,validation_evidence/historical/representative-hardened.json,c130bffe3dc3673d6a2a5aa8916f577f1cf464462bee1b554806e375017775fb,legacy_v1_identity_not_recorded,unknown,unknown,not_recorded,semantic,question,tyre_unlisted_track_recommendation,Which recommendation applies to tracks that are not specifically listed?,tyre-data,False,1,1,0,1.0,,,1,1,1,17,True,,
saved_recomputed,validation_evidence/historical/representative-hardened.json,c130bffe3dc3673d6a2a5aa8916f577f1cf464462bee1b554806e375017775fb,legacy_v1_identity_not_recorded,unknown,unknown,not_recorded,semantic,question,tyre_n3r_standard_cold_pressure,What is the standard minimum cold pressure for the rear N3R tyre?,tyre-data,False,1,1,0,0.5,,,1,1,2,17,True,,
saved_recomputed,validation_evidence/historical/representative-hardened.json,c130bffe3dc3673d6a2a5aa8916f577f1cf464462bee1b554806e375017775fb,legacy_v1_identity_not_recorded,unknown,unknown,not_recorded,semantic,question,manual_intended_use,Is the Porsche 911 Cup 992 II designed for public-road driving?,porsche-technical-manual,False,1,1,0,1.0,,,1,1,1,12,True,,
saved_recomputed,validation_evidence/historical/representative-hardened.json,c130bffe3dc3673d6a2a5aa8916f577f1cf464462bee1b554806e375017775fb,legacy_v1_identity_not_recorded,unknown,unknown,not_recorded,semantic,question,manual_main_voltage_switch,Which switch position turns the main voltage supply on?,porsche-technical-manual,False,1,1,0,1.0,,,1,1,1,12,True,,
saved_recomputed,validation_evidence/historical/representative-hardened.json,c130bffe3dc3673d6a2a5aa8916f577f1cf464462bee1b554806e375017775fb,legacy_v1_identity_not_recorded,unknown,unknown,not_recorded,semantic,question,manual_fire_system_test,Why must the fire extinguisher system be tested in test mode?,porsche-technical-manual,False,1,1,0,1.0,,,1,1,1,12,True,,
saved_recomputed,validation_evidence/historical/representative-hardened.json,c130bffe3dc3673d6a2a5aa8916f577f1cf464462bee1b554806e375017775fb,legacy_v1_identity_not_recorded,unknown,unknown,not_recorded,semantic,question,failure_wrong_regulation_revision,What is a Joker Tyre?,unassigned,True,1,0,1,,,,,,,0,True,,
saved_recomputed,validation_evidence/historical/representative-hardened.json,c130bffe3dc3673d6a2a5aa8916f577f1cf464462bee1b554806e375017775fb,legacy_v1_identity_not_recorded,unknown,unknown,not_recorded,semantic,aggregate,,,ALL,,15,14,1,0.8571428571428571,,,1.0,1.0,,,,,
saved_recomputed,validation_evidence/historical/representative-hardened.json,c130bffe3dc3673d6a2a5aa8916f577f1cf464462bee1b554806e375017775fb,legacy_v1_identity_not_recorded,unknown,unknown,not_recorded,semantic,family,,,pcc-australia-regulations,,6,6,0,0.75,,,1.0,1.0,,,,,
saved_recomputed,validation_evidence/historical/representative-hardened.json,c130bffe3dc3673d6a2a5aa8916f577f1cf464462bee1b554806e375017775fb,legacy_v1_identity_not_recorded,unknown,unknown,not_recorded,semantic,family,,,porsche-technical-manual,,3,3,0,1.0,,,1.0,1.0,,,,,
saved_recomputed,validation_evidence/historical/representative-hardened.json,c130bffe3dc3673d6a2a5aa8916f577f1cf464462bee1b554806e375017775fb,legacy_v1_identity_not_recorded,unknown,unknown,not_recorded,semantic,family,,,tyre-data,,5,5,0,0.9,,,1.0,1.0,,,,,
saved_recomputed,validation_evidence/historical/representative-hardened.json,c130bffe3dc3673d6a2a5aa8916f577f1cf464462bee1b554806e375017775fb,legacy_v1_identity_not_recorded,unknown,unknown,not_recorded,semantic,family,,,unassigned,,1,0,1,,,,,,,,,,
saved_recomputed,validation_evidence/historical/representative-hardened.json,c130bffe3dc3673d6a2a5aa8916f577f1cf464462bee1b554806e375017775fb,legacy_v1_identity_not_recorded,unknown,unknown,not_recorded,fused,question,reg_joker_tyre_definition,What is a Joker Tyre?,pcc-australia-regulations,False,1,1,0,0.5,,,1,1,2,27,True,,
saved_recomputed,validation_evidence/historical/representative-hardened.json,c130bffe3dc3673d6a2a5aa8916f577f1cf464462bee1b554806e375017775fb,legacy_v1_identity_not_recorded,unknown,unknown,not_recorded,fused,question,reg_control_component_requirement,Are control components mandatory?,pcc-australia-regulations,False,1,1,0,0.5,,,1,1,2,27,True,,
saved_recomputed,validation_evidence/historical/representative-hardened.json,c130bffe3dc3673d6a2a5aa8916f577f1cf464462bee1b554806e375017775fb,legacy_v1_identity_not_recorded,unknown,unknown,not_recorded,fused,question,reg_slick_tyre_definition,Which regulation defines a slick tyre?,pcc-australia-regulations,False,1,1,0,1.0,,,1,1,1,27,True,,
saved_recomputed,validation_evidence/historical/representative-hardened.json,c130bffe3dc3673d6a2a5aa8916f577f1cf464462bee1b554806e375017775fb,legacy_v1_identity_not_recorded,unknown,unknown,not_recorded,fused,question,reg_round_alteration_precedence,What takes precedence when the regulations are altered for a specific round?,pcc-australia-regulations,False,1,1,0,1.0,,,1,1,1,27,True,,
saved_recomputed,validation_evidence/historical/representative-hardened.json,c130bffe3dc3673d6a2a5aa8916f577f1cf464462bee1b554806e375017775fb,legacy_v1_identity_not_recorded,unknown,unknown,not_recorded,fused,question,reg_driver_minimum_age,What is the minimum driver age?,pcc-australia-regulations,False,1,1,0,1.0,,,1,1,1,27,True,,
saved_recomputed,validation_evidence/historical/representative-hardened.json,c130bffe3dc3673d6a2a5aa8916f577f1cf464462bee1b554806e375017775fb,legacy_v1_identity_not_recorded,unknown,unknown,not_recorded,fused,question,reg_2026_calendar,Which circuits are on the 2026 championship calendar?,pcc-australia-regulations,False,1,1,0,0.3333333333333333,,,1,1,3,27,True,,
saved_recomputed,validation_evidence/historical/representative-hardened.json,c130bffe3dc3673d6a2a5aa8916f577f1cf464462bee1b554806e375017775fb,legacy_v1_identity_not_recorded,unknown,unknown,not_recorded,fused,question,tyre_n3r_dimensions,What are the N3R tyre dimensions and recommended wheel width?,tyre-data,False,1,1,0,1.0,,,1,1,1,17,True,,
saved_recomputed,validation_evidence/historical/representative-hardened.json,c130bffe3dc3673d6a2a5aa8916f577f1cf464462bee1b554806e375017775fb,legacy_v1_identity_not_recorded,unknown,unknown,not_recorded,fused,question,tyre_n3_rolling_circumference,What is the rolling circumference of the front N3 tyre?,tyre-data,False,1,1,0,1.0,,,1,1,1,17,True,,
saved_recomputed,validation_evidence/historical/representative-hardened.json,c130bffe3dc3673d6a2a5aa8916f577f1cf464462bee1b554806e375017775fb,legacy_v1_identity_not_recorded,unknown,unknown,not_recorded,fused,question,tyre_shoulder_temperature_delta,What is the maximum temperature difference between the inside and outside tyre shoulders?,tyre-data,False,1,1,0,1.0,,,1,1,1,17,True,,
saved_recomputed,validation_evidence/historical/representative-hardened.json,c130bffe3dc3673d6a2a5aa8916f577f1cf464462bee1b554806e375017775fb,legacy_v1_identity_not_recorded,unknown,unknown,not_recorded,fused,question,tyre_unlisted_track_recommendation,Which recommendation applies to tracks that are not specifically listed?,tyre-data,False,1,1,0,0.5,,,1,1,2,17,True,,
saved_recomputed,validation_evidence/historical/representative-hardened.json,c130bffe3dc3673d6a2a5aa8916f577f1cf464462bee1b554806e375017775fb,legacy_v1_identity_not_recorded,unknown,unknown,not_recorded,fused,question,tyre_n3r_standard_cold_pressure,What is the standard minimum cold pressure for the rear N3R tyre?,tyre-data,False,1,1,0,0.3333333333333333,,,1,1,3,17,True,,
saved_recomputed,validation_evidence/historical/representative-hardened.json,c130bffe3dc3673d6a2a5aa8916f577f1cf464462bee1b554806e375017775fb,legacy_v1_identity_not_recorded,unknown,unknown,not_recorded,fused,question,manual_intended_use,Is the Porsche 911 Cup 992 II designed for public-road driving?,porsche-technical-manual,False,1,1,0,1.0,,,1,1,1,12,True,,
saved_recomputed,validation_evidence/historical/representative-hardened.json,c130bffe3dc3673d6a2a5aa8916f577f1cf464462bee1b554806e375017775fb,legacy_v1_identity_not_recorded,unknown,unknown,not_recorded,fused,question,manual_main_voltage_switch,Which switch position turns the main voltage supply on?,porsche-technical-manual,False,1,1,0,1.0,,,1,1,1,12,True,,
saved_recomputed,validation_evidence/historical/representative-hardened.json,c130bffe3dc3673d6a2a5aa8916f577f1cf464462bee1b554806e375017775fb,legacy_v1_identity_not_recorded,unknown,unknown,not_recorded,fused,question,manual_fire_system_test,Why must the fire extinguisher system be tested in test mode?,porsche-technical-manual,False,1,1,0,1.0,,,1,1,1,12,True,,
saved_recomputed,validation_evidence/historical/representative-hardened.json,c130bffe3dc3673d6a2a5aa8916f577f1cf464462bee1b554806e375017775fb,legacy_v1_identity_not_recorded,unknown,unknown,not_recorded,fused,question,failure_wrong_regulation_revision,What is a Joker Tyre?,unassigned,True,1,0,1,,,,,,,0,True,,
saved_recomputed,validation_evidence/historical/representative-hardened.json,c130bffe3dc3673d6a2a5aa8916f577f1cf464462bee1b554806e375017775fb,legacy_v1_identity_not_recorded,unknown,unknown,not_recorded,fused,aggregate,,,ALL,,15,14,1,0.7976190476190476,,,1.0,1.0,,,,,
saved_recomputed,validation_evidence/historical/representative-hardened.json,c130bffe3dc3673d6a2a5aa8916f577f1cf464462bee1b554806e375017775fb,legacy_v1_identity_not_recorded,unknown,unknown,not_recorded,fused,family,,,pcc-australia-regulations,,6,6,0,0.7222222222222222,,,1.0,1.0,,,,,
saved_recomputed,validation_evidence/historical/representative-hardened.json,c130bffe3dc3673d6a2a5aa8916f577f1cf464462bee1b554806e375017775fb,legacy_v1_identity_not_recorded,unknown,unknown,not_recorded,fused,family,,,porsche-technical-manual,,3,3,0,1.0,,,1.0,1.0,,,,,
saved_recomputed,validation_evidence/historical/representative-hardened.json,c130bffe3dc3673d6a2a5aa8916f577f1cf464462bee1b554806e375017775fb,legacy_v1_identity_not_recorded,unknown,unknown,not_recorded,fused,family,,,tyre-data,,5,5,0,0.7666666666666667,,,1.0,1.0,,,,,
saved_recomputed,validation_evidence/historical/representative-hardened.json,c130bffe3dc3673d6a2a5aa8916f577f1cf464462bee1b554806e375017775fb,legacy_v1_identity_not_recorded,unknown,unknown,not_recorded,fused,family,,,unassigned,,1,0,1,,,,,,,,,,
saved_recomputed,validation_evidence/historical/representative-hardened.json,c130bffe3dc3673d6a2a5aa8916f577f1cf464462bee1b554806e375017775fb,legacy_v1_identity_not_recorded,unknown,unknown,not_recorded,reranked,question,reg_joker_tyre_definition,What is a Joker Tyre?,pcc-australia-regulations,False,1,1,0,1.0,,,1,1,1,15,True,,
saved_recomputed,validation_evidence/historical/representative-hardened.json,c130bffe3dc3673d6a2a5aa8916f577f1cf464462bee1b554806e375017775fb,legacy_v1_identity_not_recorded,unknown,unknown,not_recorded,reranked,question,reg_control_component_requirement,Are control components mandatory?,pcc-australia-regulations,False,1,1,0,1.0,,,1,1,1,15,True,,
saved_recomputed,validation_evidence/historical/representative-hardened.json,c130bffe3dc3673d6a2a5aa8916f577f1cf464462bee1b554806e375017775fb,legacy_v1_identity_not_recorded,unknown,unknown,not_recorded,reranked,question,reg_slick_tyre_definition,Which regulation defines a slick tyre?,pcc-australia-regulations,False,1,1,0,1.0,,,1,1,1,15,True,,
saved_recomputed,validation_evidence/historical/representative-hardened.json,c130bffe3dc3673d6a2a5aa8916f577f1cf464462bee1b554806e375017775fb,legacy_v1_identity_not_recorded,unknown,unknown,not_recorded,reranked,question,reg_round_alteration_precedence,What takes precedence when the regulations are altered for a specific round?,pcc-australia-regulations,False,1,1,0,1.0,,,1,1,1,15,True,,
saved_recomputed,validation_evidence/historical/representative-hardened.json,c130bffe3dc3673d6a2a5aa8916f577f1cf464462bee1b554806e375017775fb,legacy_v1_identity_not_recorded,unknown,unknown,not_recorded,reranked,question,reg_driver_minimum_age,What is the minimum driver age?,pcc-australia-regulations,False,1,1,0,1.0,,,1,1,1,15,True,,
saved_recomputed,validation_evidence/historical/representative-hardened.json,c130bffe3dc3673d6a2a5aa8916f577f1cf464462bee1b554806e375017775fb,legacy_v1_identity_not_recorded,unknown,unknown,not_recorded,reranked,question,reg_2026_calendar,Which circuits are on the 2026 championship calendar?,pcc-australia-regulations,False,1,1,0,1.0,,,1,1,1,15,True,,
saved_recomputed,validation_evidence/historical/representative-hardened.json,c130bffe3dc3673d6a2a5aa8916f577f1cf464462bee1b554806e375017775fb,legacy_v1_identity_not_recorded,unknown,unknown,not_recorded,reranked,question,tyre_n3r_dimensions,What are the N3R tyre dimensions and recommended wheel width?,tyre-data,False,1,1,0,1.0,,,1,1,1,15,True,,
saved_recomputed,validation_evidence/historical/representative-hardened.json,c130bffe3dc3673d6a2a5aa8916f577f1cf464462bee1b554806e375017775fb,legacy_v1_identity_not_recorded,unknown,unknown,not_recorded,reranked,question,tyre_n3_rolling_circumference,What is the rolling circumference of the front N3 tyre?,tyre-data,False,1,1,0,1.0,,,1,1,1,15,True,,
saved_recomputed,validation_evidence/historical/representative-hardened.json,c130bffe3dc3673d6a2a5aa8916f577f1cf464462bee1b554806e375017775fb,legacy_v1_identity_not_recorded,unknown,unknown,not_recorded,reranked,question,tyre_shoulder_temperature_delta,What is the maximum temperature difference between the inside and outside tyre shoulders?,tyre-data,False,1,1,0,1.0,,,1,1,1,15,True,,
saved_recomputed,validation_evidence/historical/representative-hardened.json,c130bffe3dc3673d6a2a5aa8916f577f1cf464462bee1b554806e375017775fb,legacy_v1_identity_not_recorded,unknown,unknown,not_recorded,reranked,question,tyre_unlisted_track_recommendation,Which recommendation applies to tracks that are not specifically listed?,tyre-data,False,1,1,0,1.0,,,1,1,1,15,True,,
saved_recomputed,validation_evidence/historical/representative-hardened.json,c130bffe3dc3673d6a2a5aa8916f577f1cf464462bee1b554806e375017775fb,legacy_v1_identity_not_recorded,unknown,unknown,not_recorded,reranked,question,tyre_n3r_standard_cold_pressure,What is the standard minimum cold pressure for the rear N3R tyre?,tyre-data,False,1,1,0,1.0,,,1,1,1,15,True,,
saved_recomputed,validation_evidence/historical/representative-hardened.json,c130bffe3dc3673d6a2a5aa8916f577f1cf464462bee1b554806e375017775fb,legacy_v1_identity_not_recorded,unknown,unknown,not_recorded,reranked,question,manual_intended_use,Is the Porsche 911 Cup 992 II designed for public-road driving?,porsche-technical-manual,False,1,1,0,1.0,,,1,1,1,12,True,,
saved_recomputed,validation_evidence/historical/representative-hardened.json,c130bffe3dc3673d6a2a5aa8916f577f1cf464462bee1b554806e375017775fb,legacy_v1_identity_not_recorded,unknown,unknown,not_recorded,reranked,question,manual_main_voltage_switch,Which switch position turns the main voltage supply on?,porsche-technical-manual,False,1,1,0,1.0,,,1,1,1,12,True,,
saved_recomputed,validation_evidence/historical/representative-hardened.json,c130bffe3dc3673d6a2a5aa8916f577f1cf464462bee1b554806e375017775fb,legacy_v1_identity_not_recorded,unknown,unknown,not_recorded,reranked,question,manual_fire_system_test,Why must the fire extinguisher system be tested in test mode?,porsche-technical-manual,False,1,1,0,1.0,,,1,1,1,12,True,,
saved_recomputed,validation_evidence/historical/representative-hardened.json,c130bffe3dc3673d6a2a5aa8916f577f1cf464462bee1b554806e375017775fb,legacy_v1_identity_not_recorded,unknown,unknown,not_recorded,reranked,question,failure_wrong_regulation_revision,What is a Joker Tyre?,unassigned,True,1,0,1,,,,,,,0,True,,
saved_recomputed,validation_evidence/historical/representative-hardened.json,c130bffe3dc3673d6a2a5aa8916f577f1cf464462bee1b554806e375017775fb,legacy_v1_identity_not_recorded,unknown,unknown,not_recorded,reranked,aggregate,,,ALL,,15,14,1,1.0,,,1.0,1.0,,,,,
saved_recomputed,validation_evidence/historical/representative-hardened.json,c130bffe3dc3673d6a2a5aa8916f577f1cf464462bee1b554806e375017775fb,legacy_v1_identity_not_recorded,unknown,unknown,not_recorded,reranked,family,,,pcc-australia-regulations,,6,6,0,1.0,,,1.0,1.0,,,,,
saved_recomputed,validation_evidence/historical/representative-hardened.json,c130bffe3dc3673d6a2a5aa8916f577f1cf464462bee1b554806e375017775fb,legacy_v1_identity_not_recorded,unknown,unknown,not_recorded,reranked,family,,,porsche-technical-manual,,3,3,0,1.0,,,1.0,1.0,,,,,
saved_recomputed,validation_evidence/historical/representative-hardened.json,c130bffe3dc3673d6a2a5aa8916f577f1cf464462bee1b554806e375017775fb,legacy_v1_identity_not_recorded,unknown,unknown,not_recorded,reranked,family,,,tyre-data,,5,5,0,1.0,,,1.0,1.0,,,,,
saved_recomputed,validation_evidence/historical/representative-hardened.json,c130bffe3dc3673d6a2a5aa8916f577f1cf464462bee1b554806e375017775fb,legacy_v1_identity_not_recorded,unknown,unknown,not_recorded,reranked,family,,,unassigned,,1,0,1,,,,,,,,,,
